idproduto,referencia,curva_abc,ano,mes,qtd
10464,503303,A,2026,7,89
10464,503303,A,2026,8,109
10464,503303,A,2026,9,119
10464,503303,A,2026,10,89
10464,503303,A,2026,11,59
10476,503303,A,2026,7,95
10476,503303,A,2026,8,101
10476,503303,A,2026,9,140
10476,503303,A,2026,10,94
10476,503303,A,2026,11,62
10477,503303,A,2026,7,149
10477,503303,A,2026,8,167
10477,503303,A,2026,9,207
10477,503303,A,2026,10,149
10477,503303,A,2026,11,88
10478,503303,A,2026,7,128
10478,503303,A,2026,8,155
10478,503303,A,2026,9,207
10478,503303,A,2026,10,94
10478,503303,A,2026,11,87
10480,503303,A,2026,7,57
10480,503303,A,2026,8,49
10480,503303,A,2026,9,226
10480,503303,A,2026,10,78
10480,503303,A,2026,11,48
10481,503303,A,2026,7,101
10481,503303,A,2026,8,83
10481,503303,A,2026,9,239
10481,503303,A,2026,10,74
10481,503303,A,2026,11,60
10482,503303,A,2026,7,80
10482,503303,A,2026,8,79
10482,503303,A,2026,9,244
10482,503303,A,2026,10,59
10482,503303,A,2026,11,40
10483,503303,A,2026,7,52
10483,503303,A,2026,8,53
10483,503303,A,2026,9,222
10483,503303,A,2026,10,69
10483,503303,A,2026,11,36
10494,503400,B,2026,7,76
10494,503400,B,2026,8,98
10494,503400,B,2026,9,215
10494,503400,B,2026,10,105
10494,503400,B,2026,11,45
10495,503400,B,2026,7,136
10495,503400,B,2026,8,136
10495,503400,B,2026,9,383
10495,503400,B,2026,10,148
10495,503400,B,2026,11,63
10496,503400,B,2026,7,94
10496,503400,B,2026,8,120
10496,503400,B,2026,9,301
10496,503400,B,2026,10,128
10496,503400,B,2026,11,60
10786,503810,D,2026,7,19
10786,503810,D,2026,8,28
10786,503810,D,2026,9,39
10786,503810,D,2026,10,19
10786,503810,D,2026,11,11
10787,503810,D,2026,7,37
10787,503810,D,2026,8,56
10787,503810,D,2026,9,79
10787,503810,D,2026,10,37
10787,503810,D,2026,11,22
10788,503810,D,2026,7,39
10788,503810,D,2026,8,58
10788,503810,D,2026,9,82
10788,503810,D,2026,10,39
10788,503810,D,2026,11,23
13561,703001,B,2026,7,40
13561,703001,B,2026,8,55
13561,703001,B,2026,9,62
13561,703001,B,2026,10,98
13561,703001,B,2026,11,43
13562,703001,B,2026,7,25
13562,703001,B,2026,8,50
13562,703001,B,2026,9,64
13562,703001,B,2026,10,69
13562,703001,B,2026,11,36
13576,703001,B,2026,7,55
13576,703001,B,2026,8,65
13576,703001,B,2026,9,93
13576,703001,B,2026,10,99
13576,703001,B,2026,11,58
13586,703001,B,2026,7,97
13586,703001,B,2026,8,137
13586,703001,B,2026,9,152
13586,703001,B,2026,10,196
13586,703001,B,2026,11,92
13587,703001,B,2026,7,95
13587,703001,B,2026,8,149
13587,703001,B,2026,9,120
13587,703001,B,2026,10,186
13587,703001,B,2026,11,94
13588,703001,B,2026,7,50
13588,703001,B,2026,8,77
13588,703001,B,2026,9,84
13588,703001,B,2026,10,125
13588,703001,B,2026,11,61
13589,703001,B,2026,7,30
13589,703001,B,2026,8,63
13589,703001,B,2026,9,64
13589,703001,B,2026,10,98
13589,703001,B,2026,11,49
13595,703001,B,2026,7,68
13595,703001,B,2026,8,92
13595,703001,B,2026,9,97
13595,703001,B,2026,10,122
13595,703001,B,2026,11,73
16030,703302,C,2026,7,17
16030,703302,C,2026,8,35
16030,703302,C,2026,9,32
16030,703302,C,2026,10,31
16030,703302,C,2026,11,34
16031,703302,C,2026,7,21
16031,703302,C,2026,8,45
16031,703302,C,2026,9,40
16031,703302,C,2026,10,39
16031,703302,C,2026,11,43
16032,703302,C,2026,7,19
16032,703302,C,2026,8,40
16032,703302,C,2026,9,37
16032,703302,C,2026,10,36
16032,703302,C,2026,11,39
16033,703302,C,2026,7,15
16033,703302,C,2026,8,31
16033,703302,C,2026,9,28
16033,703302,C,2026,10,27
16033,703302,C,2026,11,30
16034,703302,C,2026,7,16
16034,703302,C,2026,8,33
16034,703302,C,2026,9,30
16034,703302,C,2026,10,29
16034,703302,C,2026,11,32
16035,703302,C,2026,7,17
16035,703302,C,2026,8,35
16035,703302,C,2026,9,31
16035,703302,C,2026,10,30
16035,703302,C,2026,11,33
16036,703302,C,2026,7,14
16036,703302,C,2026,8,29
16036,703302,C,2026,9,26
16036,703302,C,2026,10,25
16036,703302,C,2026,11,28
16037,703302,C,2026,7,11
16037,703302,C,2026,8,23
16037,703302,C,2026,9,21
16037,703302,C,2026,10,20
16037,703302,C,2026,11,22
16042,703008,B,2026,7,22
16042,703008,B,2026,8,50
16042,703008,B,2026,9,61
16042,703008,B,2026,10,61
16042,703008,B,2026,11,30
16043,703008,B,2026,7,34
16043,703008,B,2026,8,58
16043,703008,B,2026,9,57
16043,703008,B,2026,10,70
16043,703008,B,2026,11,40
16044,703008,B,2026,7,22
16044,703008,B,2026,8,31
16044,703008,B,2026,9,43
16044,703008,B,2026,10,60
16044,703008,B,2026,11,34
16045,703008,B,2026,7,15
16045,703008,B,2026,8,22
16045,703008,B,2026,9,31
16045,703008,B,2026,10,51
16045,703008,B,2026,11,32
16046,703008,B,2026,7,40
16046,703008,B,2026,8,71
16046,703008,B,2026,9,82
16046,703008,B,2026,10,96
16046,703008,B,2026,11,63
16047,703008,B,2026,7,54
16047,703008,B,2026,8,78
16047,703008,B,2026,9,89
16047,703008,B,2026,10,138
16047,703008,B,2026,11,78
16048,703008,B,2026,7,41
16048,703008,B,2026,8,45
16048,703008,B,2026,9,64
16048,703008,B,2026,10,92
16048,703008,B,2026,11,41
16049,703008,B,2026,7,20
16049,703008,B,2026,8,32
16049,703008,B,2026,9,42
16049,703008,B,2026,10,64
16049,703008,B,2026,11,42
16050,703602,B,2026,7,20
16050,703602,B,2026,8,36
16050,703602,B,2026,9,34
16050,703602,B,2026,10,60
16050,703602,B,2026,11,39
16051,703602,B,2026,7,27
16051,703602,B,2026,8,60
16051,703602,B,2026,9,33
16051,703602,B,2026,10,80
16051,703602,B,2026,11,40
16052,703602,B,2026,7,26
16052,703602,B,2026,8,50
16052,703602,B,2026,9,28
16052,703602,B,2026,10,67
16052,703602,B,2026,11,41
16053,703602,B,2026,7,39
16053,703602,B,2026,8,76
16053,703602,B,2026,9,80
16053,703602,B,2026,10,126
16053,703602,B,2026,11,70
16054,703602,B,2026,7,57
16054,703602,B,2026,8,98
16054,703602,B,2026,9,90
16054,703602,B,2026,10,160
16054,703602,B,2026,11,95
16055,703602,B,2026,7,52
16055,703602,B,2026,8,72
16055,703602,B,2026,9,77
16055,703602,B,2026,10,130
16055,703602,B,2026,11,85
16056,703402,C,2026,7,25
16056,703402,C,2026,8,51
16056,703402,C,2026,9,46
16056,703402,C,2026,10,45
16056,703402,C,2026,11,49
16057,703402,C,2026,7,31
16057,703402,C,2026,8,64
16057,703402,C,2026,9,58
16057,703402,C,2026,10,57
16057,703402,C,2026,11,62
16058,703402,C,2026,7,25
16058,703402,C,2026,8,51
16058,703402,C,2026,9,46
16058,703402,C,2026,10,45
16058,703402,C,2026,11,49
16059,703402,C,2026,7,18
16059,703402,C,2026,8,38
16059,703402,C,2026,9,35
16059,703402,C,2026,10,34
16059,703402,C,2026,11,37
16064,703402,C,2026,7,35
16064,703402,C,2026,8,72
16064,703402,C,2026,9,65
16064,703402,C,2026,10,63
16064,703402,C,2026,11,69
16065,703402,C,2026,7,39
16065,703402,C,2026,8,81
16065,703402,C,2026,9,73
16065,703402,C,2026,10,71
16065,703402,C,2026,11,78
16066,703402,C,2026,7,28
16066,703402,C,2026,8,58
16066,703402,C,2026,9,53
16066,703402,C,2026,10,51
16066,703402,C,2026,11,56
16067,703402,C,2026,7,21
16067,703402,C,2026,8,44
16067,703402,C,2026,9,40
16067,703402,C,2026,10,39
16067,703402,C,2026,11,43
16433,301701,A,2026,7,129
16433,301701,A,2026,8,113
16433,301701,A,2026,9,226
16433,301701,A,2026,10,210
16433,301701,A,2026,11,95
16434,301701,A,2026,7,206
16434,301701,A,2026,8,168
16434,301701,A,2026,9,320
16434,301701,A,2026,10,307
16434,301701,A,2026,11,168
16435,301701,A,2026,7,161
16435,301701,A,2026,8,126
16435,301701,A,2026,9,238
16435,301701,A,2026,10,226
16435,301701,A,2026,11,130
16437,301701,A,2026,7,266
16437,301701,A,2026,8,173
16437,301701,A,2026,9,355
16437,301701,A,2026,10,365
16437,301701,A,2026,11,156
16438,301701,A,2026,7,409
16438,301701,A,2026,8,302
16438,301701,A,2026,9,585
16438,301701,A,2026,10,596
16438,301701,A,2026,11,254
16439,301701,A,2026,7,279
16439,301701,A,2026,8,196
16439,301701,A,2026,9,384
16439,301701,A,2026,10,384
16439,301701,A,2026,11,160
16440,301701,A,2026,7,28
16440,301701,A,2026,8,8
16440,301701,A,2026,9,15
16440,301701,A,2026,10,38
16440,301701,A,2026,11,114
16441,301701,A,2026,7,386
16441,301701,A,2026,8,196
16441,301701,A,2026,9,364
16441,301701,A,2026,10,478
16441,301701,A,2026,11,204
16442,301701,A,2026,7,552
16442,301701,A,2026,8,322
16442,301701,A,2026,9,604
16442,301701,A,2026,10,743
16442,301701,A,2026,11,330
16443,301701,A,2026,7,289
16443,301701,A,2026,8,184
16443,301701,A,2026,9,335
16443,301701,A,2026,10,419
16443,301701,A,2026,11,180
16444,301701,A,2026,7,23
16444,301701,A,2026,8,6
16444,301701,A,2026,9,49
16444,301701,A,2026,10,191
16444,301701,A,2026,11,186
16453,301103,A,2026,7,108
16453,301103,A,2026,8,72
16453,301103,A,2026,9,135
16453,301103,A,2026,10,178
16453,301103,A,2026,11,111
16454,301103,A,2026,7,222
16454,301103,A,2026,8,182
16454,301103,A,2026,9,288
16454,301103,A,2026,10,330
16454,301103,A,2026,11,175
16455,301103,A,2026,7,151
16455,301103,A,2026,8,107
16455,301103,A,2026,9,201
16455,301103,A,2026,10,204
16455,301103,A,2026,11,128
16456,301103,A,2026,7,58
16456,301103,A,2026,8,38
16456,301103,A,2026,9,82
16456,301103,A,2026,10,108
16456,301103,A,2026,11,48
16457,301103,A,2026,7,297
16457,301103,A,2026,8,189
16457,301103,A,2026,9,347
16457,301103,A,2026,10,399
16457,301103,A,2026,11,171
16458,301103,A,2026,7,566
16458,301103,A,2026,8,429
16458,301103,A,2026,9,676
16458,301103,A,2026,10,728
16458,301103,A,2026,11,336
16459,301103,A,2026,7,392
16459,301103,A,2026,8,276
16459,301103,A,2026,9,517
16459,301103,A,2026,10,535
16459,301103,A,2026,11,239
16460,301103,A,2026,7,152
16460,301103,A,2026,8,88
16460,301103,A,2026,9,214
16460,301103,A,2026,10,230
16460,301103,A,2026,11,92
16461,301103,A,2026,7,394
16461,301103,A,2026,8,266
16461,301103,A,2026,9,424
16461,301103,A,2026,10,532
16461,301103,A,2026,11,243
16462,301103,A,2026,7,636
16462,301103,A,2026,8,497
16462,301103,A,2026,9,734
16462,301103,A,2026,10,909
16462,301103,A,2026,11,409
16463,301103,A,2026,7,485
16463,301103,A,2026,8,333
16463,301103,A,2026,9,589
16463,301103,A,2026,10,642
16463,301103,A,2026,11,345
16464,301103,A,2026,7,153
16464,301103,A,2026,8,92
16464,301103,A,2026,9,218
16464,301103,A,2026,10,254
16464,301103,A,2026,11,102
16664,703008,B,2026,7,20
16664,703008,B,2026,8,28
16664,703008,B,2026,9,38
16664,703008,B,2026,10,41
16664,703008,B,2026,11,31
16665,703008,B,2026,7,25
16665,703008,B,2026,8,26
16665,703008,B,2026,9,40
16665,703008,B,2026,10,49
16665,703008,B,2026,11,32
16666,703008,B,2026,7,17
16666,703008,B,2026,8,25
16666,703008,B,2026,9,39
16666,703008,B,2026,10,38
16666,703008,B,2026,11,27
16667,703008,B,2026,7,11
16667,703008,B,2026,8,20
16667,703008,B,2026,9,31
16667,703008,B,2026,10,31
16667,703008,B,2026,11,17
16695,411301,B,2026,7,25
16695,411301,B,2026,8,17
16695,411301,B,2026,9,56
16695,411301,B,2026,10,43
16695,411301,B,2026,11,24
16696,411301,B,2026,7,50
16696,411301,B,2026,8,18
16696,411301,B,2026,9,60
16696,411301,B,2026,10,39
16696,411301,B,2026,11,19
16697,411301,B,2026,7,47
16697,411301,B,2026,8,19
16697,411301,B,2026,9,42
16697,411301,B,2026,10,36
16697,411301,B,2026,11,20
16699,411301,B,2026,7,28
16699,411301,B,2026,8,26
16699,411301,B,2026,9,55
16699,411301,B,2026,10,45
16699,411301,B,2026,11,36
16700,411301,B,2026,7,34
16700,411301,B,2026,8,25
16700,411301,B,2026,9,61
16700,411301,B,2026,10,59
16700,411301,B,2026,11,36
16701,411301,B,2026,7,32
16701,411301,B,2026,8,16
16701,411301,B,2026,9,43
16701,411301,B,2026,10,45
16701,411301,B,2026,11,33
16713,302003,A,2026,7,193
16713,302003,A,2026,8,168
16713,302003,A,2026,9,312
16713,302003,A,2026,10,262
16713,302003,A,2026,11,225
16714,302003,A,2026,7,361
16714,302003,A,2026,8,331
16714,302003,A,2026,9,561
16714,302003,A,2026,10,457
16714,302003,A,2026,11,419
16715,302003,A,2026,7,316
16715,302003,A,2026,8,316
16715,302003,A,2026,9,532
16715,302003,A,2026,10,398
16715,302003,A,2026,11,363
16716,302003,A,2026,7,154
16716,302003,A,2026,8,194
16716,302003,A,2026,9,331
16716,302003,A,2026,10,241
16716,302003,A,2026,11,211
16748,301502,A,2026,7,47
16748,301502,A,2026,8,37
16748,301502,A,2026,9,38
16748,301502,A,2026,10,39
16748,301502,A,2026,11,18
16749,301502,A,2026,7,85
16749,301502,A,2026,8,77
16749,301502,A,2026,9,103
16749,301502,A,2026,10,152
16749,301502,A,2026,11,51
16750,301502,A,2026,7,91
16750,301502,A,2026,8,82
16750,301502,A,2026,9,83
16750,301502,A,2026,10,147
16750,301502,A,2026,11,42
16751,301502,A,2026,7,57
16751,301502,A,2026,8,42
16751,301502,A,2026,9,63
16751,301502,A,2026,10,74
16751,301502,A,2026,11,20
16756,301502,A,2026,7,78
16756,301502,A,2026,8,46
16756,301502,A,2026,9,53
16756,301502,A,2026,10,62
16756,301502,A,2026,11,19
16757,301502,A,2026,7,156
16757,301502,A,2026,8,105
16757,301502,A,2026,9,158
16757,301502,A,2026,10,235
16757,301502,A,2026,11,96
16758,301502,A,2026,7,162
16758,301502,A,2026,8,124
16758,301502,A,2026,9,182
16758,301502,A,2026,10,241
16758,301502,A,2026,11,91
16759,301502,A,2026,7,100
16759,301502,A,2026,8,59
16759,301502,A,2026,9,98
16759,301502,A,2026,10,130
16759,301502,A,2026,11,41
16855,301701,A,2026,7,176
16855,301701,A,2026,8,106
16855,301701,A,2026,9,242
16855,301701,A,2026,10,198
16855,301701,A,2026,11,86
16856,301701,A,2026,7,281
16856,301701,A,2026,8,178
16856,301701,A,2026,9,336
16856,301701,A,2026,10,418
16856,301701,A,2026,11,185
16857,301701,A,2026,7,181
16857,301701,A,2026,8,112
16857,301701,A,2026,9,220
16857,301701,A,2026,10,191
16857,301701,A,2026,11,77
16863,301502,A,2026,7,46
16863,301502,A,2026,8,37
16863,301502,A,2026,9,37
16863,301502,A,2026,10,35
16863,301502,A,2026,11,9
16864,301502,A,2026,7,97
16864,301502,A,2026,8,72
16864,301502,A,2026,9,76
16864,301502,A,2026,10,127
16864,301502,A,2026,11,45
16865,301502,A,2026,7,76
16865,301502,A,2026,8,83
16865,301502,A,2026,9,65
16865,301502,A,2026,10,123
16865,301502,A,2026,11,40
16866,301502,A,2026,7,72
16866,301502,A,2026,8,51
16866,301502,A,2026,9,41
16866,301502,A,2026,10,64
16866,301502,A,2026,11,13
16879,301103,A,2026,7,218
16879,301103,A,2026,8,118
16879,301103,A,2026,9,236
16879,301103,A,2026,10,265
16879,301103,A,2026,11,145
16880,301103,A,2026,7,431
16880,301103,A,2026,8,292
16880,301103,A,2026,9,531
16880,301103,A,2026,10,543
16880,301103,A,2026,11,306
16881,301103,A,2026,7,255
16881,301103,A,2026,8,160
16881,301103,A,2026,9,336
16881,301103,A,2026,10,332
16881,301103,A,2026,11,173
16882,301103,A,2026,7,90
16882,301103,A,2026,8,50
16882,301103,A,2026,9,120
16882,301103,A,2026,10,111
16882,301103,A,2026,11,45
16912,303600,B,2026,7,32
16912,303600,B,2026,8,28
16912,303600,B,2026,9,43
16912,303600,B,2026,10,32
16912,303600,B,2026,11,19
16913,303600,B,2026,7,40
16913,303600,B,2026,8,33
16913,303600,B,2026,9,62
16913,303600,B,2026,10,55
16913,303600,B,2026,11,30
16914,303600,B,2026,7,40
16914,303600,B,2026,8,22
16914,303600,B,2026,9,51
16914,303600,B,2026,10,43
16914,303600,B,2026,11,30
16915,303600,B,2026,7,22
16915,303600,B,2026,8,13
16915,303600,B,2026,9,29
16915,303600,B,2026,10,26
16915,303600,B,2026,11,20
16916,303600,B,2026,7,20
16916,303600,B,2026,8,6
16916,303600,B,2026,9,21
16916,303600,B,2026,10,10
16916,303600,B,2026,11,13
16917,303600,B,2026,7,26
16917,303600,B,2026,8,9
16917,303600,B,2026,9,21
16917,303600,B,2026,10,11
16917,303600,B,2026,11,10
16918,303600,B,2026,7,27
16918,303600,B,2026,8,10
16918,303600,B,2026,9,27
16918,303600,B,2026,10,10
16918,303600,B,2026,11,16
16919,303600,B,2026,7,15
16919,303600,B,2026,8,9
16919,303600,B,2026,9,28
16919,303600,B,2026,10,10
16919,303600,B,2026,11,15
16933,703001,B,2026,7,31
16933,703001,B,2026,8,56
16933,703001,B,2026,9,66
16933,703001,B,2026,10,65
16933,703001,B,2026,11,34
16934,703001,B,2026,7,32
16934,703001,B,2026,8,51
16934,703001,B,2026,9,66
16934,703001,B,2026,10,76
16934,703001,B,2026,11,33
16935,703001,B,2026,7,17
16935,703001,B,2026,8,34
16935,703001,B,2026,9,41
16935,703001,B,2026,10,56
16935,703001,B,2026,11,22
16936,703001,B,2026,7,13
16936,703001,B,2026,8,28
16936,703001,B,2026,9,32
16936,703001,B,2026,10,35
16936,703001,B,2026,11,21
17581,501003,B,2026,7,33
17581,501003,B,2026,8,59
17581,501003,B,2026,9,79
17581,501003,B,2026,10,54
17581,501003,B,2026,11,40
17582,501003,B,2026,7,88
17582,501003,B,2026,8,116
17582,501003,B,2026,9,134
17582,501003,B,2026,10,117
17582,501003,B,2026,11,89
17583,501003,B,2026,7,71
17583,501003,B,2026,8,97
17583,501003,B,2026,9,115
17583,501003,B,2026,10,119
17583,501003,B,2026,11,69
17585,501003,B,2026,7,18
17585,501003,B,2026,8,26
17585,501003,B,2026,9,135
17585,501003,B,2026,10,50
17585,501003,B,2026,11,30
17586,501003,B,2026,7,38
17586,501003,B,2026,8,50
17586,501003,B,2026,9,204
17586,501003,B,2026,10,88
17586,501003,B,2026,11,54
17587,501003,B,2026,7,28
17587,501003,B,2026,8,44
17587,501003,B,2026,9,206
17587,501003,B,2026,10,72
17587,501003,B,2026,11,54
17626,402102,C,2026,7,66
17626,402102,C,2026,8,61
17626,402102,C,2026,9,89
17626,402102,C,2026,10,87
17626,402102,C,2026,11,58
17627,402102,C,2026,7,73
17627,402102,C,2026,8,67
17627,402102,C,2026,9,99
17627,402102,C,2026,10,97
17627,402102,C,2026,11,65
17628,402102,C,2026,7,55
17628,402102,C,2026,8,51
17628,402102,C,2026,9,75
17628,402102,C,2026,10,73
17628,402102,C,2026,11,49
17681,201702,A,2026,7,42
17681,201702,A,2026,8,56
17681,201702,A,2026,9,76
17681,201702,A,2026,10,74
17681,201702,A,2026,11,61
17682,201702,A,2026,7,112
17682,201702,A,2026,8,107
17682,201702,A,2026,9,166
17682,201702,A,2026,10,169
17682,201702,A,2026,11,119
17683,201702,A,2026,7,129
17683,201702,A,2026,8,114
17683,201702,A,2026,9,162
17683,201702,A,2026,10,183
17683,201702,A,2026,11,99
17684,201702,A,2026,7,108
17684,201702,A,2026,8,120
17684,201702,A,2026,9,178
17684,201702,A,2026,10,163
17684,201702,A,2026,11,103
17685,201702,A,2026,7,357
17685,201702,A,2026,8,299
17685,201702,A,2026,9,512
17685,201702,A,2026,10,461
17685,201702,A,2026,11,227
17686,201702,A,2026,7,378
17686,201702,A,2026,8,326
17686,201702,A,2026,9,515
17686,201702,A,2026,10,502
17686,201702,A,2026,11,267
17687,201702,A,2026,7,54
17687,201702,A,2026,8,86
17687,201702,A,2026,9,126
17687,201702,A,2026,10,78
17687,201702,A,2026,11,87
17688,201702,A,2026,7,226
17688,201702,A,2026,8,238
17688,201702,A,2026,9,338
17688,201702,A,2026,10,278
17688,201702,A,2026,11,189
17689,201702,A,2026,7,151
17689,201702,A,2026,8,205
17689,201702,A,2026,9,300
17689,201702,A,2026,10,240
17689,201702,A,2026,11,180
17690,201702,A,2026,7,88
17690,201702,A,2026,8,123
17690,201702,A,2026,9,179
17690,201702,A,2026,10,176
17690,201702,A,2026,11,136
17691,201702,A,2026,7,406
17691,201702,A,2026,8,371
17691,201702,A,2026,9,498
17691,201702,A,2026,10,520
17691,201702,A,2026,11,241
17692,201702,A,2026,7,281
17692,201702,A,2026,8,329
17692,201702,A,2026,9,476
17692,201702,A,2026,10,447
17692,201702,A,2026,11,285
17748,503400,B,2026,7,47
17748,503400,B,2026,8,62
17748,503400,B,2026,9,71
17748,503400,B,2026,10,12
17748,503400,B,2026,11,4
17749,503400,B,2026,7,70
17749,503400,B,2026,8,97
17749,503400,B,2026,9,104
17749,503400,B,2026,10,19
17749,503400,B,2026,11,7
17750,503400,B,2026,7,77
17750,503400,B,2026,8,79
17750,503400,B,2026,9,89
17750,503400,B,2026,10,15
17750,503400,B,2026,11,8
17766,501000,C,2026,7,14
17766,501000,C,2026,8,20
17766,501000,C,2026,9,29
17766,501000,C,2026,10,14
17766,501000,C,2026,11,8
17767,501000,C,2026,7,25
17767,501000,C,2026,8,38
17767,501000,C,2026,9,53
17767,501000,C,2026,10,25
17767,501000,C,2026,11,15
17768,501000,C,2026,7,21
17768,501000,C,2026,8,31
17768,501000,C,2026,9,43
17768,501000,C,2026,10,21
17768,501000,C,2026,11,12
17988,411301,B,2026,7,28
17988,411301,B,2026,8,17
17988,411301,B,2026,9,67
17988,411301,B,2026,10,66
17988,411301,B,2026,11,35
17989,411301,B,2026,7,44
17989,411301,B,2026,8,22
17989,411301,B,2026,9,70
17989,411301,B,2026,10,66
17989,411301,B,2026,11,36
17990,411301,B,2026,7,48
17990,411301,B,2026,8,20
17990,411301,B,2026,9,50
17990,411301,B,2026,10,52
17990,411301,B,2026,11,24
18030,103008,B,2026,7,36
18030,103008,B,2026,8,31
18030,103008,B,2026,9,40
18030,103008,B,2026,10,39
18030,103008,B,2026,11,12
18031,103008,B,2026,7,41
18031,103008,B,2026,8,49
18031,103008,B,2026,9,64
18031,103008,B,2026,10,35
18031,103008,B,2026,11,20
18032,103008,B,2026,7,57
18032,103008,B,2026,8,43
18032,103008,B,2026,9,78
18032,103008,B,2026,10,45
18032,103008,B,2026,11,21
18033,103008,B,2026,7,39
18033,103008,B,2026,8,38
18033,103008,B,2026,9,60
18033,103008,B,2026,10,37
18033,103008,B,2026,11,18
18034,103008,B,2026,7,43
18034,103008,B,2026,8,44
18034,103008,B,2026,9,71
18034,103008,B,2026,10,72
18034,103008,B,2026,11,29
18035,103008,B,2026,7,71
18035,103008,B,2026,8,68
18035,103008,B,2026,9,105
18035,103008,B,2026,10,100
18035,103008,B,2026,11,44
18036,103008,B,2026,7,71
18036,103008,B,2026,8,62
18036,103008,B,2026,9,104
18036,103008,B,2026,10,107
18036,103008,B,2026,11,37
18037,103008,B,2026,7,41
18037,103008,B,2026,8,43
18037,103008,B,2026,9,83
18037,103008,B,2026,10,66
18037,103008,B,2026,11,31
18038,103008,B,2026,7,30
18038,103008,B,2026,8,31
18038,103008,B,2026,9,42
18038,103008,B,2026,10,57
18038,103008,B,2026,11,14
18039,103008,B,2026,7,38
18039,103008,B,2026,8,40
18039,103008,B,2026,9,55
18039,103008,B,2026,10,55
18039,103008,B,2026,11,29
18040,103008,B,2026,7,54
18040,103008,B,2026,8,36
18040,103008,B,2026,9,63
18040,103008,B,2026,10,55
18040,103008,B,2026,11,19
18041,103008,B,2026,7,29
18041,103008,B,2026,8,35
18041,103008,B,2026,9,49
18041,103008,B,2026,10,51
18041,103008,B,2026,11,17
18058,103009,A,2026,7,79
18058,103009,A,2026,8,157
18058,103009,A,2026,9,179
18058,103009,A,2026,10,127
18058,103009,A,2026,11,109
18059,103009,A,2026,7,190
18059,103009,A,2026,8,291
18059,103009,A,2026,9,370
18059,103009,A,2026,10,314
18059,103009,A,2026,11,189
18060,103009,A,2026,7,232
18060,103009,A,2026,8,343
18060,103009,A,2026,9,443
18060,103009,A,2026,10,382
18060,103009,A,2026,11,194
18061,103009,A,2026,7,159
18061,103009,A,2026,8,230
18061,103009,A,2026,9,350
18061,103009,A,2026,10,353
18061,103009,A,2026,11,160
18062,103009,A,2026,7,119
18062,103009,A,2026,8,170
18062,103009,A,2026,9,220
18062,103009,A,2026,10,201
18062,103009,A,2026,11,99
18063,103009,A,2026,7,323
18063,103009,A,2026,8,411
18063,103009,A,2026,9,538
18063,103009,A,2026,10,498
18063,103009,A,2026,11,301
18064,103009,A,2026,7,344
18064,103009,A,2026,8,485
18064,103009,A,2026,9,580
18064,103009,A,2026,10,647
18064,103009,A,2026,11,382
18065,103009,A,2026,7,252
18065,103009,A,2026,8,323
18065,103009,A,2026,9,477
18065,103009,A,2026,10,498
18065,103009,A,2026,11,249
18066,103009,A,2026,7,55
18066,103009,A,2026,8,75
18066,103009,A,2026,9,104
18066,103009,A,2026,10,79
18066,103009,A,2026,11,47
18067,103009,A,2026,7,99
18067,103009,A,2026,8,169
18067,103009,A,2026,9,248
18067,103009,A,2026,10,177
18067,103009,A,2026,11,94
18068,103009,A,2026,7,117
18068,103009,A,2026,8,168
18068,103009,A,2026,9,273
18068,103009,A,2026,10,260
18068,103009,A,2026,11,136
18069,103009,A,2026,7,88
18069,103009,A,2026,8,129
18069,103009,A,2026,9,229
18069,103009,A,2026,10,183
18069,103009,A,2026,11,103
18078,103102,A,2026,7,75
18078,103102,A,2026,8,63
18078,103102,A,2026,9,89
18078,103102,A,2026,10,81
18078,103102,A,2026,11,79
18079,103102,A,2026,7,134
18079,103102,A,2026,8,128
18079,103102,A,2026,9,208
18079,103102,A,2026,10,175
18079,103102,A,2026,11,187
18080,103102,A,2026,7,112
18080,103102,A,2026,8,132
18080,103102,A,2026,9,206
18080,103102,A,2026,10,145
18080,103102,A,2026,11,151
18081,103102,A,2026,7,97
18081,103102,A,2026,8,94
18081,103102,A,2026,9,150
18081,103102,A,2026,10,119
18081,103102,A,2026,11,119
18082,103102,A,2026,7,201
18082,103102,A,2026,8,199
18082,103102,A,2026,9,330
18082,103102,A,2026,10,271
18082,103102,A,2026,11,243
18083,103102,A,2026,7,205
18083,103102,A,2026,8,212
18083,103102,A,2026,9,350
18083,103102,A,2026,10,266
18083,103102,A,2026,11,229
18084,103102,A,2026,7,81
18084,103102,A,2026,8,49
18084,103102,A,2026,9,85
18084,103102,A,2026,10,67
18084,103102,A,2026,11,77
18085,103102,A,2026,7,124
18085,103102,A,2026,8,116
18085,103102,A,2026,9,173
18085,103102,A,2026,10,152
18085,103102,A,2026,11,152
18086,103102,A,2026,7,107
18086,103102,A,2026,8,113
18086,103102,A,2026,9,168
18086,103102,A,2026,10,122
18086,103102,A,2026,11,150
18094,103602,B,2026,7,22
18094,103602,B,2026,8,27
18094,103602,B,2026,9,41
18094,103602,B,2026,10,69
18094,103602,B,2026,11,34
18095,103602,B,2026,7,27
18095,103602,B,2026,8,25
18095,103602,B,2026,9,35
18095,103602,B,2026,10,103
18095,103602,B,2026,11,38
18096,103602,B,2026,7,22
18096,103602,B,2026,8,17
18096,103602,B,2026,9,32
18096,103602,B,2026,10,73
18096,103602,B,2026,11,37
18097,103602,B,2026,7,18
18097,103602,B,2026,8,44
18097,103602,B,2026,9,43
18097,103602,B,2026,10,62
18097,103602,B,2026,11,44
18098,103602,B,2026,7,58
18098,103602,B,2026,8,68
18098,103602,B,2026,9,82
18098,103602,B,2026,10,132
18098,103602,B,2026,11,79
18099,103602,B,2026,7,66
18099,103602,B,2026,8,59
18099,103602,B,2026,9,70
18099,103602,B,2026,10,161
18099,103602,B,2026,11,70
18100,103602,B,2026,7,53
18100,103602,B,2026,8,50
18100,103602,B,2026,9,63
18100,103602,B,2026,10,189
18100,103602,B,2026,11,53
18170,103009,A,2026,7,47
18170,103009,A,2026,8,63
18170,103009,A,2026,9,88
18170,103009,A,2026,10,85
18170,103009,A,2026,11,66
18171,103009,A,2026,7,87
18171,103009,A,2026,8,152
18171,103009,A,2026,9,180
18171,103009,A,2026,10,184
18171,103009,A,2026,11,147
18172,103009,A,2026,7,109
18172,103009,A,2026,8,165
18172,103009,A,2026,9,239
18172,103009,A,2026,10,234
18172,103009,A,2026,11,153
18173,103009,A,2026,7,79
18173,103009,A,2026,8,120
18173,103009,A,2026,9,172
18173,103009,A,2026,10,203
18173,103009,A,2026,11,135
18277,201702,A,2026,7,53
18277,201702,A,2026,8,69
18277,201702,A,2026,9,111
18277,201702,A,2026,10,136
18277,201702,A,2026,11,64
18278,201702,A,2026,7,155
18278,201702,A,2026,8,209
18278,201702,A,2026,9,261
18278,201702,A,2026,10,280
18278,201702,A,2026,11,164
18279,201702,A,2026,7,92
18279,201702,A,2026,8,122
18279,201702,A,2026,9,179
18279,201702,A,2026,10,170
18279,201702,A,2026,11,129
18280,201702,A,2026,7,214
18280,201702,A,2026,8,224
18280,201702,A,2026,9,343
18280,201702,A,2026,10,335
18280,201702,A,2026,11,163
18281,303600,B,2026,7,13
18281,303600,B,2026,8,8
18281,303600,B,2026,9,28
18281,303600,B,2026,10,17
18281,303600,B,2026,11,14
18282,303600,B,2026,7,17
18282,303600,B,2026,8,11
18282,303600,B,2026,9,28
18282,303600,B,2026,10,24
18282,303600,B,2026,11,17
18283,303600,B,2026,7,21
18283,303600,B,2026,8,11
18283,303600,B,2026,9,23
18283,303600,B,2026,10,26
18283,303600,B,2026,11,12
18284,303600,B,2026,7,12
18284,303600,B,2026,8,4
18284,303600,B,2026,9,28
18284,303600,B,2026,10,27
18284,303600,B,2026,11,13
18640,103400,C,2026,7,23
18640,103400,C,2026,8,26
18640,103400,C,2026,9,36
18640,103400,C,2026,10,36
18640,103400,C,2026,11,23
18641,103400,C,2026,7,51
18641,103400,C,2026,8,58
18641,103400,C,2026,9,82
18641,103400,C,2026,10,80
18641,103400,C,2026,11,52
18642,103400,C,2026,7,60
18642,103400,C,2026,8,69
18642,103400,C,2026,9,97
18642,103400,C,2026,10,96
18642,103400,C,2026,11,62
18643,103400,C,2026,7,47
18643,103400,C,2026,8,54
18643,103400,C,2026,9,76
18643,103400,C,2026,10,75
18643,103400,C,2026,11,48
18973,136200,D,2026,7,22
18973,136200,D,2026,8,22
18973,136200,D,2026,9,24
18973,136200,D,2026,10,17
18973,136200,D,2026,11,14
18974,136200,D,2026,7,37
18974,136200,D,2026,8,37
18974,136200,D,2026,9,41
18974,136200,D,2026,10,29
18974,136200,D,2026,11,23
18975,136200,D,2026,7,30
18975,136200,D,2026,8,30
18975,136200,D,2026,9,34
18975,136200,D,2026,10,24
18975,136200,D,2026,11,19
18977,136200,D,2026,7,23
18977,136200,D,2026,8,23
18977,136200,D,2026,9,26
18977,136200,D,2026,10,18
18977,136200,D,2026,11,15
18978,136200,D,2026,7,39
18978,136200,D,2026,8,39
18978,136200,D,2026,9,44
18978,136200,D,2026,10,31
18978,136200,D,2026,11,25
18979,136200,D,2026,7,28
18979,136200,D,2026,8,28
18979,136200,D,2026,9,32
18979,136200,D,2026,10,22
18979,136200,D,2026,11,18
18985,136200,D,2026,7,19
18985,136200,D,2026,8,19
18985,136200,D,2026,9,22
18985,136200,D,2026,10,15
18985,136200,D,2026,11,12
18986,136200,D,2026,7,33
18986,136200,D,2026,8,33
18986,136200,D,2026,9,37
18986,136200,D,2026,10,26
18986,136200,D,2026,11,21
18987,136200,D,2026,7,28
18987,136200,D,2026,8,28
18987,136200,D,2026,9,31
18987,136200,D,2026,10,22
18987,136200,D,2026,11,18
19278,123007,B,2026,7,13
19278,123007,B,2026,8,23
19278,123007,B,2026,9,28
19278,123007,B,2026,10,24
19278,123007,B,2026,11,10
19279,123007,B,2026,7,21
19279,123007,B,2026,8,30
19279,123007,B,2026,9,39
19279,123007,B,2026,10,38
19279,123007,B,2026,11,12
19280,123007,B,2026,7,24
19280,123007,B,2026,8,32
19280,123007,B,2026,9,42
19280,123007,B,2026,10,46
19280,123007,B,2026,11,23
19281,123007,B,2026,7,13
19281,123007,B,2026,8,28
19281,123007,B,2026,9,33
19281,123007,B,2026,10,26
19281,123007,B,2026,11,10
19282,123007,B,2026,7,25
19282,123007,B,2026,8,37
19282,123007,B,2026,9,38
19282,123007,B,2026,10,37
19282,123007,B,2026,11,22
19283,123007,B,2026,7,39
19283,123007,B,2026,8,58
19283,123007,B,2026,9,68
19283,123007,B,2026,10,62
19283,123007,B,2026,11,34
19284,123007,B,2026,7,39
19284,123007,B,2026,8,54
19284,123007,B,2026,9,61
19284,123007,B,2026,10,64
19284,123007,B,2026,11,33
19285,123007,B,2026,7,22
19285,123007,B,2026,8,35
19285,123007,B,2026,9,34
19285,123007,B,2026,10,46
19285,123007,B,2026,11,12
19298,121000,B,2026,7,51
19298,121000,B,2026,8,51
19298,121000,B,2026,9,53
19298,121000,B,2026,10,25
19298,121000,B,2026,11,28
19299,121000,B,2026,7,71
19299,121000,B,2026,8,87
19299,121000,B,2026,9,105
19299,121000,B,2026,10,85
19299,121000,B,2026,11,30
19300,121000,B,2026,7,45
19300,121000,B,2026,8,69
19300,121000,B,2026,9,93
19300,121000,B,2026,10,84
19300,121000,B,2026,11,29
19307,121000,B,2026,7,47
19307,121000,B,2026,8,58
19307,121000,B,2026,9,52
19307,121000,B,2026,10,25
19307,121000,B,2026,11,26
19308,121000,B,2026,7,64
19308,121000,B,2026,8,86
19308,121000,B,2026,9,101
19308,121000,B,2026,10,72
19308,121000,B,2026,11,33
19309,121000,B,2026,7,49
19309,121000,B,2026,8,65
19309,121000,B,2026,9,82
19309,121000,B,2026,10,73
19309,121000,B,2026,11,30
19310,121704,C,2026,7,25
19310,121704,C,2026,8,38
19310,121704,C,2026,9,50
19310,121704,C,2026,10,42
19310,121704,C,2026,11,29
19311,121704,C,2026,7,48
19311,121704,C,2026,8,73
19311,121704,C,2026,9,97
19311,121704,C,2026,10,82
19311,121704,C,2026,11,57
19312,121704,C,2026,7,35
19312,121704,C,2026,8,53
19312,121704,C,2026,9,71
19312,121704,C,2026,10,60
19312,121704,C,2026,11,41
19319,121704,C,2026,7,22
19319,121704,C,2026,8,32
19319,121704,C,2026,9,43
19319,121704,C,2026,10,36
19319,121704,C,2026,11,25
19320,121704,C,2026,7,42
19320,121704,C,2026,8,63
19320,121704,C,2026,9,84
19320,121704,C,2026,10,70
19320,121704,C,2026,11,49
19321,121704,C,2026,7,30
19321,121704,C,2026,8,46
19321,121704,C,2026,9,61
19321,121704,C,2026,10,51
19321,121704,C,2026,11,35
19367,123603,A,2026,7,21
19367,123603,A,2026,8,21
19367,123603,A,2026,9,35
19367,123603,A,2026,10,28
19367,123603,A,2026,11,16
19368,123603,A,2026,7,28
19368,123603,A,2026,8,28
19368,123603,A,2026,9,31
19368,123603,A,2026,10,21
19368,123603,A,2026,11,20
19369,123603,A,2026,7,5
19369,123603,A,2026,8,24
19369,123603,A,2026,9,20
19369,123603,A,2026,10,27
19369,123603,A,2026,11,30
19370,123603,A,2026,7,21
19370,123603,A,2026,8,24
19370,123603,A,2026,9,14
19370,123603,A,2026,10,23
19370,123603,A,2026,11,4
19372,123603,A,2026,7,44
19372,123603,A,2026,8,32
19372,123603,A,2026,9,24
19372,123603,A,2026,10,32
19372,123603,A,2026,11,24
19373,123603,A,2026,7,40
19373,123603,A,2026,8,52
19373,123603,A,2026,9,49
19373,123603,A,2026,10,48
19373,123603,A,2026,11,55
19374,123603,A,2026,7,20
19374,123603,A,2026,8,29
19374,123603,A,2026,9,11
19374,123603,A,2026,10,27
19374,123603,A,2026,11,30
19375,123603,A,2026,7,44
19375,123603,A,2026,8,33
19375,123603,A,2026,9,39
19375,123603,A,2026,10,54
19375,123603,A,2026,11,29
19376,123603,A,2026,7,35
19376,123603,A,2026,8,48
19376,123603,A,2026,9,54
19376,123603,A,2026,10,47
19376,123603,A,2026,11,52
19377,123603,A,2026,7,36
19377,123603,A,2026,8,36
19377,123603,A,2026,9,52
19377,123603,A,2026,10,57
19377,123603,A,2026,11,45
19378,123603,A,2026,7,30
19378,123603,A,2026,8,40
19378,123603,A,2026,9,30
19378,123603,A,2026,10,34
19378,123603,A,2026,11,69
19379,123603,A,2026,7,18
19379,123603,A,2026,8,26
19379,123603,A,2026,9,26
19379,123603,A,2026,10,30
19379,123603,A,2026,11,32
19381,123603,A,2026,7,34
19381,123603,A,2026,8,31
19381,123603,A,2026,9,24
19381,123603,A,2026,10,17
19381,123603,A,2026,11,26
19382,123603,A,2026,7,96
19382,123603,A,2026,8,121
19382,123603,A,2026,9,170
19382,123603,A,2026,10,130
19382,123603,A,2026,11,117
19383,123603,A,2026,7,76
19383,123603,A,2026,8,92
19383,123603,A,2026,9,108
19383,123603,A,2026,10,67
19383,123603,A,2026,11,113
19384,123603,A,2026,7,38
19384,123603,A,2026,8,43
19384,123603,A,2026,9,51
19384,123603,A,2026,10,58
19384,123603,A,2026,11,47
19385,123603,A,2026,7,36
19385,123603,A,2026,8,32
19385,123603,A,2026,9,30
19385,123603,A,2026,10,58
19385,123603,A,2026,11,27
19386,123603,A,2026,7,31
19386,123603,A,2026,8,25
19386,123603,A,2026,9,31
19386,123603,A,2026,10,40
19386,123603,A,2026,11,31
19387,123603,A,2026,7,118
19387,123603,A,2026,8,129
19387,123603,A,2026,9,180
19387,123603,A,2026,10,169
19387,123603,A,2026,11,115
19388,123603,A,2026,7,107
19388,123603,A,2026,8,129
19388,123603,A,2026,9,188
19388,123603,A,2026,10,156
19388,123603,A,2026,11,189
19389,123603,A,2026,7,52
19389,123603,A,2026,8,50
19389,123603,A,2026,9,79
19389,123603,A,2026,10,81
19389,123603,A,2026,11,44
19390,123603,A,2026,7,98
19390,123603,A,2026,8,127
19390,123603,A,2026,9,176
19390,123603,A,2026,10,166
19390,123603,A,2026,11,109
19391,123603,A,2026,7,94
19391,123603,A,2026,8,116
19391,123603,A,2026,9,146
19391,123603,A,2026,10,142
19391,123603,A,2026,11,190
19394,123009,B,2026,7,26
19394,123009,B,2026,8,13
19394,123009,B,2026,9,22
19394,123009,B,2026,10,16
19394,123009,B,2026,11,10
19395,123009,B,2026,7,11
19395,123009,B,2026,8,42
19395,123009,B,2026,9,37
19395,123009,B,2026,10,16
19395,123009,B,2026,11,18
19398,123009,B,2026,7,21
19398,123009,B,2026,8,19
19398,123009,B,2026,9,33
19398,123009,B,2026,10,27
19398,123009,B,2026,11,18
19399,123009,B,2026,7,27
19399,123009,B,2026,8,74
19399,123009,B,2026,9,63
19399,123009,B,2026,10,30
19399,123009,B,2026,11,27
19400,123009,B,2026,7,24
19400,123009,B,2026,8,35
19400,123009,B,2026,9,36
19400,123009,B,2026,10,24
19400,123009,B,2026,11,12
19401,123009,B,2026,7,3
19401,123009,B,2026,8,31
19401,123009,B,2026,9,29
19401,123009,B,2026,10,13
19401,123009,B,2026,11,2
19402,123009,B,2026,7,22
19402,123009,B,2026,8,20
19402,123009,B,2026,9,27
19402,123009,B,2026,10,30
19402,123009,B,2026,11,20
19403,123009,B,2026,7,26
19403,123009,B,2026,8,69
19403,123009,B,2026,9,68
19403,123009,B,2026,10,37
19403,123009,B,2026,11,25
19405,123009,B,2026,7,11
19405,123009,B,2026,8,45
19405,123009,B,2026,9,44
19405,123009,B,2026,10,22
19405,123009,B,2026,11,21
19406,123009,B,2026,7,19
19406,123009,B,2026,8,26
19406,123009,B,2026,9,36
19406,123009,B,2026,10,13
19406,123009,B,2026,11,9
19408,123009,B,2026,7,23
19408,123009,B,2026,8,19
19408,123009,B,2026,9,38
19408,123009,B,2026,10,31
19408,123009,B,2026,11,10
19409,123009,B,2026,7,35
19409,123009,B,2026,8,69
19409,123009,B,2026,9,58
19409,123009,B,2026,10,41
19409,123009,B,2026,11,29
19410,123009,B,2026,7,29
19410,123009,B,2026,8,37
19410,123009,B,2026,9,38
19410,123009,B,2026,10,37
19410,123009,B,2026,11,13
19411,123009,B,2026,7,19
19411,123009,B,2026,8,25
19411,123009,B,2026,9,36
19411,123009,B,2026,10,22
19411,123009,B,2026,11,6
19412,123009,B,2026,7,62
19412,123009,B,2026,8,44
19412,123009,B,2026,9,87
19412,123009,B,2026,10,60
19412,123009,B,2026,11,33
19413,123009,B,2026,7,58
19413,123009,B,2026,8,107
19413,123009,B,2026,9,83
19413,123009,B,2026,10,63
19413,123009,B,2026,11,43
19414,123009,B,2026,7,36
19414,123009,B,2026,8,40
19414,123009,B,2026,9,42
19414,123009,B,2026,10,46
19414,123009,B,2026,11,23
19415,123009,B,2026,7,4
19415,123009,B,2026,8,20
19415,123009,B,2026,9,24
19415,123009,B,2026,10,22
19415,123009,B,2026,11,8
19416,123009,B,2026,7,65
19416,123009,B,2026,8,40
19416,123009,B,2026,9,70
19416,123009,B,2026,10,63
19416,123009,B,2026,11,33
19417,123009,B,2026,7,36
19417,123009,B,2026,8,84
19417,123009,B,2026,9,85
19417,123009,B,2026,10,67
19417,123009,B,2026,11,39
19418,123009,B,2026,7,13
19418,123009,B,2026,8,29
19418,123009,B,2026,9,34
19418,123009,B,2026,10,44
19418,123009,B,2026,11,14
19419,123009,B,2026,7,22
19419,123009,B,2026,8,70
19419,123009,B,2026,9,63
19419,123009,B,2026,10,56
19419,123009,B,2026,11,30
19618,703602,B,2026,7,39
19618,703602,B,2026,8,51
19618,703602,B,2026,9,46
19618,703602,B,2026,10,91
19618,703602,B,2026,11,64
19620,703602,B,2026,7,12
19620,703602,B,2026,8,28
19620,703602,B,2026,9,17
19620,703602,B,2026,10,41
19620,703602,B,2026,11,22
19655,103102,A,2026,7,108
19655,103102,A,2026,8,136
19655,103102,A,2026,9,218
19655,103102,A,2026,10,154
19655,103102,A,2026,11,152
19657,103102,A,2026,7,74
19657,103102,A,2026,8,85
19657,103102,A,2026,9,121
19657,103102,A,2026,10,103
19657,103102,A,2026,11,91
19658,103102,A,2026,7,78
19658,103102,A,2026,8,112
19658,103102,A,2026,9,136
19658,103102,A,2026,10,106
19658,103102,A,2026,11,102
21365,123101,B,2026,7,56
21365,123101,B,2026,8,62
21365,123101,B,2026,9,76
21365,123101,B,2026,10,74
21365,123101,B,2026,11,47
21366,123101,B,2026,7,68
21366,123101,B,2026,8,66
21366,123101,B,2026,9,96
21366,123101,B,2026,10,153
21366,123101,B,2026,11,57
21367,123101,B,2026,7,74
21367,123101,B,2026,8,83
21367,123101,B,2026,9,113
21367,123101,B,2026,10,141
21367,123101,B,2026,11,48
21368,123101,B,2026,7,49
21368,123101,B,2026,8,60
21368,123101,B,2026,9,80
21368,123101,B,2026,10,83
21368,123101,B,2026,11,48
21369,123101,B,2026,7,90
21369,123101,B,2026,8,76
21369,123101,B,2026,9,125
21369,123101,B,2026,10,150
21369,123101,B,2026,11,72
21370,123101,B,2026,7,85
21370,123101,B,2026,8,75
21370,123101,B,2026,9,115
21370,123101,B,2026,10,128
21370,123101,B,2026,11,66
22358,302000,B,2026,7,42
22358,302000,B,2026,8,42
22358,302000,B,2026,9,60
22358,302000,B,2026,10,65
22358,302000,B,2026,11,32
22359,302000,B,2026,7,75
22359,302000,B,2026,8,76
22359,302000,B,2026,9,109
22359,302000,B,2026,10,107
22359,302000,B,2026,11,71
22360,302000,B,2026,7,73
22360,302000,B,2026,8,70
22360,302000,B,2026,9,116
22360,302000,B,2026,10,138
22360,302000,B,2026,11,60
22361,302000,B,2026,7,52
22361,302000,B,2026,8,60
22361,302000,B,2026,9,98
22361,302000,B,2026,10,117
22361,302000,B,2026,11,51
22362,302000,B,2026,7,30
22362,302000,B,2026,8,33
22362,302000,B,2026,9,84
22362,302000,B,2026,10,79
22362,302000,B,2026,11,29
22779,123013,C,2026,7,4
22779,123013,C,2026,8,7
22779,123013,C,2026,9,9
22779,123013,C,2026,10,7
22779,123013,C,2026,11,5
22781,123013,C,2026,7,11
22781,123013,C,2026,8,16
22781,123013,C,2026,9,22
22781,123013,C,2026,10,18
22781,123013,C,2026,11,13
22782,123013,C,2026,7,14
22782,123013,C,2026,8,21
22782,123013,C,2026,9,28
22782,123013,C,2026,10,24
22782,123013,C,2026,11,16
22783,123013,C,2026,7,6
22783,123013,C,2026,8,9
22783,123013,C,2026,9,12
22783,123013,C,2026,10,10
22783,123013,C,2026,11,7
22785,123013,C,2026,7,15
22785,123013,C,2026,8,23
22785,123013,C,2026,9,31
22785,123013,C,2026,10,26
22785,123013,C,2026,11,18
22786,123013,C,2026,7,17
22786,123013,C,2026,8,25
22786,123013,C,2026,9,34
22786,123013,C,2026,10,28
22786,123013,C,2026,11,20
22788,123013,C,2026,7,8
22788,123013,C,2026,8,12
22788,123013,C,2026,9,16
22788,123013,C,2026,10,14
22788,123013,C,2026,11,10
22789,123013,C,2026,7,12
22789,123013,C,2026,8,19
22789,123013,C,2026,9,25
22789,123013,C,2026,10,21
22789,123013,C,2026,11,15
22790,123013,C,2026,7,12
22790,123013,C,2026,8,18
22790,123013,C,2026,9,24
22790,123013,C,2026,10,20
22790,123013,C,2026,11,14
22793,123013,C,2026,7,9
22793,123013,C,2026,8,13
22793,123013,C,2026,9,17
22793,123013,C,2026,10,15
22793,123013,C,2026,11,10
22794,123013,C,2026,7,3
22794,123013,C,2026,8,4
22794,123013,C,2026,9,6
22794,123013,C,2026,10,5
22794,123013,C,2026,11,3
23092,501701,A,2026,7,141
23092,501701,A,2026,8,175
23092,501701,A,2026,9,244
23092,501701,A,2026,10,169
23092,501701,A,2026,11,82
23388,301307,D,2026,7,88
23388,301307,D,2026,8,82
23388,301307,D,2026,9,202
23388,301307,D,2026,10,195
23388,301307,D,2026,11,147
23389,301307,D,2026,7,87
23389,301307,D,2026,8,82
23389,301307,D,2026,9,201
23389,301307,D,2026,10,194
23389,301307,D,2026,11,147
23390,301307,D,2026,7,60
23390,301307,D,2026,8,56
23390,301307,D,2026,9,138
23390,301307,D,2026,10,133
23390,301307,D,2026,11,100
24094,123301,D,2026,7,7
24094,123301,D,2026,8,10
24094,123301,D,2026,9,13
24094,123301,D,2026,10,11
24094,123301,D,2026,11,8
24095,123301,D,2026,7,6
24095,123301,D,2026,8,9
24095,123301,D,2026,9,12
24095,123301,D,2026,10,10
24095,123301,D,2026,11,7
24096,123301,D,2026,7,2
24096,123301,D,2026,8,4
24096,123301,D,2026,9,5
24096,123301,D,2026,10,4
24096,123301,D,2026,11,3
24097,123301,D,2026,7,12
24097,123301,D,2026,8,18
24097,123301,D,2026,9,24
24097,123301,D,2026,10,20
24097,123301,D,2026,11,14
24098,123301,D,2026,7,10
24098,123301,D,2026,8,15
24098,123301,D,2026,9,21
24098,123301,D,2026,10,17
24098,123301,D,2026,11,12
24099,123301,D,2026,7,4
24099,123301,D,2026,8,6
24099,123301,D,2026,9,7
24099,123301,D,2026,10,6
24099,123301,D,2026,11,4
24101,123301,D,2026,7,15
24101,123301,D,2026,8,23
24101,123301,D,2026,9,30
24101,123301,D,2026,10,25
24101,123301,D,2026,11,18
24102,123301,D,2026,7,11
24102,123301,D,2026,8,17
24102,123301,D,2026,9,23
24102,123301,D,2026,10,19
24102,123301,D,2026,11,13
24103,123301,D,2026,7,3
24103,123301,D,2026,8,5
24103,123301,D,2026,9,7
24103,123301,D,2026,10,6
24103,123301,D,2026,11,4
24105,123301,D,2026,7,11
24105,123301,D,2026,8,17
24105,123301,D,2026,9,22
24105,123301,D,2026,10,19
24105,123301,D,2026,11,13
24106,123301,D,2026,7,8
24106,123301,D,2026,8,12
24106,123301,D,2026,9,16
24106,123301,D,2026,10,13
24106,123301,D,2026,11,9
24107,123301,D,2026,7,8
24107,123301,D,2026,8,12
24107,123301,D,2026,9,16
24107,123301,D,2026,10,13
24107,123301,D,2026,11,9
24108,123301,D,2026,7,7
24108,123301,D,2026,8,10
24108,123301,D,2026,9,13
24108,123301,D,2026,10,11
24108,123301,D,2026,11,8
24234,406604,C,2026,7,49
24234,406604,C,2026,8,45
24234,406604,C,2026,9,66
24234,406604,C,2026,10,65
24234,406604,C,2026,11,44
24235,406604,C,2026,7,55
24235,406604,C,2026,8,51
24235,406604,C,2026,9,75
24235,406604,C,2026,10,73
24235,406604,C,2026,11,49
24236,406604,C,2026,7,47
24236,406604,C,2026,8,43
24236,406604,C,2026,9,64
24236,406604,C,2026,10,62
24236,406604,C,2026,11,42
24237,406604,C,2026,7,31
24237,406604,C,2026,8,28
24237,406604,C,2026,9,42
24237,406604,C,2026,10,41
24237,406604,C,2026,11,27
25620,101000,A,2026,7,102
25620,101000,A,2026,8,106
25620,101000,A,2026,9,142
25620,101000,A,2026,10,121
25620,101000,A,2026,11,71
25621,101000,A,2026,7,212
25621,101000,A,2026,8,241
25621,101000,A,2026,9,335
25621,101000,A,2026,10,242
25621,101000,A,2026,11,177
25622,101000,A,2026,7,149
25622,101000,A,2026,8,177
25622,101000,A,2026,9,225
25622,101000,A,2026,10,175
25622,101000,A,2026,11,105
25624,101000,A,2026,7,79
25624,101000,A,2026,8,101
25624,101000,A,2026,9,119
25624,101000,A,2026,10,109
25624,101000,A,2026,11,86
25625,101000,A,2026,7,230
25625,101000,A,2026,8,244
25625,101000,A,2026,9,297
25625,101000,A,2026,10,278
25625,101000,A,2026,11,176
25626,101000,A,2026,7,157
25626,101000,A,2026,8,158
25626,101000,A,2026,9,199
25626,101000,A,2026,10,204
25626,101000,A,2026,11,101
25628,101000,A,2026,7,57
25628,101000,A,2026,8,69
25628,101000,A,2026,9,102
25628,101000,A,2026,10,102
25628,101000,A,2026,11,61
25629,101000,A,2026,7,139
25629,101000,A,2026,8,145
25629,101000,A,2026,9,186
25629,101000,A,2026,10,189
25629,101000,A,2026,11,130
25630,101000,A,2026,7,89
25630,101000,A,2026,8,95
25630,101000,A,2026,9,113
25630,101000,A,2026,10,151
25630,101000,A,2026,11,74
25640,101500,A,2026,7,99
25640,101500,A,2026,8,94
25640,101500,A,2026,9,116
25640,101500,A,2026,10,80
25640,101500,A,2026,11,68
25641,101500,A,2026,7,265
25641,101500,A,2026,8,226
25641,101500,A,2026,9,316
25641,101500,A,2026,10,273
25641,101500,A,2026,11,153
25642,101500,A,2026,7,222
25642,101500,A,2026,8,191
25642,101500,A,2026,9,298
25642,101500,A,2026,10,211
25642,101500,A,2026,11,129
25643,101500,A,2026,7,106
25643,101500,A,2026,8,83
25643,101500,A,2026,9,153
25643,101500,A,2026,10,118
25643,101500,A,2026,11,64
25644,101500,A,2026,7,88
25644,101500,A,2026,8,94
25644,101500,A,2026,9,120
25644,101500,A,2026,10,83
25644,101500,A,2026,11,75
25645,101500,A,2026,7,260
25645,101500,A,2026,8,229
25645,101500,A,2026,9,344
25645,101500,A,2026,10,308
25645,101500,A,2026,11,184
25646,101500,A,2026,7,260
25646,101500,A,2026,8,208
25646,101500,A,2026,9,298
25646,101500,A,2026,10,268
25646,101500,A,2026,11,164
25647,101500,A,2026,7,91
25647,101500,A,2026,8,76
25647,101500,A,2026,9,151
25647,101500,A,2026,10,130
25647,101500,A,2026,11,68
25648,101500,A,2026,7,76
25648,101500,A,2026,8,87
25648,101500,A,2026,9,93
25648,101500,A,2026,10,58
25648,101500,A,2026,11,58
25649,101500,A,2026,7,174
25649,101500,A,2026,8,170
25649,101500,A,2026,9,205
25649,101500,A,2026,10,170
25649,101500,A,2026,11,101
25650,101500,A,2026,7,166
25650,101500,A,2026,8,149
25650,101500,A,2026,9,205
25650,101500,A,2026,10,151
25650,101500,A,2026,11,97
25651,101500,A,2026,7,64
25651,101500,A,2026,8,49
25651,101500,A,2026,9,87
25651,101500,A,2026,10,83
25651,101500,A,2026,11,42
25660,101700,A,2026,7,186
25660,101700,A,2026,8,164
25660,101700,A,2026,9,236
25660,101700,A,2026,10,212
25660,101700,A,2026,11,173
25661,101700,A,2026,7,348
25661,101700,A,2026,8,315
25661,101700,A,2026,9,488
25661,101700,A,2026,10,442
25661,101700,A,2026,11,255
25662,101700,A,2026,7,227
25662,101700,A,2026,8,238
25662,101700,A,2026,9,374
25662,101700,A,2026,10,297
25662,101700,A,2026,11,169
25663,101700,A,2026,7,81
25663,101700,A,2026,8,84
25663,101700,A,2026,9,130
25663,101700,A,2026,10,109
25663,101700,A,2026,11,61
25664,101700,A,2026,7,76
25664,101700,A,2026,8,77
25664,101700,A,2026,9,134
25664,101700,A,2026,10,108
25664,101700,A,2026,11,60
25665,101700,A,2026,7,137
25665,101700,A,2026,8,168
25665,101700,A,2026,9,264
25665,101700,A,2026,10,235
25665,101700,A,2026,11,122
25666,101700,A,2026,7,108
25666,101700,A,2026,8,120
25666,101700,A,2026,9,162
25666,101700,A,2026,10,165
25666,101700,A,2026,11,108
25668,101700,A,2026,7,150
25668,101700,A,2026,8,131
25668,101700,A,2026,9,205
25668,101700,A,2026,10,202
25668,101700,A,2026,11,94
25669,101700,A,2026,7,224
25669,101700,A,2026,8,273
25669,101700,A,2026,9,427
25669,101700,A,2026,10,339
25669,101700,A,2026,11,186
25670,101700,A,2026,7,214
25670,101700,A,2026,8,207
25670,101700,A,2026,9,269
25670,101700,A,2026,10,254
25670,101700,A,2026,11,130
25671,101700,A,2026,7,69
25671,101700,A,2026,8,79
25671,101700,A,2026,9,122
25671,101700,A,2026,10,101
25671,101700,A,2026,11,52
25721,136110,C,2026,7,15
25721,136110,C,2026,8,15
25721,136110,C,2026,9,16
25721,136110,C,2026,10,12
25721,136110,C,2026,11,9
25722,136110,C,2026,7,23
25722,136110,C,2026,8,23
25722,136110,C,2026,9,26
25722,136110,C,2026,10,18
25722,136110,C,2026,11,15
25723,136110,C,2026,7,21
25723,136110,C,2026,8,21
25723,136110,C,2026,9,24
25723,136110,C,2026,10,17
25723,136110,C,2026,11,14
25724,136110,C,2026,7,15
25724,136110,C,2026,8,15
25724,136110,C,2026,9,17
25724,136110,C,2026,10,12
25724,136110,C,2026,11,10
25725,136110,C,2026,7,20
25725,136110,C,2026,8,20
25725,136110,C,2026,9,23
25725,136110,C,2026,10,16
25725,136110,C,2026,11,13
25726,136110,C,2026,7,33
25726,136110,C,2026,8,33
25726,136110,C,2026,9,37
25726,136110,C,2026,10,26
25726,136110,C,2026,11,21
25727,136110,C,2026,7,33
25727,136110,C,2026,8,33
25727,136110,C,2026,9,37
25727,136110,C,2026,10,26
25727,136110,C,2026,11,21
25728,136110,C,2026,7,23
25728,136110,C,2026,8,23
25728,136110,C,2026,9,26
25728,136110,C,2026,10,18
25728,136110,C,2026,11,15
25729,136110,C,2026,7,17
25729,136110,C,2026,8,17
25729,136110,C,2026,9,19
25729,136110,C,2026,10,13
25729,136110,C,2026,11,11
25730,136110,C,2026,7,31
25730,136110,C,2026,8,31
25730,136110,C,2026,9,35
25730,136110,C,2026,10,25
25730,136110,C,2026,11,20
25731,136110,C,2026,7,31
25731,136110,C,2026,8,31
25731,136110,C,2026,9,35
25731,136110,C,2026,10,25
25731,136110,C,2026,11,20
25732,136110,C,2026,7,24
25732,136110,C,2026,8,24
25732,136110,C,2026,9,27
25732,136110,C,2026,10,19
25732,136110,C,2026,11,15
25737,136209,C,2026,7,21
25737,136209,C,2026,8,10
25737,136209,C,2026,9,32
25737,136209,C,2026,10,16
25737,136209,C,2026,11,15
25738,136209,C,2026,7,32
25738,136209,C,2026,8,16
25738,136209,C,2026,9,50
25738,136209,C,2026,10,25
25738,136209,C,2026,11,23
25739,136209,C,2026,7,28
25739,136209,C,2026,8,14
25739,136209,C,2026,9,44
25739,136209,C,2026,10,22
25739,136209,C,2026,11,20
25740,136209,C,2026,7,19
25740,136209,C,2026,8,10
25740,136209,C,2026,9,30
25740,136209,C,2026,10,15
25740,136209,C,2026,11,14
25745,136209,C,2026,7,21
25745,136209,C,2026,8,10
25745,136209,C,2026,9,33
25745,136209,C,2026,10,16
25745,136209,C,2026,11,15
25746,136209,C,2026,7,32
25746,136209,C,2026,8,16
25746,136209,C,2026,9,50
25746,136209,C,2026,10,25
25746,136209,C,2026,11,22
25747,136209,C,2026,7,29
25747,136209,C,2026,8,15
25747,136209,C,2026,9,45
25747,136209,C,2026,10,23
25747,136209,C,2026,11,20
25748,136209,C,2026,7,20
25748,136209,C,2026,8,10
25748,136209,C,2026,9,31
25748,136209,C,2026,10,16
25748,136209,C,2026,11,14
25753,136109,C,2026,7,14
25753,136109,C,2026,8,7
25753,136109,C,2026,9,22
25753,136109,C,2026,10,11
25753,136109,C,2026,11,10
25754,136109,C,2026,7,23
25754,136109,C,2026,8,12
25754,136109,C,2026,9,36
25754,136109,C,2026,10,18
25754,136109,C,2026,11,16
25755,136109,C,2026,7,22
25755,136109,C,2026,8,11
25755,136109,C,2026,9,34
25755,136109,C,2026,10,17
25755,136109,C,2026,11,15
25756,136109,C,2026,7,16
25756,136109,C,2026,8,8
25756,136109,C,2026,9,25
25756,136109,C,2026,10,13
25756,136109,C,2026,11,11
25761,136109,C,2026,7,20
25761,136109,C,2026,8,10
25761,136109,C,2026,9,31
25761,136109,C,2026,10,15
25761,136109,C,2026,11,14
25762,136109,C,2026,7,31
25762,136109,C,2026,8,15
25762,136109,C,2026,9,48
25762,136109,C,2026,10,24
25762,136109,C,2026,11,22
25763,136109,C,2026,7,29
25763,136109,C,2026,8,14
25763,136109,C,2026,9,45
25763,136109,C,2026,10,22
25763,136109,C,2026,11,20
25764,136109,C,2026,7,20
25764,136109,C,2026,8,10
25764,136109,C,2026,9,31
25764,136109,C,2026,10,16
25764,136109,C,2026,11,14
25963,403300,D,2026,7,34
25963,403300,D,2026,8,31
25963,403300,D,2026,9,46
25963,403300,D,2026,10,45
25963,403300,D,2026,11,30
25964,403300,D,2026,7,37
25964,403300,D,2026,8,34
25964,403300,D,2026,9,50
25964,403300,D,2026,10,49
25964,403300,D,2026,11,33
25965,403300,D,2026,7,32
25965,403300,D,2026,8,30
25965,403300,D,2026,9,44
25965,403300,D,2026,10,43
25965,403300,D,2026,11,29
25986,401309,C,2026,7,26
25986,401309,C,2026,8,24
25986,401309,C,2026,9,35
25986,401309,C,2026,10,35
25986,401309,C,2026,11,23
25987,401309,C,2026,7,56
25987,401309,C,2026,8,52
25987,401309,C,2026,9,76
25987,401309,C,2026,10,74
25987,401309,C,2026,11,50
25988,401309,C,2026,7,57
25988,401309,C,2026,8,52
25988,401309,C,2026,9,77
25988,401309,C,2026,10,75
25988,401309,C,2026,11,50
25989,401309,C,2026,7,48
25989,401309,C,2026,8,44
25989,401309,C,2026,9,65
25989,401309,C,2026,10,63
25989,401309,C,2026,11,42
26318,136109,C,2026,7,11
26318,136109,C,2026,8,5
26318,136109,C,2026,9,17
26318,136109,C,2026,10,8
26318,136109,C,2026,11,7
26320,136109,C,2026,7,14
26320,136109,C,2026,8,7
26320,136109,C,2026,9,22
26320,136109,C,2026,10,11
26320,136109,C,2026,11,10
27047,101000,A,2026,7,57
27047,101000,A,2026,8,55
27047,101000,A,2026,9,83
27047,101000,A,2026,10,87
27047,101000,A,2026,11,52
27048,101000,A,2026,7,116
27048,101000,A,2026,8,100
27048,101000,A,2026,9,130
27048,101000,A,2026,10,153
27048,101000,A,2026,11,119
27049,101000,A,2026,7,79
27049,101000,A,2026,8,83
27049,101000,A,2026,9,123
27049,101000,A,2026,10,136
27049,101000,A,2026,11,81
27051,101700,A,2026,7,86
27051,101700,A,2026,8,99
27051,101700,A,2026,9,127
27051,101700,A,2026,10,88
27051,101700,A,2026,11,69
27052,101700,A,2026,7,158
27052,101700,A,2026,8,160
27052,101700,A,2026,9,265
27052,101700,A,2026,10,224
27052,101700,A,2026,11,117
27053,101700,A,2026,7,121
27053,101700,A,2026,8,126
27053,101700,A,2026,9,181
27053,101700,A,2026,10,152
27053,101700,A,2026,11,91
27055,101500,A,2026,7,42
27055,101500,A,2026,8,43
27055,101500,A,2026,9,56
27055,101500,A,2026,10,65
27055,101500,A,2026,11,52
27056,101500,A,2026,7,91
27056,101500,A,2026,8,94
27056,101500,A,2026,9,131
27056,101500,A,2026,10,144
27056,101500,A,2026,11,119
27057,101500,A,2026,7,99
27057,101500,A,2026,8,86
27057,101500,A,2026,9,135
27057,101500,A,2026,10,148
27057,101500,A,2026,11,71
27058,101500,A,2026,7,44
27058,101500,A,2026,8,37
27058,101500,A,2026,9,73
27058,101500,A,2026,10,80
27058,101500,A,2026,11,46
27099,703010,C,2026,7,33
27099,703010,C,2026,8,68
27099,703010,C,2026,9,61
27099,703010,C,2026,10,60
27099,703010,C,2026,11,65
27100,703010,C,2026,7,36
27100,703010,C,2026,8,74
27100,703010,C,2026,9,67
27100,703010,C,2026,10,66
27100,703010,C,2026,11,72
27101,703010,C,2026,7,23
27101,703010,C,2026,8,49
27101,703010,C,2026,9,44
27101,703010,C,2026,10,43
27101,703010,C,2026,11,47
27102,703010,C,2026,7,16
27102,703010,C,2026,8,33
27102,703010,C,2026,9,30
27102,703010,C,2026,10,29
27102,703010,C,2026,11,32
27104,703010,C,2026,7,35
27104,703010,C,2026,8,72
27104,703010,C,2026,9,65
27104,703010,C,2026,10,64
27104,703010,C,2026,11,70
27105,703010,C,2026,7,43
27105,703010,C,2026,8,88
27105,703010,C,2026,9,80
27105,703010,C,2026,10,78
27105,703010,C,2026,11,85
27106,703010,C,2026,7,32
27106,703010,C,2026,8,66
27106,703010,C,2026,9,60
27106,703010,C,2026,10,58
27106,703010,C,2026,11,64
27107,703010,C,2026,7,22
27107,703010,C,2026,8,45
27107,703010,C,2026,9,41
27107,703010,C,2026,10,40
27107,703010,C,2026,11,44
27678,121301,B,2026,7,61
27678,121301,B,2026,8,43
27678,121301,B,2026,9,70
27678,121301,B,2026,10,55
27678,121301,B,2026,11,31
27679,121301,B,2026,7,47
27679,121301,B,2026,8,51
27679,121301,B,2026,9,74
27679,121301,B,2026,10,50
27679,121301,B,2026,11,27
27682,121301,B,2026,7,40
27682,121301,B,2026,8,53
27682,121301,B,2026,9,77
27682,121301,B,2026,10,53
27682,121301,B,2026,11,36
27683,121301,B,2026,7,37
27683,121301,B,2026,8,46
27683,121301,B,2026,9,72
27683,121301,B,2026,10,57
27683,121301,B,2026,11,32
27973,501715,B,2026,7,45
27973,501715,B,2026,8,40
27973,501715,B,2026,9,57
27973,501715,B,2026,10,50
27973,501715,B,2026,11,23
27974,501715,B,2026,7,90
27974,501715,B,2026,8,59
27974,501715,B,2026,9,73
27974,501715,B,2026,10,77
27974,501715,B,2026,11,49
27975,501715,B,2026,7,65
27975,501715,B,2026,8,58
27975,501715,B,2026,9,56
27975,501715,B,2026,10,53
27975,501715,B,2026,11,34
27977,501715,B,2026,7,79
27977,501715,B,2026,8,69
27977,501715,B,2026,9,113
27977,501715,B,2026,10,72
27977,501715,B,2026,11,42
27978,501715,B,2026,7,122
27978,501715,B,2026,8,118
27978,501715,B,2026,9,256
27978,501715,B,2026,10,120
27978,501715,B,2026,11,85
27979,501715,B,2026,7,87
27979,501715,B,2026,8,90
27979,501715,B,2026,9,185
27979,501715,B,2026,10,103
27979,501715,B,2026,11,65
28625,341001,A,2026,7,41
28625,341001,A,2026,8,33
28625,341001,A,2026,9,53
28625,341001,A,2026,10,55
28625,341001,A,2026,11,23
28626,341001,A,2026,7,83
28626,341001,A,2026,8,82
28626,341001,A,2026,9,136
28626,341001,A,2026,10,129
28626,341001,A,2026,11,63
28627,341001,A,2026,7,101
28627,341001,A,2026,8,104
28627,341001,A,2026,9,141
28627,341001,A,2026,10,173
28627,341001,A,2026,11,85
28628,341001,A,2026,7,76
28628,341001,A,2026,8,89
28628,341001,A,2026,9,123
28628,341001,A,2026,10,145
28628,341001,A,2026,11,71
28629,103101,A,2026,7,76
28629,103101,A,2026,8,74
28629,103101,A,2026,9,110
28629,103101,A,2026,10,115
28629,103101,A,2026,11,69
28630,103101,A,2026,7,156
28630,103101,A,2026,8,160
28630,103101,A,2026,9,210
28630,103101,A,2026,10,215
28630,103101,A,2026,11,104
28631,103101,A,2026,7,136
28631,103101,A,2026,8,122
28631,103101,A,2026,9,165
28631,103101,A,2026,10,186
28631,103101,A,2026,11,110
28632,103101,A,2026,7,82
28632,103101,A,2026,8,71
28632,103101,A,2026,9,83
28632,103101,A,2026,10,127
28632,103101,A,2026,11,63
28633,103009,A,2026,7,36
28633,103009,A,2026,8,62
28633,103009,A,2026,9,84
28633,103009,A,2026,10,68
28633,103009,A,2026,11,44
28634,103009,A,2026,7,77
28634,103009,A,2026,8,134
28634,103009,A,2026,9,181
28634,103009,A,2026,10,151
28634,103009,A,2026,11,87
28635,103009,A,2026,7,107
28635,103009,A,2026,8,141
28635,103009,A,2026,9,215
28635,103009,A,2026,10,229
28635,103009,A,2026,11,97
28636,103009,A,2026,7,82
28636,103009,A,2026,8,101
28636,103009,A,2026,9,159
28636,103009,A,2026,10,166
28636,103009,A,2026,11,80
28637,201702,A,2026,7,72
28637,201702,A,2026,8,80
28637,201702,A,2026,9,147
28637,201702,A,2026,10,82
28637,201702,A,2026,11,64
28638,201702,A,2026,7,221
28638,201702,A,2026,8,234
28638,201702,A,2026,9,347
28638,201702,A,2026,10,275
28638,201702,A,2026,11,160
28639,201702,A,2026,7,212
28639,201702,A,2026,8,223
28639,201702,A,2026,9,334
28639,201702,A,2026,10,281
28639,201702,A,2026,11,158
28640,201702,A,2026,7,105
28640,201702,A,2026,8,132
28640,201702,A,2026,9,190
28640,201702,A,2026,10,189
28640,201702,A,2026,11,94
28641,201301,A,2026,7,102
28641,201301,A,2026,8,79
28641,201301,A,2026,9,124
28641,201301,A,2026,10,112
28641,201301,A,2026,11,94
28642,201301,A,2026,7,452
28642,201301,A,2026,8,379
28642,201301,A,2026,9,547
28642,201301,A,2026,10,560
28642,201301,A,2026,11,354
28643,201301,A,2026,7,459
28643,201301,A,2026,8,424
28643,201301,A,2026,9,573
28643,201301,A,2026,10,615
28643,201301,A,2026,11,384
28644,201301,A,2026,7,276
28644,201301,A,2026,8,299
28644,201301,A,2026,9,381
28644,201301,A,2026,10,439
28644,201301,A,2026,11,264
28645,101000,A,2026,7,49
28645,101000,A,2026,8,46
28645,101000,A,2026,9,85
28645,101000,A,2026,10,77
28645,101000,A,2026,11,32
28646,101000,A,2026,7,110
28646,101000,A,2026,8,130
28646,101000,A,2026,9,193
28646,101000,A,2026,10,177
28646,101000,A,2026,11,88
28647,101000,A,2026,7,79
28647,101000,A,2026,8,94
28647,101000,A,2026,9,125
28647,101000,A,2026,10,118
28647,101000,A,2026,11,62
28649,101700,A,2026,7,86
28649,101700,A,2026,8,88
28649,101700,A,2026,9,130
28649,101700,A,2026,10,93
28649,101700,A,2026,11,57
28650,101700,A,2026,7,160
28650,101700,A,2026,8,189
28650,101700,A,2026,9,300
28650,101700,A,2026,10,202
28650,101700,A,2026,11,116
28651,101700,A,2026,7,145
28651,101700,A,2026,8,165
28651,101700,A,2026,9,231
28651,101700,A,2026,10,147
28651,101700,A,2026,11,95
28653,101500,A,2026,7,69
28653,101500,A,2026,8,76
28653,101500,A,2026,9,99
28653,101500,A,2026,10,60
28653,101500,A,2026,11,42
28654,101500,A,2026,7,168
28654,101500,A,2026,8,155
28654,101500,A,2026,9,255
28654,101500,A,2026,10,181
28654,101500,A,2026,11,91
28655,101500,A,2026,7,170
28655,101500,A,2026,8,166
28655,101500,A,2026,9,217
28655,101500,A,2026,10,127
28655,101500,A,2026,11,68
28656,101500,A,2026,7,77
28656,101500,A,2026,8,56
28656,101500,A,2026,9,103
28656,101500,A,2026,10,81
28656,101500,A,2026,11,37
29141,701307,D,2026,7,26
29141,701307,D,2026,8,28
29141,701307,D,2026,9,68
29141,701307,D,2026,10,49
29141,701307,D,2026,11,45
29142,701307,D,2026,7,23
29142,701307,D,2026,8,25
29142,701307,D,2026,9,62
29142,701307,D,2026,10,44
29142,701307,D,2026,11,41
29143,701307,D,2026,7,16
29143,701307,D,2026,8,17
29143,701307,D,2026,9,42
29143,701307,D,2026,10,30
29143,701307,D,2026,11,28
29415,701302,B,2026,7,54
29415,701302,B,2026,8,78
29415,701302,B,2026,9,83
29415,701302,B,2026,10,128
29415,701302,B,2026,11,52
29416,701302,B,2026,7,64
29416,701302,B,2026,8,83
29416,701302,B,2026,9,101
29416,701302,B,2026,10,114
29416,701302,B,2026,11,45
29417,701302,B,2026,7,40
29417,701302,B,2026,8,63
29417,701302,B,2026,9,78
29417,701302,B,2026,10,113
29417,701302,B,2026,11,36
29418,701302,B,2026,7,36
29418,701302,B,2026,8,56
29418,701302,B,2026,9,65
29418,701302,B,2026,10,68
29418,701302,B,2026,11,24
29419,701302,B,2026,7,46
29419,701302,B,2026,8,63
29419,701302,B,2026,9,83
29419,701302,B,2026,10,65
29419,701302,B,2026,11,25
29420,701302,B,2026,7,29
29420,701302,B,2026,8,51
29420,701302,B,2026,9,72
29420,701302,B,2026,10,69
29420,701302,B,2026,11,24
29424,701302,B,2026,7,38
29424,701302,B,2026,8,54
29424,701302,B,2026,9,53
29424,701302,B,2026,10,70
29424,701302,B,2026,11,23
29425,701302,B,2026,7,44
29425,701302,B,2026,8,58
29425,701302,B,2026,9,58
29425,701302,B,2026,10,62
29425,701302,B,2026,11,23
29426,701302,B,2026,7,25
29426,701302,B,2026,8,42
29426,701302,B,2026,9,56
29426,701302,B,2026,10,60
29426,701302,B,2026,11,17
29427,701302,B,2026,7,48
29427,701302,B,2026,8,67
29427,701302,B,2026,9,64
29427,701302,B,2026,10,72
29427,701302,B,2026,11,23
29428,701302,B,2026,7,58
29428,701302,B,2026,8,76
29428,701302,B,2026,9,86
29428,701302,B,2026,10,70
29428,701302,B,2026,11,31
29429,701302,B,2026,7,42
29429,701302,B,2026,8,64
29429,701302,B,2026,9,76
29429,701302,B,2026,10,68
29429,701302,B,2026,11,24
29552,701307,D,2026,7,20
29552,701307,D,2026,8,21
29552,701307,D,2026,9,52
29552,701307,D,2026,10,37
29552,701307,D,2026,11,35
29875,703604,C,2026,7,43
29875,703604,C,2026,8,82
29875,703604,C,2026,9,86
29875,703604,C,2026,10,93
29875,703604,C,2026,11,53
29876,703604,C,2026,7,48
29876,703604,C,2026,8,92
29876,703604,C,2026,9,96
29876,703604,C,2026,10,104
29876,703604,C,2026,11,59
29877,703604,C,2026,7,37
29877,703604,C,2026,8,70
29877,703604,C,2026,9,73
29877,703604,C,2026,10,80
29877,703604,C,2026,11,45
29881,703604,C,2026,7,22
29881,703604,C,2026,8,42
29881,703604,C,2026,9,44
29881,703604,C,2026,10,48
29881,703604,C,2026,11,27
29882,703604,C,2026,7,22
29882,703604,C,2026,8,41
29882,703604,C,2026,9,43
29882,703604,C,2026,10,46
29882,703604,C,2026,11,26
29883,703604,C,2026,7,19
29883,703604,C,2026,8,36
29883,703604,C,2026,9,38
29883,703604,C,2026,10,41
29883,703604,C,2026,11,23
29971,605366,C,2026,7,15
29971,605366,C,2026,8,6
29971,605366,C,2026,9,13
29971,605366,C,2026,10,0
29971,605366,C,2026,11,0
29972,605366,C,2026,7,16
29972,605366,C,2026,8,6
29972,605366,C,2026,9,14
29972,605366,C,2026,10,0
29972,605366,C,2026,11,0
29973,605366,C,2026,7,18
29973,605366,C,2026,8,7
29973,605366,C,2026,9,15
29973,605366,C,2026,10,0
29973,605366,C,2026,11,0
30061,103204,A,2026,7,141
30061,103204,A,2026,8,159
30061,103204,A,2026,9,226
30061,103204,A,2026,10,238
30061,103204,A,2026,11,164
30062,103204,A,2026,7,180
30062,103204,A,2026,8,193
30062,103204,A,2026,9,339
30062,103204,A,2026,10,333
30062,103204,A,2026,11,184
30063,103204,A,2026,7,180
30063,103204,A,2026,8,168
30063,103204,A,2026,9,279
30063,103204,A,2026,10,250
30063,103204,A,2026,11,188
30064,103204,A,2026,7,115
30064,103204,A,2026,8,95
30064,103204,A,2026,9,139
30064,103204,A,2026,10,161
30064,103204,A,2026,11,110
30065,103204,A,2026,7,71
30065,103204,A,2026,8,100
30065,103204,A,2026,9,121
30065,103204,A,2026,10,103
30065,103204,A,2026,11,68
30066,103204,A,2026,7,94
30066,103204,A,2026,8,132
30066,103204,A,2026,9,183
30066,103204,A,2026,10,135
30066,103204,A,2026,11,108
30067,103204,A,2026,7,74
30067,103204,A,2026,8,107
30067,103204,A,2026,9,152
30067,103204,A,2026,10,97
30067,103204,A,2026,11,89
30068,103204,A,2026,7,54
30068,103204,A,2026,8,77
30068,103204,A,2026,9,108
30068,103204,A,2026,10,80
30068,103204,A,2026,11,69
30097,103006,A,2026,7,16
30097,103006,A,2026,8,39
30097,103006,A,2026,9,46
30097,103006,A,2026,10,40
30097,103006,A,2026,11,42
30101,103006,A,2026,7,31
30101,103006,A,2026,8,76
30101,103006,A,2026,9,86
30101,103006,A,2026,10,72
30101,103006,A,2026,11,59
30105,103006,A,2026,7,34
30105,103006,A,2026,8,73
30105,103006,A,2026,9,98
30105,103006,A,2026,10,77
30105,103006,A,2026,11,44
30109,103006,A,2026,7,25
30109,103006,A,2026,8,46
30109,103006,A,2026,9,54
30109,103006,A,2026,10,56
30109,103006,A,2026,11,42
30153,123405,B,2026,7,24
30153,123405,B,2026,8,10
30153,123405,B,2026,9,21
30153,123405,B,2026,10,20
30153,123405,B,2026,11,7
30154,123405,B,2026,7,10
30154,123405,B,2026,8,31
30154,123405,B,2026,9,39
30154,123405,B,2026,10,20
30154,123405,B,2026,11,10
30157,123405,B,2026,7,29
30157,123405,B,2026,8,14
30157,123405,B,2026,9,22
30157,123405,B,2026,10,22
30157,123405,B,2026,11,8
30158,123405,B,2026,7,30
30158,123405,B,2026,8,37
30158,123405,B,2026,9,48
30158,123405,B,2026,10,30
30158,123405,B,2026,11,29
30160,123405,B,2026,7,3
30160,123405,B,2026,8,2
30160,123405,B,2026,9,25
30160,123405,B,2026,10,43
30160,123405,B,2026,11,17
30161,123405,B,2026,7,32
30161,123405,B,2026,8,37
30161,123405,B,2026,9,39
30161,123405,B,2026,10,23
30161,123405,B,2026,11,18
30286,103802,A,2026,7,66
30286,103802,A,2026,8,68
30286,103802,A,2026,9,120
30286,103802,A,2026,10,105
30286,103802,A,2026,11,60
30287,103802,A,2026,7,95
30287,103802,A,2026,8,100
30287,103802,A,2026,9,146
30287,103802,A,2026,10,145
30287,103802,A,2026,11,80
30288,103802,A,2026,7,81
30288,103802,A,2026,8,93
30288,103802,A,2026,9,132
30288,103802,A,2026,10,117
30288,103802,A,2026,11,66
30289,103802,A,2026,7,53
30289,103802,A,2026,8,54
30289,103802,A,2026,9,81
30289,103802,A,2026,10,72
30289,103802,A,2026,11,30
30290,103802,A,2026,7,82
30290,103802,A,2026,8,109
30290,103802,A,2026,9,126
30290,103802,A,2026,10,118
30290,103802,A,2026,11,64
30291,103802,A,2026,7,82
30291,103802,A,2026,8,110
30291,103802,A,2026,9,117
30291,103802,A,2026,10,114
30291,103802,A,2026,11,63
30581,501715,B,2026,7,71
30581,501715,B,2026,8,47
30581,501715,B,2026,9,102
30581,501715,B,2026,10,74
30581,501715,B,2026,11,41
30582,501715,B,2026,7,90
30582,501715,B,2026,8,96
30582,501715,B,2026,9,162
30582,501715,B,2026,10,109
30582,501715,B,2026,11,76
30583,501715,B,2026,7,68
30583,501715,B,2026,8,81
30583,501715,B,2026,9,128
30583,501715,B,2026,10,88
30583,501715,B,2026,11,53
30745,136218,D,2026,7,34
30745,136218,D,2026,8,30
30745,136218,D,2026,9,55
30745,136218,D,2026,10,30
30745,136218,D,2026,11,29
30746,136218,D,2026,7,52
30746,136218,D,2026,8,47
30746,136218,D,2026,9,84
30746,136218,D,2026,10,45
30746,136218,D,2026,11,44
30747,136218,D,2026,7,46
30747,136218,D,2026,8,42
30747,136218,D,2026,9,75
30747,136218,D,2026,10,40
30747,136218,D,2026,11,39
30748,136218,D,2026,7,30
30748,136218,D,2026,8,27
30748,136218,D,2026,9,50
30748,136218,D,2026,10,27
30748,136218,D,2026,11,26
30749,136118,D,2026,7,23
30749,136118,D,2026,8,21
30749,136118,D,2026,9,37
30749,136118,D,2026,10,20
30749,136118,D,2026,11,19
30750,136118,D,2026,7,36
30750,136118,D,2026,8,32
30750,136118,D,2026,9,58
30750,136118,D,2026,10,31
30750,136118,D,2026,11,30
30751,136118,D,2026,7,34
30751,136118,D,2026,8,31
30751,136118,D,2026,9,55
30751,136118,D,2026,10,30
30751,136118,D,2026,11,29
30752,136118,D,2026,7,24
30752,136118,D,2026,8,21
30752,136118,D,2026,9,39
30752,136118,D,2026,10,21
30752,136118,D,2026,11,20
30893,703404,D,2026,7,27
30893,703404,D,2026,8,29
30893,703404,D,2026,9,71
30893,703404,D,2026,10,51
30893,703404,D,2026,11,47
30894,703404,D,2026,7,30
30894,703404,D,2026,8,32
30894,703404,D,2026,9,79
30894,703404,D,2026,10,57
30894,703404,D,2026,11,53
30895,703404,D,2026,7,29
30895,703404,D,2026,8,31
30895,703404,D,2026,9,76
30895,703404,D,2026,10,54
30895,703404,D,2026,11,50
30896,703404,D,2026,7,21
30896,703404,D,2026,8,23
30896,703404,D,2026,9,56
30896,703404,D,2026,10,40
30896,703404,D,2026,11,38
30901,701308,C,2026,7,40
30901,701308,C,2026,8,44
30901,701308,C,2026,9,107
30901,701308,C,2026,10,77
30901,701308,C,2026,11,71
30902,701308,C,2026,7,48
30902,701308,C,2026,8,52
30902,701308,C,2026,9,127
30902,701308,C,2026,10,91
30902,701308,C,2026,11,84
30903,701308,C,2026,7,44
30903,701308,C,2026,8,47
30903,701308,C,2026,9,115
30903,701308,C,2026,10,82
30903,701308,C,2026,11,76
30904,701308,C,2026,7,27
30904,701308,C,2026,8,29
30904,701308,C,2026,9,71
30904,701308,C,2026,10,51
30904,701308,C,2026,11,47
31049,503400,B,2026,7,30
31049,503400,B,2026,8,35
31049,503400,B,2026,9,44
31049,503400,B,2026,10,8
31049,503400,B,2026,11,4
31050,503400,B,2026,7,52
31050,503400,B,2026,8,64
31050,503400,B,2026,9,224
31050,503400,B,2026,10,86
31050,503400,B,2026,11,33
31068,163101,A,2026,7,118
31068,163101,A,2026,8,131
31068,163101,A,2026,9,182
31068,163101,A,2026,10,173
31068,163101,A,2026,11,84
31069,163101,A,2026,7,43
31069,163101,A,2026,8,58
31069,163101,A,2026,9,45
31069,163101,A,2026,10,49
31069,163101,A,2026,11,32
31070,103802,A,2026,7,52
31070,103802,A,2026,8,54
31070,103802,A,2026,9,91
31070,103802,A,2026,10,102
31070,103802,A,2026,11,52
31072,103802,A,2026,7,51
31072,103802,A,2026,8,53
31072,103802,A,2026,9,77
31072,103802,A,2026,10,91
31072,103802,A,2026,11,28
31073,103802,A,2026,7,39
31073,103802,A,2026,8,40
31073,103802,A,2026,9,53
31073,103802,A,2026,10,60
31073,103802,A,2026,11,33
31074,103802,A,2026,7,53
31074,103802,A,2026,8,54
31074,103802,A,2026,9,69
31074,103802,A,2026,10,75
31074,103802,A,2026,11,54
31075,103802,A,2026,7,46
31075,103802,A,2026,8,47
31075,103802,A,2026,9,59
31075,103802,A,2026,10,79
31075,103802,A,2026,11,42
31076,103802,A,2026,7,31
31076,103802,A,2026,8,29
31076,103802,A,2026,9,38
31076,103802,A,2026,10,51
31076,103802,A,2026,11,25
31101,503810,D,2026,7,23
31101,503810,D,2026,8,34
31101,503810,D,2026,9,48
31101,503810,D,2026,10,23
31101,503810,D,2026,11,13
31108,501701,A,2026,7,64
31108,501701,A,2026,8,72
31108,501701,A,2026,9,106
31108,501701,A,2026,10,85
31108,501701,A,2026,11,50
31109,103802,A,2026,7,48
31109,103802,A,2026,8,24
31109,103802,A,2026,9,41
31109,103802,A,2026,10,49
31109,103802,A,2026,11,32
31110,103802,A,2026,7,58
31110,103802,A,2026,8,33
31110,103802,A,2026,9,60
31110,103802,A,2026,10,72
31110,103802,A,2026,11,25
31111,103802,A,2026,7,48
31111,103802,A,2026,8,29
31111,103802,A,2026,9,45
31111,103802,A,2026,10,51
31111,103802,A,2026,11,31
31112,103802,A,2026,7,46
31112,103802,A,2026,8,21
31112,103802,A,2026,9,50
31112,103802,A,2026,10,44
31112,103802,A,2026,11,24
31121,501701,A,2026,7,108
31121,501701,A,2026,8,112
31121,501701,A,2026,9,148
31121,501701,A,2026,10,150
31121,501701,A,2026,11,98
31122,501701,A,2026,7,222
31122,501701,A,2026,8,228
31122,501701,A,2026,9,360
31122,501701,A,2026,10,263
31122,501701,A,2026,11,157
31123,501701,A,2026,7,200
31123,501701,A,2026,8,190
31123,501701,A,2026,9,258
31123,501701,A,2026,10,216
31123,501701,A,2026,11,129
31124,501701,A,2026,7,107
31124,501701,A,2026,8,101
31124,501701,A,2026,9,128
31124,501701,A,2026,10,145
31124,501701,A,2026,11,78
31125,503001,A,2026,7,51
31125,503001,A,2026,8,57
31125,503001,A,2026,9,90
31125,503001,A,2026,10,43
31125,503001,A,2026,11,40
31126,503001,A,2026,7,103
31126,503001,A,2026,8,102
31126,503001,A,2026,9,203
31126,503001,A,2026,10,117
31126,503001,A,2026,11,81
31127,503001,A,2026,7,126
31127,503001,A,2026,8,111
31127,503001,A,2026,9,197
31127,503001,A,2026,10,141
31127,503001,A,2026,11,111
31128,503001,A,2026,7,104
31128,503001,A,2026,8,85
31128,503001,A,2026,9,155
31128,503001,A,2026,10,118
31128,503001,A,2026,11,98
31129,503303,A,2026,7,59
31129,503303,A,2026,8,62
31129,503303,A,2026,9,71
31129,503303,A,2026,10,52
31129,503303,A,2026,11,28
31130,503303,A,2026,7,91
31130,503303,A,2026,8,101
31130,503303,A,2026,9,104
31130,503303,A,2026,10,87
31130,503303,A,2026,11,45
31131,503303,A,2026,7,80
31131,503303,A,2026,8,83
31131,503303,A,2026,9,62
31131,503303,A,2026,10,67
31131,503303,A,2026,11,36
31132,503303,A,2026,7,46
31132,503303,A,2026,8,41
31132,503303,A,2026,9,30
31132,503303,A,2026,10,41
31132,503303,A,2026,11,33
31141,501700,B,2026,7,71
31141,501700,B,2026,8,70
31141,501700,B,2026,9,83
31141,501700,B,2026,10,64
31141,501700,B,2026,11,42
31142,501700,B,2026,7,117
31142,501700,B,2026,8,117
31142,501700,B,2026,9,125
31142,501700,B,2026,10,124
31142,501700,B,2026,11,86
31143,501700,B,2026,7,74
31143,501700,B,2026,8,90
31143,501700,B,2026,9,91
31143,501700,B,2026,10,89
31143,501700,B,2026,11,51
31351,103006,A,2026,7,51
31351,103006,A,2026,8,97
31351,103006,A,2026,9,107
31351,103006,A,2026,10,119
31351,103006,A,2026,11,125
31353,103006,A,2026,7,35
31353,103006,A,2026,8,65
31353,103006,A,2026,9,98
31353,103006,A,2026,10,78
31353,103006,A,2026,11,57
31359,123603,A,2026,7,19
31359,123603,A,2026,8,36
31359,123603,A,2026,9,34
31359,123603,A,2026,10,34
31359,123603,A,2026,11,29
31361,123603,A,2026,7,75
31361,123603,A,2026,8,74
31361,123603,A,2026,9,87
31361,123603,A,2026,10,109
31361,123603,A,2026,11,116
31368,403300,D,2026,7,18
31368,403300,D,2026,8,16
31368,403300,D,2026,9,24
31368,403300,D,2026,10,24
31368,403300,D,2026,11,16
31375,402102,C,2026,7,38
31375,402102,C,2026,8,35
31375,402102,C,2026,9,51
31375,402102,C,2026,10,50
31375,402102,C,2026,11,33
31376,401309,C,2026,7,25
31376,401309,C,2026,8,23
31376,401309,C,2026,9,34
31376,401309,C,2026,10,33
31376,401309,C,2026,11,22
31379,302000,B,2026,7,30
31379,302000,B,2026,8,25
31379,302000,B,2026,9,53
31379,302000,B,2026,10,75
31379,302000,B,2026,11,29
31380,302003,A,2026,7,47
31380,302003,A,2026,8,66
31380,302003,A,2026,9,84
31380,302003,A,2026,10,71
31380,302003,A,2026,11,58
31381,302003,A,2026,7,40
31381,302003,A,2026,8,36
31381,302003,A,2026,9,55
31381,302003,A,2026,10,62
31381,302003,A,2026,11,41
31388,501700,B,2026,7,34
31388,501700,B,2026,8,47
31388,501700,B,2026,9,56
31388,501700,B,2026,10,39
31388,501700,B,2026,11,38
31389,501700,B,2026,7,37
31389,501700,B,2026,8,56
31389,501700,B,2026,9,138
31389,501700,B,2026,10,51
31389,501700,B,2026,11,40
31943,506643,C,2026,7,9
31943,506643,C,2026,8,3
31943,506643,C,2026,9,6
31943,506643,C,2026,10,0
31943,506643,C,2026,11,0
31944,506643,C,2026,7,16
31944,506643,C,2026,8,6
31944,506643,C,2026,9,12
31944,506643,C,2026,10,0
31944,506643,C,2026,11,0
31945,506643,C,2026,7,15
31945,506643,C,2026,8,6
31945,506643,C,2026,9,11
31945,506643,C,2026,10,0
31945,506643,C,2026,11,0
31946,506643,C,2026,7,10
31946,506643,C,2026,8,4
31946,506643,C,2026,9,7
31946,506643,C,2026,10,0
31946,506643,C,2026,11,0
32057,501302,B,2026,7,71
32057,501302,B,2026,8,55
32057,501302,B,2026,9,65
32057,501302,B,2026,10,44
32057,501302,B,2026,11,38
32058,501302,B,2026,7,80
32058,501302,B,2026,8,57
32058,501302,B,2026,9,73
32058,501302,B,2026,10,59
32058,501302,B,2026,11,46
32059,501302,B,2026,7,71
32059,501302,B,2026,8,42
32059,501302,B,2026,9,61
32059,501302,B,2026,10,45
32059,501302,B,2026,11,30
32077,501302,B,2026,7,62
32077,501302,B,2026,8,59
32077,501302,B,2026,9,72
32077,501302,B,2026,10,61
32077,501302,B,2026,11,37
32078,501302,B,2026,7,74
32078,501302,B,2026,8,65
32078,501302,B,2026,9,86
32078,501302,B,2026,10,70
32078,501302,B,2026,11,41
32079,501302,B,2026,7,59
32079,501302,B,2026,8,54
32079,501302,B,2026,9,83
32079,501302,B,2026,10,49
32079,501302,B,2026,11,29
32302,101701,A,2026,7,61
32302,101701,A,2026,8,53
32302,101701,A,2026,9,66
32302,101701,A,2026,10,56
32302,101701,A,2026,11,34
32303,101701,A,2026,7,78
32303,101701,A,2026,8,94
32303,101701,A,2026,9,125
32303,101701,A,2026,10,92
32303,101701,A,2026,11,68
32304,101701,A,2026,7,67
32304,101701,A,2026,8,83
32304,101701,A,2026,9,120
32304,101701,A,2026,10,92
32304,101701,A,2026,11,63
32305,101701,A,2026,7,50
32305,101701,A,2026,8,51
32305,101701,A,2026,9,56
32305,101701,A,2026,10,49
32305,101701,A,2026,11,42
32306,101701,A,2026,7,71
32306,101701,A,2026,8,76
32306,101701,A,2026,9,122
32306,101701,A,2026,10,93
32306,101701,A,2026,11,56
32307,101701,A,2026,7,117
32307,101701,A,2026,8,154
32307,101701,A,2026,9,223
32307,101701,A,2026,10,179
32307,101701,A,2026,11,103
32308,101701,A,2026,7,111
32308,101701,A,2026,8,149
32308,101701,A,2026,9,217
32308,101701,A,2026,10,165
32308,101701,A,2026,11,96
32309,101701,A,2026,7,65
32309,101701,A,2026,8,74
32309,101701,A,2026,9,105
32309,101701,A,2026,10,99
32309,101701,A,2026,11,52
32310,101701,A,2026,7,70
32310,101701,A,2026,8,54
32310,101701,A,2026,9,75
32310,101701,A,2026,10,62
32310,101701,A,2026,11,45
32311,101701,A,2026,7,107
32311,101701,A,2026,8,119
32311,101701,A,2026,9,165
32311,101701,A,2026,10,133
32311,101701,A,2026,11,76
32312,101701,A,2026,7,91
32312,101701,A,2026,8,100
32312,101701,A,2026,9,126
32312,101701,A,2026,10,111
32312,101701,A,2026,11,69
32313,101701,A,2026,7,53
32313,101701,A,2026,8,38
32313,101701,A,2026,9,58
32313,101701,A,2026,10,50
32313,101701,A,2026,11,39
32314,101701,A,2026,7,38
32314,101701,A,2026,8,48
32314,101701,A,2026,9,72
32314,101701,A,2026,10,71
32314,101701,A,2026,11,30
32315,101701,A,2026,7,79
32315,101701,A,2026,8,121
32315,101701,A,2026,9,151
32315,101701,A,2026,10,128
32315,101701,A,2026,11,70
32316,101701,A,2026,7,69
32316,101701,A,2026,8,100
32316,101701,A,2026,9,126
32316,101701,A,2026,10,114
32316,101701,A,2026,11,60
32317,101701,A,2026,7,52
32317,101701,A,2026,8,65
32317,101701,A,2026,9,66
32317,101701,A,2026,10,83
32317,101701,A,2026,11,44
32318,101701,A,2026,7,106
32318,101701,A,2026,8,80
32318,101701,A,2026,9,131
32318,101701,A,2026,10,105
32318,101701,A,2026,11,47
32319,101701,A,2026,7,139
32319,101701,A,2026,8,191
32319,101701,A,2026,9,292
32319,101701,A,2026,10,216
32319,101701,A,2026,11,102
32320,101701,A,2026,7,137
32320,101701,A,2026,8,144
32320,101701,A,2026,9,225
32320,101701,A,2026,10,187
32320,101701,A,2026,11,101
32321,101701,A,2026,7,78
32321,101701,A,2026,8,82
32321,101701,A,2026,9,111
32321,101701,A,2026,10,108
32321,101701,A,2026,11,89
32344,136117,D,2026,7,21
32344,136117,D,2026,8,18
32344,136117,D,2026,9,33
32344,136117,D,2026,10,18
32344,136117,D,2026,11,17
32345,136117,D,2026,7,31
32345,136117,D,2026,8,27
32345,136117,D,2026,9,50
32345,136117,D,2026,10,27
32345,136117,D,2026,11,26
32346,136117,D,2026,7,26
32346,136117,D,2026,8,24
32346,136117,D,2026,9,43
32346,136117,D,2026,10,23
32346,136117,D,2026,11,22
32347,136117,D,2026,7,20
32347,136117,D,2026,8,18
32347,136117,D,2026,9,33
32347,136117,D,2026,10,17
32347,136117,D,2026,11,17
32565,103605,A,2026,7,35
32565,103605,A,2026,8,11
32565,103605,A,2026,9,76
32565,103605,A,2026,10,152
32565,103605,A,2026,11,109
32566,103605,A,2026,7,113
32566,103605,A,2026,8,28
32566,103605,A,2026,9,148
32566,103605,A,2026,10,306
32566,103605,A,2026,11,239
32567,103605,A,2026,7,182
32567,103605,A,2026,8,23
32567,103605,A,2026,9,252
32567,103605,A,2026,10,389
32567,103605,A,2026,11,290
32568,103605,A,2026,7,126
32568,103605,A,2026,8,36
32568,103605,A,2026,9,176
32568,103605,A,2026,10,321
32568,103605,A,2026,11,246
32569,103605,A,2026,7,47
32569,103605,A,2026,8,12
32569,103605,A,2026,9,121
32569,103605,A,2026,10,222
32569,103605,A,2026,11,176
32575,103605,A,2026,7,26
32575,103605,A,2026,8,7
32575,103605,A,2026,9,41
32575,103605,A,2026,10,79
32575,103605,A,2026,11,62
32576,103605,A,2026,7,74
32576,103605,A,2026,8,11
32576,103605,A,2026,9,117
32576,103605,A,2026,10,228
32576,103605,A,2026,11,185
32577,103605,A,2026,7,91
32577,103605,A,2026,8,20
32577,103605,A,2026,9,143
32577,103605,A,2026,10,261
32577,103605,A,2026,11,212
32578,103605,A,2026,7,68
32578,103605,A,2026,8,13
32578,103605,A,2026,9,123
32578,103605,A,2026,10,207
32578,103605,A,2026,11,149
32579,103605,A,2026,7,42
32579,103605,A,2026,8,12
32579,103605,A,2026,9,65
32579,103605,A,2026,10,156
32579,103605,A,2026,11,85
32580,103605,A,2026,7,49
32580,103605,A,2026,8,15
32580,103605,A,2026,9,119
32580,103605,A,2026,10,231
32580,103605,A,2026,11,192
32581,103605,A,2026,7,196
32581,103605,A,2026,8,42
32581,103605,A,2026,9,245
32581,103605,A,2026,10,415
32581,103605,A,2026,11,374
32582,103605,A,2026,7,302
32582,103605,A,2026,8,204
32582,103605,A,2026,9,286
32582,103605,A,2026,10,569
32582,103605,A,2026,11,474
32583,103605,A,2026,7,196
32583,103605,A,2026,8,49
32583,103605,A,2026,9,292
32583,103605,A,2026,10,495
32583,103605,A,2026,11,406
32584,103605,A,2026,7,157
32584,103605,A,2026,8,38
32584,103605,A,2026,9,165
32584,103605,A,2026,10,331
32584,103605,A,2026,11,266
32585,103605,A,2026,7,8
32585,103605,A,2026,8,3
32585,103605,A,2026,9,35
32585,103605,A,2026,10,62
32585,103605,A,2026,11,65
32586,103605,A,2026,7,19
32586,103605,A,2026,8,5
32586,103605,A,2026,9,78
32586,103605,A,2026,10,170
32586,103605,A,2026,11,130
32587,103605,A,2026,7,20
32587,103605,A,2026,8,7
32587,103605,A,2026,9,84
32587,103605,A,2026,10,166
32587,103605,A,2026,11,133
32588,103605,A,2026,7,16
32588,103605,A,2026,8,6
32588,103605,A,2026,9,77
32588,103605,A,2026,10,157
32588,103605,A,2026,11,130
32589,103605,A,2026,7,14
32589,103605,A,2026,8,3
32589,103605,A,2026,9,36
32589,103605,A,2026,10,76
32589,103605,A,2026,11,71
32595,103605,A,2026,7,13
32595,103605,A,2026,8,1
32595,103605,A,2026,9,23
32595,103605,A,2026,10,53
32595,103605,A,2026,11,50
32596,103605,A,2026,7,29
32596,103605,A,2026,8,8
32596,103605,A,2026,9,77
32596,103605,A,2026,10,147
32596,103605,A,2026,11,93
32597,103605,A,2026,7,23
32597,103605,A,2026,8,3
32597,103605,A,2026,9,84
32597,103605,A,2026,10,202
32597,103605,A,2026,11,117
32598,103605,A,2026,7,22
32598,103605,A,2026,8,6
32598,103605,A,2026,9,76
32598,103605,A,2026,10,152
32598,103605,A,2026,11,98
32599,103605,A,2026,7,24
32599,103605,A,2026,8,7
32599,103605,A,2026,9,35
32599,103605,A,2026,10,83
32599,103605,A,2026,11,49
32901,301705,A,2026,7,230
32901,301705,A,2026,8,211
32901,301705,A,2026,9,265
32901,301705,A,2026,10,183
32901,301705,A,2026,11,81
32902,301705,A,2026,7,275
32902,301705,A,2026,8,311
32902,301705,A,2026,9,398
32902,301705,A,2026,10,356
32902,301705,A,2026,11,161
32903,301705,A,2026,7,242
32903,301705,A,2026,8,300
32903,301705,A,2026,9,378
32903,301705,A,2026,10,308
32903,301705,A,2026,11,135
32904,301705,A,2026,7,225
32904,301705,A,2026,8,208
32904,301705,A,2026,9,265
32904,301705,A,2026,10,190
32904,301705,A,2026,11,51
32905,301705,A,2026,7,211
32905,301705,A,2026,8,187
32905,301705,A,2026,9,248
32905,301705,A,2026,10,155
32905,301705,A,2026,11,38
32906,301705,A,2026,7,234
32906,301705,A,2026,8,256
32906,301705,A,2026,9,358
32906,301705,A,2026,10,275
32906,301705,A,2026,11,118
32907,301705,A,2026,7,229
32907,301705,A,2026,8,253
32907,301705,A,2026,9,348
32907,301705,A,2026,10,270
32907,301705,A,2026,11,100
32908,301705,A,2026,7,214
32908,301705,A,2026,8,191
32908,301705,A,2026,9,263
32908,301705,A,2026,10,159
32908,301705,A,2026,11,28
33102,136120,D,2026,7,15
33102,136120,D,2026,8,15
33102,136120,D,2026,9,17
33102,136120,D,2026,10,12
33102,136120,D,2026,11,10
33103,136120,D,2026,7,27
33103,136120,D,2026,8,27
33103,136120,D,2026,9,30
33103,136120,D,2026,10,21
33103,136120,D,2026,11,17
33104,136120,D,2026,7,23
33104,136120,D,2026,8,23
33104,136120,D,2026,9,26
33104,136120,D,2026,10,18
33104,136120,D,2026,11,15
33114,136220,D,2026,7,13
33114,136220,D,2026,8,13
33114,136220,D,2026,9,15
33114,136220,D,2026,10,10
33114,136220,D,2026,11,8
33115,136220,D,2026,7,20
33115,136220,D,2026,8,20
33115,136220,D,2026,9,22
33115,136220,D,2026,10,16
33115,136220,D,2026,11,13
33116,136220,D,2026,7,18
33116,136220,D,2026,8,18
33116,136220,D,2026,9,21
33116,136220,D,2026,10,14
33116,136220,D,2026,11,12
33157,211703,D,2026,7,57
33157,211703,D,2026,8,59
33157,211703,D,2026,9,81
33157,211703,D,2026,10,136
33157,211703,D,2026,11,58
33158,211703,D,2026,7,50
33158,211703,D,2026,8,51
33158,211703,D,2026,9,71
33158,211703,D,2026,10,118
33158,211703,D,2026,11,51
33216,211303,D,2026,7,101
33216,211303,D,2026,8,104
33216,211303,D,2026,9,144
33216,211303,D,2026,10,242
33216,211303,D,2026,11,103
33217,211303,D,2026,7,75
33217,211303,D,2026,8,78
33217,211303,D,2026,9,107
33217,211303,D,2026,10,179
33217,211303,D,2026,11,77
33534,703801,C,2026,7,9
33534,703801,C,2026,8,17
33534,703801,C,2026,9,18
33534,703801,C,2026,10,20
33534,703801,C,2026,11,11
33535,703801,C,2026,7,7
33535,703801,C,2026,8,14
33535,703801,C,2026,9,15
33535,703801,C,2026,10,16
33535,703801,C,2026,11,9
33538,703801,C,2026,7,21
33538,703801,C,2026,8,39
33538,703801,C,2026,9,41
33538,703801,C,2026,10,44
33538,703801,C,2026,11,25
33539,703801,C,2026,7,16
33539,703801,C,2026,8,30
33539,703801,C,2026,9,31
33539,703801,C,2026,10,34
33539,703801,C,2026,11,19
33577,406610,D,2026,7,26
33577,406610,D,2026,8,24
33577,406610,D,2026,9,35
33577,406610,D,2026,10,35
33577,406610,D,2026,11,23
33578,406610,D,2026,7,26
33578,406610,D,2026,8,24
33578,406610,D,2026,9,35
33578,406610,D,2026,10,34
33578,406610,D,2026,11,23
33579,406610,D,2026,7,21
33579,406610,D,2026,8,19
33579,406610,D,2026,9,28
33579,406610,D,2026,10,28
33579,406610,D,2026,11,19
33628,103801,B,2026,7,67
33628,103801,B,2026,8,137
33628,103801,B,2026,9,74
33628,103801,B,2026,10,73
33628,103801,B,2026,11,30
33629,103801,B,2026,7,82
33629,103801,B,2026,8,165
33629,103801,B,2026,9,149
33629,103801,B,2026,10,97
33629,103801,B,2026,11,34
33630,103801,B,2026,7,79
33630,103801,B,2026,8,164
33630,103801,B,2026,9,135
33630,103801,B,2026,10,99
33630,103801,B,2026,11,38
33631,103801,B,2026,7,65
33631,103801,B,2026,8,135
33631,103801,B,2026,9,101
33631,103801,B,2026,10,77
33631,103801,B,2026,11,33
33632,103801,B,2026,7,107
33632,103801,B,2026,8,115
33632,103801,B,2026,9,101
33632,103801,B,2026,10,135
33632,103801,B,2026,11,43
33633,103801,B,2026,7,120
33633,103801,B,2026,8,182
33633,103801,B,2026,9,223
33633,103801,B,2026,10,154
33633,103801,B,2026,11,73
33634,103801,B,2026,7,119
33634,103801,B,2026,8,173
33634,103801,B,2026,9,216
33634,103801,B,2026,10,168
33634,103801,B,2026,11,71
33635,103801,B,2026,7,111
33635,103801,B,2026,8,119
33635,103801,B,2026,9,135
33635,103801,B,2026,10,135
33635,103801,B,2026,11,47
33719,703801,C,2026,7,19
33719,703801,C,2026,8,35
33719,703801,C,2026,9,37
33719,703801,C,2026,10,40
33719,703801,C,2026,11,23
33720,703801,C,2026,7,9
33720,703801,C,2026,8,17
33720,703801,C,2026,9,18
33720,703801,C,2026,10,19
33720,703801,C,2026,11,11
33740,301705,A,2026,7,185
33740,301705,A,2026,8,154
33740,301705,A,2026,9,190
33740,301705,A,2026,10,150
33740,301705,A,2026,11,32
33741,301705,A,2026,7,229
33741,301705,A,2026,8,234
33741,301705,A,2026,9,318
33741,301705,A,2026,10,244
33741,301705,A,2026,11,90
33742,301705,A,2026,7,227
33742,301705,A,2026,8,228
33742,301705,A,2026,9,307
33742,301705,A,2026,10,223
33742,301705,A,2026,11,67
33743,301705,A,2026,7,189
33743,301705,A,2026,8,168
33743,301705,A,2026,9,185
33743,301705,A,2026,10,130
33743,301705,A,2026,11,24
34028,303100,D,2026,7,12
34028,303100,D,2026,8,11
34028,303100,D,2026,9,27
34028,303100,D,2026,10,26
34028,303100,D,2026,11,20
34029,303100,D,2026,7,14
34029,303100,D,2026,8,13
34029,303100,D,2026,9,32
34029,303100,D,2026,10,31
34029,303100,D,2026,11,23
34030,303100,D,2026,7,10
34030,303100,D,2026,8,10
34030,303100,D,2026,9,24
34030,303100,D,2026,10,23
34030,303100,D,2026,11,18
34036,136121,C,2026,7,5
34036,136121,C,2026,8,3
34036,136121,C,2026,9,17
34036,136121,C,2026,10,19
34036,136121,C,2026,11,15
34037,136121,C,2026,7,6
34037,136121,C,2026,8,4
34037,136121,C,2026,9,20
34037,136121,C,2026,10,24
34037,136121,C,2026,11,18
34038,136121,C,2026,7,8
34038,136121,C,2026,8,6
34038,136121,C,2026,9,29
34038,136121,C,2026,10,34
34038,136121,C,2026,11,26
34039,136121,C,2026,7,2
34039,136121,C,2026,8,2
34039,136121,C,2026,9,8
34039,136121,C,2026,10,9
34039,136121,C,2026,11,7
34040,136121,C,2026,7,6
34040,136121,C,2026,8,4
34040,136121,C,2026,9,22
34040,136121,C,2026,10,26
34040,136121,C,2026,11,20
34041,136121,C,2026,7,8
34041,136121,C,2026,8,6
34041,136121,C,2026,9,29
34041,136121,C,2026,10,34
34041,136121,C,2026,11,26
34042,136121,C,2026,7,7
34042,136121,C,2026,8,5
34042,136121,C,2026,9,25
34042,136121,C,2026,10,29
34042,136121,C,2026,11,23
34043,136121,C,2026,7,3
34043,136121,C,2026,8,2
34043,136121,C,2026,9,11
34043,136121,C,2026,10,12
34043,136121,C,2026,11,10
34074,136221,B,2026,7,5
34074,136221,B,2026,8,0
34074,136221,B,2026,9,11
34074,136221,B,2026,10,33
34074,136221,B,2026,11,33
34075,136221,B,2026,7,4
34075,136221,B,2026,8,0
34075,136221,B,2026,9,20
34075,136221,B,2026,10,45
34075,136221,B,2026,11,54
34076,136221,B,2026,7,4
34076,136221,B,2026,8,1
34076,136221,B,2026,9,24
34076,136221,B,2026,10,47
34076,136221,B,2026,11,38
34077,136221,B,2026,7,1
34077,136221,B,2026,8,0
34077,136221,B,2026,9,24
34077,136221,B,2026,10,47
34077,136221,B,2026,11,29
34078,136221,B,2026,7,2
34078,136221,B,2026,8,1
34078,136221,B,2026,9,24
34078,136221,B,2026,10,44
34078,136221,B,2026,11,38
34079,136221,B,2026,7,5
34079,136221,B,2026,8,0
34079,136221,B,2026,9,20
34079,136221,B,2026,10,47
34079,136221,B,2026,11,65
34080,136221,B,2026,7,4
34080,136221,B,2026,8,1
34080,136221,B,2026,9,31
34080,136221,B,2026,10,47
34080,136221,B,2026,11,46
34081,136221,B,2026,7,6
34081,136221,B,2026,8,1
34081,136221,B,2026,9,32
34081,136221,B,2026,10,43
34081,136221,B,2026,11,28
34082,136221,B,2026,7,1
34082,136221,B,2026,8,0
34082,136221,B,2026,9,28
34082,136221,B,2026,10,51
34082,136221,B,2026,11,36
34083,136221,B,2026,7,4
34083,136221,B,2026,8,0
34083,136221,B,2026,9,30
34083,136221,B,2026,10,51
34083,136221,B,2026,11,27
34084,136221,B,2026,7,1
34084,136221,B,2026,8,0
34084,136221,B,2026,9,77
34084,136221,B,2026,10,82
34084,136221,B,2026,11,19
34085,136221,B,2026,7,1
34085,136221,B,2026,8,0
34085,136221,B,2026,9,77
34085,136221,B,2026,10,68
34085,136221,B,2026,11,15
34124,136120,D,2026,7,11
34124,136120,D,2026,8,11
34124,136120,D,2026,9,13
34124,136120,D,2026,10,9
34124,136120,D,2026,11,7
34125,136120,D,2026,7,20
34125,136120,D,2026,8,20
34125,136120,D,2026,9,22
34125,136120,D,2026,10,15
34125,136120,D,2026,11,12
34126,136120,D,2026,7,18
34126,136120,D,2026,8,18
34126,136120,D,2026,9,20
34126,136120,D,2026,10,14
34126,136120,D,2026,11,11
34136,136220,D,2026,7,12
34136,136220,D,2026,8,12
34136,136220,D,2026,9,14
34136,136220,D,2026,10,10
34136,136220,D,2026,11,8
34137,136220,D,2026,7,18
34137,136220,D,2026,8,18
34137,136220,D,2026,9,20
34137,136220,D,2026,10,14
34137,136220,D,2026,11,11
34138,136220,D,2026,7,17
34138,136220,D,2026,8,17
34138,136220,D,2026,9,19
34138,136220,D,2026,10,13
34138,136220,D,2026,11,10
34140,103801,B,2026,7,63
34140,103801,B,2026,8,84
34140,103801,B,2026,9,42
34140,103801,B,2026,10,42
34140,103801,B,2026,11,20
34141,103801,B,2026,7,57
34141,103801,B,2026,8,85
34141,103801,B,2026,9,93
34141,103801,B,2026,10,47
34141,103801,B,2026,11,30
34142,103801,B,2026,7,73
34142,103801,B,2026,8,84
34142,103801,B,2026,9,95
34142,103801,B,2026,10,67
34142,103801,B,2026,11,32
34143,103801,B,2026,7,47
34143,103801,B,2026,8,72
34143,103801,B,2026,9,77
34143,103801,B,2026,10,52
34143,103801,B,2026,11,18
34147,213001,A,2026,7,166
34147,213001,A,2026,8,256
34147,213001,A,2026,9,268
34147,213001,A,2026,10,327
34147,213001,A,2026,11,169
34148,213001,A,2026,7,120
34148,213001,A,2026,8,211
34148,213001,A,2026,9,203
34148,213001,A,2026,10,275
34148,213001,A,2026,11,137
34149,213001,A,2026,7,50
34149,213001,A,2026,8,69
34149,213001,A,2026,9,95
34149,213001,A,2026,10,83
34149,213001,A,2026,11,54
34159,703015,B,2026,7,74
34159,703015,B,2026,8,80
34159,703015,B,2026,9,99
34159,703015,B,2026,10,60
34159,703015,B,2026,11,47
34160,703015,B,2026,7,73
34160,703015,B,2026,8,76
34160,703015,B,2026,9,87
34160,703015,B,2026,10,48
34160,703015,B,2026,11,47
34161,703015,B,2026,7,53
34161,703015,B,2026,8,56
34161,703015,B,2026,9,75
34161,703015,B,2026,10,56
34161,703015,B,2026,11,35
34163,703015,B,2026,7,45
34163,703015,B,2026,8,62
34163,703015,B,2026,9,90
34163,703015,B,2026,10,70
34163,703015,B,2026,11,35
34164,703015,B,2026,7,42
34164,703015,B,2026,8,52
34164,703015,B,2026,9,77
34164,703015,B,2026,10,71
34164,703015,B,2026,11,31
34165,703015,B,2026,7,38
34165,703015,B,2026,8,48
34165,703015,B,2026,9,43
34165,703015,B,2026,10,53
34165,703015,B,2026,11,32
34167,703015,B,2026,7,42
34167,703015,B,2026,8,62
34167,703015,B,2026,9,99
34167,703015,B,2026,10,39
34167,703015,B,2026,11,41
34168,703015,B,2026,7,37
34168,703015,B,2026,8,59
34168,703015,B,2026,9,78
34168,703015,B,2026,10,38
34168,703015,B,2026,11,36
34169,703015,B,2026,7,42
34169,703015,B,2026,8,50
34169,703015,B,2026,9,54
34169,703015,B,2026,10,26
34169,703015,B,2026,11,32
34171,703015,B,2026,7,121
34171,703015,B,2026,8,136
34171,703015,B,2026,9,220
34171,703015,B,2026,10,166
34171,703015,B,2026,11,105
34172,703015,B,2026,7,92
34172,703015,B,2026,8,114
34172,703015,B,2026,9,162
34172,703015,B,2026,10,126
34172,703015,B,2026,11,94
34173,703015,B,2026,7,62
34173,703015,B,2026,8,105
34173,703015,B,2026,9,117
34173,703015,B,2026,10,113
34173,703015,B,2026,11,72
34280,301103,A,2026,7,200
34280,301103,A,2026,8,199
34280,301103,A,2026,9,253
34280,301103,A,2026,10,237
34280,301103,A,2026,11,132
34281,301103,A,2026,7,321
34281,301103,A,2026,8,310
34281,301103,A,2026,9,454
34281,301103,A,2026,10,431
34281,301103,A,2026,11,207
34282,301103,A,2026,7,244
34282,301103,A,2026,8,309
34282,301103,A,2026,9,394
34282,301103,A,2026,10,362
34282,301103,A,2026,11,178
34283,301103,A,2026,7,116
34283,301103,A,2026,8,130
34283,301103,A,2026,9,147
34283,301103,A,2026,10,173
34283,301103,A,2026,11,58
34284,301701,A,2026,7,136
34284,301701,A,2026,8,161
34284,301701,A,2026,9,242
34284,301701,A,2026,10,198
34284,301701,A,2026,11,77
34285,301701,A,2026,7,219
34285,301701,A,2026,8,277
34285,301701,A,2026,9,397
34285,301701,A,2026,10,355
34285,301701,A,2026,11,154
34286,301701,A,2026,7,171
34286,301701,A,2026,8,226
34286,301701,A,2026,9,294
34286,301701,A,2026,10,218
34286,301701,A,2026,11,116
34337,213001,A,2026,7,45
34337,213001,A,2026,8,43
34337,213001,A,2026,9,53
34337,213001,A,2026,10,30
34337,213001,A,2026,11,27
34338,213001,A,2026,7,71
34338,213001,A,2026,8,80
34338,213001,A,2026,9,138
34338,213001,A,2026,10,69
34338,213001,A,2026,11,56
34339,213001,A,2026,7,75
34339,213001,A,2026,8,89
34339,213001,A,2026,9,153
34339,213001,A,2026,10,72
34339,213001,A,2026,11,63
34340,213001,A,2026,7,55
34340,213001,A,2026,8,63
34340,213001,A,2026,9,97
34340,213001,A,2026,10,65
34340,213001,A,2026,11,35
34343,213001,A,2026,7,38
34343,213001,A,2026,8,47
34343,213001,A,2026,9,52
34343,213001,A,2026,10,45
34343,213001,A,2026,11,24
34397,703314,C,2026,7,7
34397,703314,C,2026,8,8
34397,703314,C,2026,9,19
34397,703314,C,2026,10,14
34397,703314,C,2026,11,13
34398,703314,C,2026,7,10
34398,703314,C,2026,8,10
34398,703314,C,2026,9,25
34398,703314,C,2026,10,18
34398,703314,C,2026,11,17
34399,703314,C,2026,7,10
34399,703314,C,2026,8,11
34399,703314,C,2026,9,28
34399,703314,C,2026,10,20
34399,703314,C,2026,11,18
34400,703314,C,2026,7,7
34400,703314,C,2026,8,8
34400,703314,C,2026,9,19
34400,703314,C,2026,10,14
34400,703314,C,2026,11,13
34412,703313,C,2026,7,10
34412,703313,C,2026,8,11
34412,703313,C,2026,9,28
34412,703313,C,2026,10,20
34412,703313,C,2026,11,18
34413,703313,C,2026,7,11
34413,703313,C,2026,8,12
34413,703313,C,2026,9,29
34413,703313,C,2026,10,21
34413,703313,C,2026,11,19
34414,703313,C,2026,7,10
34414,703313,C,2026,8,11
34414,703313,C,2026,9,27
34414,703313,C,2026,10,19
34414,703313,C,2026,11,18
34415,703313,C,2026,7,7
34415,703313,C,2026,8,8
34415,703313,C,2026,9,20
34415,703313,C,2026,10,14
34415,703313,C,2026,11,13
34444,303602,D,2026,7,10
34444,303602,D,2026,8,10
34444,303602,D,2026,9,24
34444,303602,D,2026,10,23
34444,303602,D,2026,11,17
34445,303602,D,2026,7,13
34445,303602,D,2026,8,13
34445,303602,D,2026,9,31
34445,303602,D,2026,10,30
34445,303602,D,2026,11,23
34446,303602,D,2026,7,11
34446,303602,D,2026,8,10
34446,303602,D,2026,9,25
34446,303602,D,2026,10,24
34446,303602,D,2026,11,18
34459,503805,B,2026,7,13
34459,503805,B,2026,8,9
34459,503805,B,2026,9,20
34459,503805,B,2026,10,36
34459,503805,B,2026,11,14
34460,503805,B,2026,7,18
34460,503805,B,2026,8,10
34460,503805,B,2026,9,39
34460,503805,B,2026,10,75
34460,503805,B,2026,11,37
34461,503805,B,2026,7,18
34461,503805,B,2026,8,10
34461,503805,B,2026,9,38
34461,503805,B,2026,10,70
34461,503805,B,2026,11,43
34462,503805,B,2026,7,12
34462,503805,B,2026,8,8
34462,503805,B,2026,9,16
34462,503805,B,2026,10,32
34462,503805,B,2026,11,26
34463,503805,B,2026,7,6
34463,503805,B,2026,8,3
34463,503805,B,2026,9,18
34463,503805,B,2026,10,26
34463,503805,B,2026,11,21
34464,503805,B,2026,7,12
34464,503805,B,2026,8,8
34464,503805,B,2026,9,27
34464,503805,B,2026,10,48
34464,503805,B,2026,11,25
34465,503805,B,2026,7,11
34465,503805,B,2026,8,5
34465,503805,B,2026,9,17
34465,503805,B,2026,10,46
34465,503805,B,2026,11,24
34466,503805,B,2026,7,10
34466,503805,B,2026,8,3
34466,503805,B,2026,9,16
34466,503805,B,2026,10,28
34466,503805,B,2026,11,17
34691,301707,D,2026,7,2
34691,301707,D,2026,8,2
34691,301707,D,2026,9,6
34691,301707,D,2026,10,5
34691,301707,D,2026,11,4
34692,301707,D,2026,7,2
34692,301707,D,2026,8,2
34692,301707,D,2026,9,6
34692,301707,D,2026,10,5
34692,301707,D,2026,11,4
34693,301707,D,2026,7,2
34693,301707,D,2026,8,2
34693,301707,D,2026,9,5
34693,301707,D,2026,10,5
34693,301707,D,2026,11,3
34699,301310,D,2026,7,1
34699,301310,D,2026,8,1
34699,301310,D,2026,9,3
34699,301310,D,2026,10,3
34699,301310,D,2026,11,2
34700,301310,D,2026,7,3
34700,301310,D,2026,8,3
34700,301310,D,2026,9,7
34700,301310,D,2026,10,7
34700,301310,D,2026,11,5
34701,301310,D,2026,7,3
34701,301310,D,2026,8,3
34701,301310,D,2026,9,7
34701,301310,D,2026,10,7
34701,301310,D,2026,11,5
34702,301310,D,2026,7,3
34702,301310,D,2026,8,2
34702,301310,D,2026,9,6
34702,301310,D,2026,10,6
34702,301310,D,2026,11,4
34703,301310,D,2026,7,1
34703,301310,D,2026,8,1
34703,301310,D,2026,9,3
34703,301310,D,2026,10,3
34703,301310,D,2026,11,2
34705,303402,C,2026,7,2
34705,303402,C,2026,8,2
34705,303402,C,2026,9,5
34705,303402,C,2026,10,5
34705,303402,C,2026,11,4
34706,303402,C,2026,7,2
34706,303402,C,2026,8,2
34706,303402,C,2026,9,5
34706,303402,C,2026,10,5
34706,303402,C,2026,11,3
34707,303402,C,2026,7,2
34707,303402,C,2026,8,2
34707,303402,C,2026,9,4
34707,303402,C,2026,10,4
34707,303402,C,2026,11,3
34710,303402,C,2026,7,2
34710,303402,C,2026,8,2
34710,303402,C,2026,9,5
34710,303402,C,2026,10,5
34710,303402,C,2026,11,4
34711,303402,C,2026,7,3
34711,303402,C,2026,8,3
34711,303402,C,2026,9,7
34711,303402,C,2026,10,6
34711,303402,C,2026,11,5
34712,303402,C,2026,7,2
34712,303402,C,2026,8,2
34712,303402,C,2026,9,6
34712,303402,C,2026,10,5
34712,303402,C,2026,11,4
34723,302104,C,2026,7,4
34723,302104,C,2026,8,4
34723,302104,C,2026,9,9
34723,302104,C,2026,10,9
34723,302104,C,2026,11,7
34724,302104,C,2026,7,5
34724,302104,C,2026,8,4
34724,302104,C,2026,9,10
34724,302104,C,2026,10,10
34724,302104,C,2026,11,8
34725,302104,C,2026,7,4
34725,302104,C,2026,8,4
34725,302104,C,2026,9,9
34725,302104,C,2026,10,9
34725,302104,C,2026,11,7
34734,123604,D,2026,7,2
34734,123604,D,2026,8,3
34734,123604,D,2026,9,3
34734,123604,D,2026,10,3
34734,123604,D,2026,11,2
34735,123604,D,2026,7,2
34735,123604,D,2026,8,3
34735,123604,D,2026,9,4
34735,123604,D,2026,10,4
34735,123604,D,2026,11,3
34736,123604,D,2026,7,6
34736,123604,D,2026,8,9
34736,123604,D,2026,9,13
34736,123604,D,2026,10,11
34736,123604,D,2026,11,7
34737,123604,D,2026,7,7
34737,123604,D,2026,8,10
34737,123604,D,2026,9,13
34737,123604,D,2026,10,11
34737,123604,D,2026,11,8
34738,123604,D,2026,7,8
34738,123604,D,2026,8,12
34738,123604,D,2026,9,16
34738,123604,D,2026,10,13
34738,123604,D,2026,11,9
34739,123604,D,2026,7,9
34739,123604,D,2026,8,13
34739,123604,D,2026,9,17
34739,123604,D,2026,10,15
34739,123604,D,2026,11,10
34740,123604,D,2026,7,9
34740,123604,D,2026,8,13
34740,123604,D,2026,9,17
34740,123604,D,2026,10,15
34740,123604,D,2026,11,10
34773,101704,A,2026,7,38
34773,101704,A,2026,8,5
34773,101704,A,2026,9,19
34773,101704,A,2026,10,11
34773,101704,A,2026,11,3
34774,101704,A,2026,7,33
34774,101704,A,2026,8,4
34774,101704,A,2026,9,27
34774,101704,A,2026,10,27
34774,101704,A,2026,11,3
34775,101704,A,2026,7,38
34775,101704,A,2026,8,4
34775,101704,A,2026,9,20
34775,101704,A,2026,10,13
34775,101704,A,2026,11,1
34776,101704,A,2026,7,15
34776,101704,A,2026,8,0
34776,101704,A,2026,9,11
34776,101704,A,2026,10,11
34776,101704,A,2026,11,1
34777,101704,A,2026,7,23
34777,101704,A,2026,8,2
34777,101704,A,2026,9,19
34777,101704,A,2026,10,12
34777,101704,A,2026,11,2
34778,101704,A,2026,7,18
34778,101704,A,2026,8,1
34778,101704,A,2026,9,11
34778,101704,A,2026,10,10
34778,101704,A,2026,11,2
34779,101704,A,2026,7,10
34779,101704,A,2026,8,0
34779,101704,A,2026,9,10
34779,101704,A,2026,10,9
34779,101704,A,2026,11,1
34780,101704,A,2026,7,21
34780,101704,A,2026,8,0
34780,101704,A,2026,9,12
34780,101704,A,2026,10,10
34780,101704,A,2026,11,2
34781,101704,A,2026,7,13
34781,101704,A,2026,8,0
34781,101704,A,2026,9,10
34781,101704,A,2026,10,6
34781,101704,A,2026,11,1
34782,101704,A,2026,7,23
34782,101704,A,2026,8,0
34782,101704,A,2026,9,14
34782,101704,A,2026,10,10
34782,101704,A,2026,11,2
34783,101704,A,2026,7,41
34783,101704,A,2026,8,3
34783,101704,A,2026,9,19
34783,101704,A,2026,10,10
34783,101704,A,2026,11,2
34784,101704,A,2026,7,26
34784,101704,A,2026,8,3
34784,101704,A,2026,9,19
34784,101704,A,2026,10,10
34784,101704,A,2026,11,3
34810,501742,A,2026,7,50
34810,501742,A,2026,8,16
34810,501742,A,2026,9,10
34810,501742,A,2026,10,3
34810,501742,A,2026,11,4
34811,501742,A,2026,7,39
34811,501742,A,2026,8,11
34811,501742,A,2026,9,15
34811,501742,A,2026,10,4
34811,501742,A,2026,11,5
34812,501742,A,2026,7,49
34812,501742,A,2026,8,15
34812,501742,A,2026,9,16
34812,501742,A,2026,10,6
34812,501742,A,2026,11,3
34816,501742,A,2026,7,34
34816,501742,A,2026,8,11
34816,501742,A,2026,9,14
34816,501742,A,2026,10,6
34816,501742,A,2026,11,2
34817,501742,A,2026,7,39
34817,501742,A,2026,8,10
34817,501742,A,2026,9,19
34817,501742,A,2026,10,6
34817,501742,A,2026,11,1
34818,501742,A,2026,7,42
34818,501742,A,2026,8,10
34818,501742,A,2026,9,16
34818,501742,A,2026,10,7
34818,501742,A,2026,11,3
34828,501723,B,2026,7,12
34828,501723,B,2026,8,1
34828,501723,B,2026,9,2
34828,501723,B,2026,10,2
34828,501723,B,2026,11,0
34829,501723,B,2026,7,21
34829,501723,B,2026,8,8
34829,501723,B,2026,9,7
34829,501723,B,2026,10,1
34829,501723,B,2026,11,0
34830,501723,B,2026,7,17
34830,501723,B,2026,8,7
34830,501723,B,2026,9,7
34830,501723,B,2026,10,3
34830,501723,B,2026,11,0
34831,501723,B,2026,7,6
34831,501723,B,2026,8,2
34831,501723,B,2026,9,2
34831,501723,B,2026,10,1
34831,501723,B,2026,11,0
34836,501723,B,2026,7,10
34836,501723,B,2026,8,1
34836,501723,B,2026,9,1
34836,501723,B,2026,10,1
34836,501723,B,2026,11,0
34837,501723,B,2026,7,15
34837,501723,B,2026,8,4
34837,501723,B,2026,9,8
34837,501723,B,2026,10,3
34837,501723,B,2026,11,0
34838,501723,B,2026,7,14
34838,501723,B,2026,8,3
34838,501723,B,2026,9,6
34838,501723,B,2026,10,2
34838,501723,B,2026,11,0
34839,501723,B,2026,7,5
34839,501723,B,2026,8,1
34839,501723,B,2026,9,1
34839,501723,B,2026,10,1
34839,501723,B,2026,11,0
35019,501745,A,2026,7,22
35019,501745,A,2026,8,6
35019,501745,A,2026,9,10
35019,501745,A,2026,10,1
35019,501745,A,2026,11,0
35020,501745,A,2026,7,32
35020,501745,A,2026,8,11
35020,501745,A,2026,9,5
35020,501745,A,2026,10,4
35020,501745,A,2026,11,8
35021,501745,A,2026,7,24
35021,501745,A,2026,8,6
35021,501745,A,2026,9,11
35021,501745,A,2026,10,1
35021,501745,A,2026,11,0
35022,501745,A,2026,7,26
35022,501745,A,2026,8,12
35022,501745,A,2026,9,5
35022,501745,A,2026,10,0
35022,501745,A,2026,11,13
35023,501745,A,2026,7,43
35023,501745,A,2026,8,14
35023,501745,A,2026,9,12
35023,501745,A,2026,10,6
35023,501745,A,2026,11,5
35024,501745,A,2026,7,31
35024,501745,A,2026,8,12
35024,501745,A,2026,9,12
35024,501745,A,2026,10,1
35024,501745,A,2026,11,3
35025,501745,A,2026,7,23
35025,501745,A,2026,8,5
35025,501745,A,2026,9,12
35025,501745,A,2026,10,4
35025,501745,A,2026,11,2
35026,501745,A,2026,7,29
35026,501745,A,2026,8,10
35026,501745,A,2026,9,12
35026,501745,A,2026,10,0
35026,501745,A,2026,11,1
35027,501745,A,2026,7,23
35027,501745,A,2026,8,11
35027,501745,A,2026,9,11
35027,501745,A,2026,10,1
35027,501745,A,2026,11,1
35028,501745,A,2026,7,10
35028,501745,A,2026,8,2
35028,501745,A,2026,9,7
35028,501745,A,2026,10,5
35028,501745,A,2026,11,0
35029,501745,A,2026,7,26
35029,501745,A,2026,8,6
35029,501745,A,2026,9,12
35029,501745,A,2026,10,2
35029,501745,A,2026,11,2
35030,501745,A,2026,7,22
35030,501745,A,2026,8,6
35030,501745,A,2026,9,10
35030,501745,A,2026,10,0
35030,501745,A,2026,11,0
35204,301701,A,2026,7,48
35204,301701,A,2026,8,4
35204,301701,A,2026,9,20
35204,301701,A,2026,10,14
35204,301701,A,2026,11,0
35205,301701,A,2026,7,31
35205,301701,A,2026,8,3
35205,301701,A,2026,9,20
35205,301701,A,2026,10,16
35205,301701,A,2026,11,1
35206,301701,A,2026,7,45
35206,301701,A,2026,8,2
35206,301701,A,2026,9,18
35206,301701,A,2026,10,12
35206,301701,A,2026,11,0
35208,301701,A,2026,7,37
35208,301701,A,2026,8,3
35208,301701,A,2026,9,18
35208,301701,A,2026,10,14
35208,301701,A,2026,11,1
35209,301701,A,2026,7,34
35209,301701,A,2026,8,4
35209,301701,A,2026,9,24
35209,301701,A,2026,10,19
35209,301701,A,2026,11,2
35210,301701,A,2026,7,42
35210,301701,A,2026,8,1
35210,301701,A,2026,9,18
35210,301701,A,2026,10,13
35210,301701,A,2026,11,0
35220,301103,A,2026,7,34
35220,301103,A,2026,8,3
35220,301103,A,2026,9,17
35220,301103,A,2026,10,11
35220,301103,A,2026,11,1
35221,301103,A,2026,7,131
35221,301103,A,2026,8,40
35221,301103,A,2026,9,11
35221,301103,A,2026,10,25
35221,301103,A,2026,11,10
35222,301103,A,2026,7,73
35222,301103,A,2026,8,9
35222,301103,A,2026,9,21
35222,301103,A,2026,10,7
35222,301103,A,2026,11,3
35223,301103,A,2026,7,22
35223,301103,A,2026,8,2
35223,301103,A,2026,9,12
35223,301103,A,2026,10,10
35223,301103,A,2026,11,2
35224,301103,A,2026,7,34
35224,301103,A,2026,8,6
35224,301103,A,2026,9,15
35224,301103,A,2026,10,5
35224,301103,A,2026,11,0
35225,301103,A,2026,7,81
35225,301103,A,2026,8,18
35225,301103,A,2026,9,21
35225,301103,A,2026,10,6
35225,301103,A,2026,11,2
35226,301103,A,2026,7,57
35226,301103,A,2026,8,6
35226,301103,A,2026,9,21
35226,301103,A,2026,10,9
35226,301103,A,2026,11,2
35227,301103,A,2026,7,25
35227,301103,A,2026,8,1
35227,301103,A,2026,9,13
35227,301103,A,2026,10,10
35227,301103,A,2026,11,0
35232,301705,A,2026,7,2
35232,301705,A,2026,8,0
35232,301705,A,2026,9,0
35232,301705,A,2026,10,1
35232,301705,A,2026,11,0
35233,301705,A,2026,7,10
35233,301705,A,2026,8,0
35233,301705,A,2026,9,9
35233,301705,A,2026,10,5
35233,301705,A,2026,11,0
35234,301705,A,2026,7,9
35234,301705,A,2026,8,0
35234,301705,A,2026,9,9
35234,301705,A,2026,10,6
35234,301705,A,2026,11,1
35235,301705,A,2026,7,2
35235,301705,A,2026,8,0
35235,301705,A,2026,9,0
35235,301705,A,2026,10,3
35235,301705,A,2026,11,0
35236,301705,A,2026,7,9
35236,301705,A,2026,8,0
35236,301705,A,2026,9,6
35236,301705,A,2026,10,2
35236,301705,A,2026,11,0
35237,301705,A,2026,7,15
35237,301705,A,2026,8,0
35237,301705,A,2026,9,11
35237,301705,A,2026,10,7
35237,301705,A,2026,11,1
35238,301705,A,2026,7,15
35238,301705,A,2026,8,0
35238,301705,A,2026,9,11
35238,301705,A,2026,10,6
35238,301705,A,2026,11,1
35239,301705,A,2026,7,2
35239,301705,A,2026,8,0
35239,301705,A,2026,9,3
35239,301705,A,2026,10,8
35239,301705,A,2026,11,1
35252,341001,A,2026,7,10
35252,341001,A,2026,8,0
35252,341001,A,2026,9,9
35252,341001,A,2026,10,5
35252,341001,A,2026,11,0
35253,341001,A,2026,7,40
35253,341001,A,2026,8,3
35253,341001,A,2026,9,21
35253,341001,A,2026,10,13
35253,341001,A,2026,11,2
35254,341001,A,2026,7,34
35254,341001,A,2026,8,1
35254,341001,A,2026,9,20
35254,341001,A,2026,10,13
35254,341001,A,2026,11,0
35255,341001,A,2026,7,41
35255,341001,A,2026,8,7
35255,341001,A,2026,9,15
35255,341001,A,2026,10,4
35255,341001,A,2026,11,2
35256,341001,A,2026,7,14
35256,341001,A,2026,8,1
35256,341001,A,2026,9,11
35256,341001,A,2026,10,5
35256,341001,A,2026,11,0
35257,341001,A,2026,7,34
35257,341001,A,2026,8,6
35257,341001,A,2026,9,16
35257,341001,A,2026,10,5
35257,341001,A,2026,11,0
35258,341001,A,2026,7,33
35258,341001,A,2026,8,1
35258,341001,A,2026,9,15
35258,341001,A,2026,10,11
35258,341001,A,2026,11,7
35259,341001,A,2026,7,40
35259,341001,A,2026,8,1
35259,341001,A,2026,9,16
35259,341001,A,2026,10,14
35259,341001,A,2026,11,0
35268,103009,A,2026,7,28
35268,103009,A,2026,8,6
35268,103009,A,2026,9,10
35268,103009,A,2026,10,0
35268,103009,A,2026,11,0
35269,103009,A,2026,7,114
35269,103009,A,2026,8,30
35269,103009,A,2026,9,20
35269,103009,A,2026,10,7
35269,103009,A,2026,11,2
35270,103009,A,2026,7,120
35270,103009,A,2026,8,43
35270,103009,A,2026,9,15
35270,103009,A,2026,10,8
35270,103009,A,2026,11,10
35271,103009,A,2026,7,112
35271,103009,A,2026,8,27
35271,103009,A,2026,9,22
35271,103009,A,2026,10,3
35271,103009,A,2026,11,0
35276,103009,A,2026,7,14
35276,103009,A,2026,8,0
35276,103009,A,2026,9,11
35276,103009,A,2026,10,5
35276,103009,A,2026,11,1
35277,103009,A,2026,7,40
35277,103009,A,2026,8,1
35277,103009,A,2026,9,19
35277,103009,A,2026,10,12
35277,103009,A,2026,11,1
35278,103009,A,2026,7,36
35278,103009,A,2026,8,2
35278,103009,A,2026,9,17
35278,103009,A,2026,10,10
35278,103009,A,2026,11,1
35279,103009,A,2026,7,36
35279,103009,A,2026,8,1
35279,103009,A,2026,9,19
35279,103009,A,2026,10,12
35279,103009,A,2026,11,0
35285,103101,A,2026,7,18
35285,103101,A,2026,8,1
35285,103101,A,2026,9,12
35285,103101,A,2026,10,7
35285,103101,A,2026,11,3
35286,103101,A,2026,7,37
35286,103101,A,2026,8,3
35286,103101,A,2026,9,17
35286,103101,A,2026,10,10
35286,103101,A,2026,11,1
35287,103101,A,2026,7,34
35287,103101,A,2026,8,0
35287,103101,A,2026,9,16
35287,103101,A,2026,10,10
35287,103101,A,2026,11,1
35288,103101,A,2026,7,40
35288,103101,A,2026,8,4
35288,103101,A,2026,9,19
35288,103101,A,2026,10,10
35288,103101,A,2026,11,4
35290,103101,A,2026,7,32
35290,103101,A,2026,8,6
35290,103101,A,2026,9,11
35290,103101,A,2026,10,3
35290,103101,A,2026,11,0
35291,103101,A,2026,7,114
35291,103101,A,2026,8,23
35291,103101,A,2026,9,18
35291,103101,A,2026,10,22
35291,103101,A,2026,11,0
35292,103101,A,2026,7,82
35292,103101,A,2026,8,19
35292,103101,A,2026,9,23
35292,103101,A,2026,10,1
35292,103101,A,2026,11,0
35293,103101,A,2026,7,42
35293,103101,A,2026,8,8
35293,103101,A,2026,9,16
35293,103101,A,2026,10,6
35293,103101,A,2026,11,0
35305,103605,A,2026,7,52
35305,103605,A,2026,8,16
35305,103605,A,2026,9,11
35305,103605,A,2026,10,7
35305,103605,A,2026,11,1
35306,103605,A,2026,7,80
35306,103605,A,2026,8,24
35306,103605,A,2026,9,25
35306,103605,A,2026,10,3
35306,103605,A,2026,11,0
35307,103605,A,2026,7,135
35307,103605,A,2026,8,47
35307,103605,A,2026,9,16
35307,103605,A,2026,10,27
35307,103605,A,2026,11,4
35308,103605,A,2026,7,89
35308,103605,A,2026,8,34
35308,103605,A,2026,9,22
35308,103605,A,2026,10,5
35308,103605,A,2026,11,0
35309,103605,A,2026,7,59
35309,103605,A,2026,8,25
35309,103605,A,2026,9,15
35309,103605,A,2026,10,1
35309,103605,A,2026,11,5
35315,103605,A,2026,7,17
35315,103605,A,2026,8,3
35315,103605,A,2026,9,15
35315,103605,A,2026,10,7
35315,103605,A,2026,11,2
35316,103605,A,2026,7,60
35316,103605,A,2026,8,23
35316,103605,A,2026,9,14
35316,103605,A,2026,10,4
35316,103605,A,2026,11,4
35317,103605,A,2026,7,59
35317,103605,A,2026,8,23
35317,103605,A,2026,9,15
35317,103605,A,2026,10,4
35317,103605,A,2026,11,3
35318,103605,A,2026,7,57
35318,103605,A,2026,8,21
35318,103605,A,2026,9,12
35318,103605,A,2026,10,7
35318,103605,A,2026,11,4
35319,103605,A,2026,7,28
35319,103605,A,2026,8,8
35319,103605,A,2026,9,16
35319,103605,A,2026,10,2
35319,103605,A,2026,11,2
35328,101700,A,2026,7,38
35328,101700,A,2026,8,5
35328,101700,A,2026,9,18
35328,101700,A,2026,10,13
35328,101700,A,2026,11,2
35329,101700,A,2026,7,132
35329,101700,A,2026,8,45
35329,101700,A,2026,9,13
35329,101700,A,2026,10,27
35329,101700,A,2026,11,11
35330,101700,A,2026,7,68
35330,101700,A,2026,8,14
35330,101700,A,2026,9,25
35330,101700,A,2026,10,5
35330,101700,A,2026,11,2
35331,101700,A,2026,7,23
35331,101700,A,2026,8,1
35331,101700,A,2026,9,12
35331,101700,A,2026,10,11
35331,101700,A,2026,11,2
35332,101700,A,2026,7,36
35332,101700,A,2026,8,3
35332,101700,A,2026,9,19
35332,101700,A,2026,10,11
35332,101700,A,2026,11,3
35333,101700,A,2026,7,36
35333,101700,A,2026,8,4
35333,101700,A,2026,9,19
35333,101700,A,2026,10,13
35333,101700,A,2026,11,5
35334,101700,A,2026,7,37
35334,101700,A,2026,8,1
35334,101700,A,2026,9,17
35334,101700,A,2026,10,13
35334,101700,A,2026,11,0
35335,101700,A,2026,7,12
35335,101700,A,2026,8,1
35335,101700,A,2026,9,10
35335,101700,A,2026,10,5
35335,101700,A,2026,11,0
35340,201301,A,2026,7,41
35340,201301,A,2026,8,3
35340,201301,A,2026,9,15
35340,201301,A,2026,10,11
35340,201301,A,2026,11,2
35341,201301,A,2026,7,200
35341,201301,A,2026,8,47
35341,201301,A,2026,9,22
35341,201301,A,2026,10,0
35341,201301,A,2026,11,28
35342,201301,A,2026,7,209
35342,201301,A,2026,8,52
35342,201301,A,2026,9,19
35342,201301,A,2026,10,0
35342,201301,A,2026,11,26
35343,201301,A,2026,7,158
35343,201301,A,2026,8,53
35343,201301,A,2026,9,26
35343,201301,A,2026,10,7
35343,201301,A,2026,11,11
35348,201301,A,2026,7,36
35348,201301,A,2026,8,8
35348,201301,A,2026,9,14
35348,201301,A,2026,10,3
35348,201301,A,2026,11,0
35349,201301,A,2026,7,185
35349,201301,A,2026,8,43
35349,201301,A,2026,9,56
35349,201301,A,2026,10,14
35349,201301,A,2026,11,0
35350,201301,A,2026,7,193
35350,201301,A,2026,8,50
35350,201301,A,2026,9,41
35350,201301,A,2026,10,0
35350,201301,A,2026,11,3
35351,201301,A,2026,7,143
35351,201301,A,2026,8,49
35351,201301,A,2026,9,26
35351,201301,A,2026,10,15
35351,201301,A,2026,11,11
35352,201702,A,2026,7,19
35352,201702,A,2026,8,7
35352,201702,A,2026,9,11
35352,201702,A,2026,10,2
35352,201702,A,2026,11,0
35353,201702,A,2026,7,90
35353,201702,A,2026,8,24
35353,201702,A,2026,9,20
35353,201702,A,2026,10,5
35353,201702,A,2026,11,0
35354,201702,A,2026,7,126
35354,201702,A,2026,8,44
35354,201702,A,2026,9,15
35354,201702,A,2026,10,26
35354,201702,A,2026,11,13
35355,201702,A,2026,7,41
35355,201702,A,2026,8,7
35355,201702,A,2026,9,16
35355,201702,A,2026,10,6
35355,201702,A,2026,11,1
35360,201702,A,2026,7,25
35360,201702,A,2026,8,3
35360,201702,A,2026,9,14
35360,201702,A,2026,10,10
35360,201702,A,2026,11,2
35361,201702,A,2026,7,135
35361,201702,A,2026,8,44
35361,201702,A,2026,9,12
35361,201702,A,2026,10,34
35361,201702,A,2026,11,19
35362,201702,A,2026,7,140
35362,201702,A,2026,8,45
35362,201702,A,2026,9,17
35362,201702,A,2026,10,29
35362,201702,A,2026,11,8
35363,201702,A,2026,7,40
35363,201702,A,2026,8,0
35363,201702,A,2026,9,13
35363,201702,A,2026,10,10
35363,201702,A,2026,11,8
35376,101000,A,2026,7,36
35376,101000,A,2026,8,4
35376,101000,A,2026,9,12
35376,101000,A,2026,10,11
35376,101000,A,2026,11,2
35377,101000,A,2026,7,51
35377,101000,A,2026,8,8
35377,101000,A,2026,9,10
35377,101000,A,2026,10,5
35377,101000,A,2026,11,5
35378,101000,A,2026,7,39
35378,101000,A,2026,8,5
35378,101000,A,2026,9,18
35378,101000,A,2026,10,13
35378,101000,A,2026,11,2
35380,101000,A,2026,7,14
35380,101000,A,2026,8,1
35380,101000,A,2026,9,11
35380,101000,A,2026,10,5
35380,101000,A,2026,11,1
35381,101000,A,2026,7,41
35381,101000,A,2026,8,6
35381,101000,A,2026,9,13
35381,101000,A,2026,10,4
35381,101000,A,2026,11,1
35382,101000,A,2026,7,39
35382,101000,A,2026,8,5
35382,101000,A,2026,9,17
35382,101000,A,2026,10,11
35382,101000,A,2026,11,2
35392,101500,A,2026,7,20
35392,101500,A,2026,8,1
35392,101500,A,2026,9,12
35392,101500,A,2026,10,8
35392,101500,A,2026,11,1
35393,101500,A,2026,7,31
35393,101500,A,2026,8,3
35393,101500,A,2026,9,16
35393,101500,A,2026,10,11
35393,101500,A,2026,11,3
35394,101500,A,2026,7,34
35394,101500,A,2026,8,1
35394,101500,A,2026,9,15
35394,101500,A,2026,10,8
35394,101500,A,2026,11,4
35395,101500,A,2026,7,26
35395,101500,A,2026,8,2
35395,101500,A,2026,9,14
35395,101500,A,2026,10,10
35395,101500,A,2026,11,2
35396,101500,A,2026,7,18
35396,101500,A,2026,8,2
35396,101500,A,2026,9,11
35396,101500,A,2026,10,7
35396,101500,A,2026,11,1
35397,101500,A,2026,7,39
35397,101500,A,2026,8,6
35397,101500,A,2026,9,17
35397,101500,A,2026,10,6
35397,101500,A,2026,11,0
35398,101500,A,2026,7,35
35398,101500,A,2026,8,1
35398,101500,A,2026,9,18
35398,101500,A,2026,10,13
35398,101500,A,2026,11,0
35399,101500,A,2026,7,22
35399,101500,A,2026,8,2
35399,101500,A,2026,9,12
35399,101500,A,2026,10,10
35399,101500,A,2026,11,1
35428,101701,A,2026,7,15
35428,101701,A,2026,8,0
35428,101701,A,2026,9,11
35428,101701,A,2026,10,6
35428,101701,A,2026,11,1
35429,101701,A,2026,7,40
35429,101701,A,2026,8,4
35429,101701,A,2026,9,19
35429,101701,A,2026,10,13
35429,101701,A,2026,11,1
35430,101701,A,2026,7,28
35430,101701,A,2026,8,4
35430,101701,A,2026,9,19
35430,101701,A,2026,10,11
35430,101701,A,2026,11,4
35431,101701,A,2026,7,7
35431,101701,A,2026,8,0
35431,101701,A,2026,9,10
35431,101701,A,2026,10,9
35431,101701,A,2026,11,0
35436,101701,A,2026,7,25
35436,101701,A,2026,8,3
35436,101701,A,2026,9,15
35436,101701,A,2026,10,11
35436,101701,A,2026,11,2
35437,101701,A,2026,7,30
35437,101701,A,2026,8,4
35437,101701,A,2026,9,38
35437,101701,A,2026,10,16
35437,101701,A,2026,11,4
35438,101701,A,2026,7,36
35438,101701,A,2026,8,0
35438,101701,A,2026,9,13
35438,101701,A,2026,10,10
35438,101701,A,2026,11,6
35439,101701,A,2026,7,18
35439,101701,A,2026,8,0
35439,101701,A,2026,9,12
35439,101701,A,2026,10,7
35439,101701,A,2026,11,2
35471,123603,A,2026,7,0
35471,123603,A,2026,8,0
35471,123603,A,2026,9,0
35471,123603,A,2026,10,0
35471,123603,A,2026,11,0
35472,123603,A,2026,7,2
35472,123603,A,2026,8,0
35472,123603,A,2026,9,0
35472,123603,A,2026,10,0
35472,123603,A,2026,11,0
35473,123603,A,2026,7,0
35473,123603,A,2026,8,0
35473,123603,A,2026,9,0
35473,123603,A,2026,10,0
35473,123603,A,2026,11,0
35476,123603,A,2026,7,0
35476,123603,A,2026,8,0
35476,123603,A,2026,9,0
35476,123603,A,2026,10,0
35476,123603,A,2026,11,0
35477,123603,A,2026,7,3
35477,123603,A,2026,8,0
35477,123603,A,2026,9,2
35477,123603,A,2026,10,0
35477,123603,A,2026,11,0
35478,123603,A,2026,7,0
35478,123603,A,2026,8,0
35478,123603,A,2026,9,0
35478,123603,A,2026,10,0
35478,123603,A,2026,11,0
35481,123603,A,2026,7,0
35481,123603,A,2026,8,0
35481,123603,A,2026,9,0
35481,123603,A,2026,10,0
35481,123603,A,2026,11,0
35482,123603,A,2026,7,1
35482,123603,A,2026,8,0
35482,123603,A,2026,9,0
35482,123603,A,2026,10,0
35482,123603,A,2026,11,0
35486,123603,A,2026,7,0
35486,123603,A,2026,8,0
35486,123603,A,2026,9,0
35486,123603,A,2026,10,1
35486,123603,A,2026,11,5
35504,123009,B,2026,7,2
35504,123009,B,2026,8,0
35504,123009,B,2026,9,0
35504,123009,B,2026,10,0
35504,123009,B,2026,11,0
35505,123009,B,2026,7,5
35505,123009,B,2026,8,0
35505,123009,B,2026,9,0
35505,123009,B,2026,10,0
35505,123009,B,2026,11,0
35508,123009,B,2026,7,5
35508,123009,B,2026,8,0
35508,123009,B,2026,9,0
35508,123009,B,2026,10,0
35508,123009,B,2026,11,0
35509,123009,B,2026,7,3
35509,123009,B,2026,8,1
35509,123009,B,2026,9,0
35509,123009,B,2026,10,0
35509,123009,B,2026,11,0
35510,123009,B,2026,7,4
35510,123009,B,2026,8,0
35510,123009,B,2026,9,0
35510,123009,B,2026,10,0
35510,123009,B,2026,11,0
35512,123009,B,2026,7,5
35512,123009,B,2026,8,0
35512,123009,B,2026,9,0
35512,123009,B,2026,10,0
35512,123009,B,2026,11,0
35513,123009,B,2026,7,6
35513,123009,B,2026,8,2
35513,123009,B,2026,9,0
35513,123009,B,2026,10,0
35513,123009,B,2026,11,0
35515,123009,B,2026,7,2
35515,123009,B,2026,8,0
35515,123009,B,2026,9,0
35515,123009,B,2026,10,0
35515,123009,B,2026,11,0
35531,123405,B,2026,7,2
35531,123405,B,2026,8,0
35531,123405,B,2026,9,0
35531,123405,B,2026,10,0
35531,123405,B,2026,11,0
35532,123405,B,2026,7,2
35532,123405,B,2026,8,0
35532,123405,B,2026,9,0
35532,123405,B,2026,10,0
35532,123405,B,2026,11,0
35535,123405,B,2026,7,2
35535,123405,B,2026,8,0
35535,123405,B,2026,9,0
35535,123405,B,2026,10,0
35535,123405,B,2026,11,0
35536,123405,B,2026,7,4
35536,123405,B,2026,8,1
35536,123405,B,2026,9,1
35536,123405,B,2026,10,1
35536,123405,B,2026,11,0
35538,123405,B,2026,7,2
35538,123405,B,2026,8,0
35538,123405,B,2026,9,0
35538,123405,B,2026,10,0
35538,123405,B,2026,11,0
35539,123405,B,2026,7,5
35539,123405,B,2026,8,0
35539,123405,B,2026,9,0
35539,123405,B,2026,10,0
35539,123405,B,2026,11,0
36066,121301,B,2026,7,13
36066,121301,B,2026,8,1
36066,121301,B,2026,9,1
36066,121301,B,2026,10,1
36066,121301,B,2026,11,0
36067,121301,B,2026,7,12
36067,121301,B,2026,8,0
36067,121301,B,2026,9,0
36067,121301,B,2026,10,0
36067,121301,B,2026,11,0
36129,103803,B,2026,7,11
36129,103803,B,2026,8,0
36129,103803,B,2026,9,0
36129,103803,B,2026,10,0
36129,103803,B,2026,11,0
36130,103803,B,2026,7,11
36130,103803,B,2026,8,0
36130,103803,B,2026,9,1
36130,103803,B,2026,10,2
36130,103803,B,2026,11,0
36131,103803,B,2026,7,9
36131,103803,B,2026,8,0
36131,103803,B,2026,9,0
36131,103803,B,2026,10,0
36131,103803,B,2026,11,0
36132,103803,B,2026,7,11
36132,103803,B,2026,8,0
36132,103803,B,2026,9,0
36132,103803,B,2026,10,0
36132,103803,B,2026,11,0
36141,103803,B,2026,7,10
36141,103803,B,2026,8,0
36141,103803,B,2026,9,2
36141,103803,B,2026,10,3
36141,103803,B,2026,11,0
36142,103803,B,2026,7,26
36142,103803,B,2026,8,7
36142,103803,B,2026,9,6
36142,103803,B,2026,10,0
36142,103803,B,2026,11,1
36143,103803,B,2026,7,25
36143,103803,B,2026,8,7
36143,103803,B,2026,9,4
36143,103803,B,2026,10,0
36143,103803,B,2026,11,1
36144,103803,B,2026,7,10
36144,103803,B,2026,8,0
36144,103803,B,2026,9,1
36144,103803,B,2026,10,2
36144,103803,B,2026,11,0
36587,106601,C,2026,7,6
36587,106601,C,2026,8,7
36587,106601,C,2026,9,10
36587,106601,C,2026,10,9
36587,106601,C,2026,11,6
36588,106601,C,2026,7,9
36588,106601,C,2026,8,10
36588,106601,C,2026,9,14
36588,106601,C,2026,10,14
36588,106601,C,2026,11,9
36589,106601,C,2026,7,7
36589,106601,C,2026,8,9
36589,106601,C,2026,9,12
36589,106601,C,2026,10,12
36589,106601,C,2026,11,8
36590,106601,C,2026,7,4
36590,106601,C,2026,8,5
36590,106601,C,2026,9,7
36590,106601,C,2026,10,7
36590,106601,C,2026,11,4
36655,123405,B,2026,7,5
36655,123405,B,2026,8,0
36655,123405,B,2026,9,0
36655,123405,B,2026,10,0
36655,123405,B,2026,11,0
36656,123405,B,2026,7,4
36656,123405,B,2026,8,0
36656,123405,B,2026,9,0
36656,123405,B,2026,10,0
36656,123405,B,2026,11,0
36659,123405,B,2026,7,3
36659,123405,B,2026,8,1
36659,123405,B,2026,9,0
36659,123405,B,2026,10,0
36659,123405,B,2026,11,0
36660,123405,B,2026,7,3
36660,123405,B,2026,8,1
36660,123405,B,2026,9,0
36660,123405,B,2026,10,0
36660,123405,B,2026,11,0
36662,123405,B,2026,7,3
36662,123405,B,2026,8,0
36662,123405,B,2026,9,0
36662,123405,B,2026,10,0
36662,123405,B,2026,11,0
36663,123405,B,2026,7,3
36663,123405,B,2026,8,1
36663,123405,B,2026,9,0
36663,123405,B,2026,10,0
36663,123405,B,2026,11,0
36673,306602,C,2026,7,7
36673,306602,C,2026,8,6
36673,306602,C,2026,9,9
36673,306602,C,2026,10,11
36673,306602,C,2026,11,5
36674,306602,C,2026,7,10
36674,306602,C,2026,8,9
36674,306602,C,2026,9,13
36674,306602,C,2026,10,16
36674,306602,C,2026,11,8
36675,306602,C,2026,7,8
36675,306602,C,2026,8,8
36675,306602,C,2026,9,11
36675,306602,C,2026,10,13
36675,306602,C,2026,11,6
36676,306602,C,2026,7,4
36676,306602,C,2026,8,4
36676,306602,C,2026,9,6
36676,306602,C,2026,10,7
36676,306602,C,2026,11,3
36704,136910,C,2026,7,3
36704,136910,C,2026,8,2
36704,136910,C,2026,9,9
36704,136910,C,2026,10,11
36704,136910,C,2026,11,9
36705,136910,C,2026,7,5
36705,136910,C,2026,8,4
36705,136910,C,2026,9,18
36705,136910,C,2026,10,21
36705,136910,C,2026,11,16
36706,136910,C,2026,7,3
36706,136910,C,2026,8,2
36706,136910,C,2026,9,11
36706,136910,C,2026,10,13
36706,136910,C,2026,11,10
36716,136910,C,2026,7,2
36716,136910,C,2026,8,2
36716,136910,C,2026,9,8
36716,136910,C,2026,10,9
36716,136910,C,2026,11,7
36717,136910,C,2026,7,5
36717,136910,C,2026,8,4
36717,136910,C,2026,9,18
36717,136910,C,2026,10,21
36717,136910,C,2026,11,16
36718,136910,C,2026,7,4
36718,136910,C,2026,8,3
36718,136910,C,2026,9,13
36718,136910,C,2026,10,16
36718,136910,C,2026,11,12
36728,123008,C,2026,7,1
36728,123008,C,2026,8,1
36728,123008,C,2026,9,1
36728,123008,C,2026,10,1
36728,123008,C,2026,11,1
36730,123008,C,2026,7,1
36730,123008,C,2026,8,2
36730,123008,C,2026,9,3
36730,123008,C,2026,10,2
36730,123008,C,2026,11,2
36731,123008,C,2026,7,2
36731,123008,C,2026,8,3
36731,123008,C,2026,9,4
36731,123008,C,2026,10,3
36731,123008,C,2026,11,2
36732,123008,C,2026,7,1
36732,123008,C,2026,8,2
36732,123008,C,2026,9,2
36732,123008,C,2026,10,2
36732,123008,C,2026,11,1
36734,123008,C,2026,7,2
36734,123008,C,2026,8,4
36734,123008,C,2026,9,5
36734,123008,C,2026,10,4
36734,123008,C,2026,11,3
36735,123008,C,2026,7,2
36735,123008,C,2026,8,4
36735,123008,C,2026,9,5
36735,123008,C,2026,10,4
36735,123008,C,2026,11,3
36736,123008,C,2026,7,1
36736,123008,C,2026,8,2
36736,123008,C,2026,9,3
36736,123008,C,2026,10,2
36736,123008,C,2026,11,2
36738,123008,C,2026,7,2
36738,123008,C,2026,8,4
36738,123008,C,2026,9,5
36738,123008,C,2026,10,4
36738,123008,C,2026,11,3
36739,123008,C,2026,7,2
36739,123008,C,2026,8,4
36739,123008,C,2026,9,5
36739,123008,C,2026,10,4
36739,123008,C,2026,11,3
36740,123008,C,2026,7,1
36740,123008,C,2026,8,1
36740,123008,C,2026,9,2
36740,123008,C,2026,10,2
36740,123008,C,2026,11,1
36741,123008,C,2026,7,2
36741,123008,C,2026,8,3
36741,123008,C,2026,9,4
36741,123008,C,2026,10,3
36741,123008,C,2026,11,2
36764,703015,B,2026,7,2
36764,703015,B,2026,8,4
36764,703015,B,2026,9,0
36764,703015,B,2026,10,0
36764,703015,B,2026,11,0
36767,703015,B,2026,7,0
36767,703015,B,2026,8,0
36767,703015,B,2026,9,0
36767,703015,B,2026,10,0
36767,703015,B,2026,11,0
36768,703015,B,2026,7,1
36768,703015,B,2026,8,0
36768,703015,B,2026,9,0
36768,703015,B,2026,10,0
36768,703015,B,2026,11,0
36769,703015,B,2026,7,5
36769,703015,B,2026,8,0
36769,703015,B,2026,9,0
36769,703015,B,2026,10,0
36769,703015,B,2026,11,0
36779,123604,D,2026,7,1
36779,123604,D,2026,8,1
36779,123604,D,2026,9,1
36779,123604,D,2026,10,1
36779,123604,D,2026,11,1
36922,701302,B,2026,7,8
36922,701302,B,2026,8,0
36922,701302,B,2026,9,0
36922,701302,B,2026,10,0
36922,701302,B,2026,11,0
36923,701302,B,2026,7,11
36923,701302,B,2026,8,0
36923,701302,B,2026,9,0
36923,701302,B,2026,10,0
36923,701302,B,2026,11,0
36924,701302,B,2026,7,10
36924,701302,B,2026,8,0
36924,701302,B,2026,9,0
36924,701302,B,2026,10,0
36924,701302,B,2026,11,0
36932,703001,B,2026,7,6
36932,703001,B,2026,8,0
36932,703001,B,2026,9,0
36932,703001,B,2026,10,0
36932,703001,B,2026,11,0
36933,703001,B,2026,7,9
36933,703001,B,2026,8,0
36933,703001,B,2026,9,0
36933,703001,B,2026,10,0
36933,703001,B,2026,11,0
36934,703001,B,2026,7,7
36934,703001,B,2026,8,0
36934,703001,B,2026,9,0
36934,703001,B,2026,10,0
36934,703001,B,2026,11,0
36935,703001,B,2026,7,2
36935,703001,B,2026,8,0
36935,703001,B,2026,9,0
36935,703001,B,2026,10,0
36935,703001,B,2026,11,0
36941,703008,B,2026,7,1
36941,703008,B,2026,8,0
36941,703008,B,2026,9,0
36941,703008,B,2026,10,0
36941,703008,B,2026,11,0
36942,703008,B,2026,7,0
36942,703008,B,2026,8,0
36942,703008,B,2026,9,0
36942,703008,B,2026,10,0
36942,703008,B,2026,11,0
36943,703008,B,2026,7,2
36943,703008,B,2026,8,0
36943,703008,B,2026,9,0
36943,703008,B,2026,10,0
36943,703008,B,2026,11,0
36944,703008,B,2026,7,3
36944,703008,B,2026,8,0
36944,703008,B,2026,9,0
36944,703008,B,2026,10,0
36944,703008,B,2026,11,0
36946,703015,B,2026,7,4
36946,703015,B,2026,8,0
36946,703015,B,2026,9,0
36946,703015,B,2026,10,0
36946,703015,B,2026,11,0
36947,703015,B,2026,7,1
36947,703015,B,2026,8,0
36947,703015,B,2026,9,0
36947,703015,B,2026,10,0
36947,703015,B,2026,11,0
36948,703015,B,2026,7,1
36948,703015,B,2026,8,0
36948,703015,B,2026,9,0
36948,703015,B,2026,10,0
36948,703015,B,2026,11,0
36949,703015,B,2026,7,4
36949,703015,B,2026,8,0
36949,703015,B,2026,9,0
36949,703015,B,2026,10,0
36949,703015,B,2026,11,0
4023,103006,A,2026,7,23
4023,103006,A,2026,8,56
4023,103006,A,2026,9,71
4023,103006,A,2026,10,58
4023,103006,A,2026,11,51
4024,103006,A,2026,7,58
4024,103006,A,2026,8,104
4024,103006,A,2026,9,118
4024,103006,A,2026,10,90
4024,103006,A,2026,11,86
4025,103006,A,2026,7,55
4025,103006,A,2026,8,108
4025,103006,A,2026,9,131
4025,103006,A,2026,10,91
4025,103006,A,2026,11,89
4026,103006,A,2026,7,56
4026,103006,A,2026,8,117
4026,103006,A,2026,9,113
4026,103006,A,2026,10,93
4026,103006,A,2026,11,96
4027,103006,A,2026,7,88
4027,103006,A,2026,8,203
4027,103006,A,2026,9,193
4027,103006,A,2026,10,171
4027,103006,A,2026,11,170
4028,103006,A,2026,7,73
4028,103006,A,2026,8,172
4028,103006,A,2026,9,201
4028,103006,A,2026,10,158
4028,103006,A,2026,11,156
4106,103101,A,2026,7,87
4106,103101,A,2026,8,71
4106,103101,A,2026,9,148
4106,103101,A,2026,10,136
4106,103101,A,2026,11,106
4107,103101,A,2026,7,157
4107,103101,A,2026,8,164
4107,103101,A,2026,9,248
4107,103101,A,2026,10,272
4107,103101,A,2026,11,196
4108,103101,A,2026,7,147
4108,103101,A,2026,8,145
4108,103101,A,2026,9,273
4108,103101,A,2026,10,290
4108,103101,A,2026,11,207
4109,103101,A,2026,7,105
4109,103101,A,2026,8,89
4109,103101,A,2026,9,125
4109,103101,A,2026,10,180
4109,103101,A,2026,11,134
4124,103101,A,2026,7,233
4124,103101,A,2026,8,197
4124,103101,A,2026,9,318
4124,103101,A,2026,10,322
4124,103101,A,2026,11,172
4125,103101,A,2026,7,441
4125,103101,A,2026,8,383
4125,103101,A,2026,9,535
4125,103101,A,2026,10,556
4125,103101,A,2026,11,323
4126,103101,A,2026,7,394
4126,103101,A,2026,8,285
4126,103101,A,2026,9,458
4126,103101,A,2026,10,522
4126,103101,A,2026,11,338
4127,103101,A,2026,7,238
4127,103101,A,2026,8,160
4127,103101,A,2026,9,273
4127,103101,A,2026,10,308
4127,103101,A,2026,11,201
4128,103101,A,2026,7,265
4128,103101,A,2026,8,213
4128,103101,A,2026,9,353
4128,103101,A,2026,10,388
4128,103101,A,2026,11,211
4129,103101,A,2026,7,512
4129,103101,A,2026,8,477
4129,103101,A,2026,9,685
4129,103101,A,2026,10,728
4129,103101,A,2026,11,449
4130,103101,A,2026,7,503
4130,103101,A,2026,8,384
4130,103101,A,2026,9,588
4130,103101,A,2026,10,686
4130,103101,A,2026,11,422
4131,103101,A,2026,7,292
4131,103101,A,2026,8,213
4131,103101,A,2026,9,315
4131,103101,A,2026,10,399
4131,103101,A,2026,11,272
4138,103101,A,2026,7,157
4138,103101,A,2026,8,98
4138,103101,A,2026,9,225
4138,103101,A,2026,10,255
4138,103101,A,2026,11,111
4139,103101,A,2026,7,282
4139,103101,A,2026,8,203
4139,103101,A,2026,9,321
4139,103101,A,2026,10,392
4139,103101,A,2026,11,194
4140,103101,A,2026,7,254
4140,103101,A,2026,8,174
4140,103101,A,2026,9,295
4140,103101,A,2026,10,350
4140,103101,A,2026,11,184
4141,103101,A,2026,7,160
4141,103101,A,2026,8,89
4141,103101,A,2026,9,173
4141,103101,A,2026,10,241
4141,103101,A,2026,11,140
5851,163101,A,2026,7,239
5851,163101,A,2026,8,264
5851,163101,A,2026,9,331
5851,163101,A,2026,10,364
5851,163101,A,2026,11,162
5852,163101,A,2026,7,376
5852,163101,A,2026,8,374
5852,163101,A,2026,9,454
5852,163101,A,2026,10,574
5852,163101,A,2026,11,319
5853,163101,A,2026,7,312
5853,163101,A,2026,8,381
5853,163101,A,2026,9,369
5853,163101,A,2026,10,441
5853,163101,A,2026,11,205
5854,163101,A,2026,7,67
5854,163101,A,2026,8,102
5854,163101,A,2026,9,66
5854,163101,A,2026,10,95
5854,163101,A,2026,11,57
5855,163101,A,2026,7,79
5855,163101,A,2026,8,159
5855,163101,A,2026,9,129
5855,163101,A,2026,10,131
5855,163101,A,2026,11,75
5856,163101,A,2026,7,72
5856,163101,A,2026,8,123
5856,163101,A,2026,9,117
5856,163101,A,2026,10,107
5856,163101,A,2026,11,60
6442,201301,A,2026,7,173
6442,201301,A,2026,8,126
6442,201301,A,2026,9,264
6442,201301,A,2026,10,236
6442,201301,A,2026,11,194
6443,201301,A,2026,7,658
6443,201301,A,2026,8,749
6443,201301,A,2026,9,860
6443,201301,A,2026,10,1001
6443,201301,A,2026,11,628
6444,201301,A,2026,7,699
6444,201301,A,2026,8,799
6444,201301,A,2026,9,948
6444,201301,A,2026,10,1056
6444,201301,A,2026,11,631
6445,201301,A,2026,7,413
6445,201301,A,2026,8,449
6445,201301,A,2026,9,578
6445,201301,A,2026,10,642
6445,201301,A,2026,11,456
6474,201301,A,2026,7,160
6474,201301,A,2026,8,117
6474,201301,A,2026,9,166
6474,201301,A,2026,10,217
6474,201301,A,2026,11,147
6475,201301,A,2026,7,598
6475,201301,A,2026,8,598
6475,201301,A,2026,9,774
6475,201301,A,2026,10,912
6475,201301,A,2026,11,465
6476,201301,A,2026,7,682
6476,201301,A,2026,8,678
6476,201301,A,2026,9,810
6476,201301,A,2026,10,960
6476,201301,A,2026,11,524
6477,201301,A,2026,7,404
6477,201301,A,2026,8,400
6477,201301,A,2026,9,475
6477,201301,A,2026,10,543
6477,201301,A,2026,11,386
6482,201301,A,2026,7,115
6482,201301,A,2026,8,49
6482,201301,A,2026,9,89
6482,201301,A,2026,10,106
6482,201301,A,2026,11,73
6483,201301,A,2026,7,258
6483,201301,A,2026,8,182
6483,201301,A,2026,9,280
6483,201301,A,2026,10,303
6483,201301,A,2026,11,248
6484,201301,A,2026,7,287
6484,201301,A,2026,8,198
6484,201301,A,2026,9,313
6484,201301,A,2026,10,352
6484,201301,A,2026,11,252
6485,201301,A,2026,7,181
6485,201301,A,2026,8,109
6485,201301,A,2026,9,184
6485,201301,A,2026,10,244
6485,201301,A,2026,11,170
6499,201301,A,2026,7,135
6499,201301,A,2026,8,82
6499,201301,A,2026,9,118
6499,201301,A,2026,10,160
6499,201301,A,2026,11,136
6500,201301,A,2026,7,439
6500,201301,A,2026,8,401
6500,201301,A,2026,9,472
6500,201301,A,2026,10,565
6500,201301,A,2026,11,424
6501,201301,A,2026,7,465
6501,201301,A,2026,8,429
6501,201301,A,2026,9,586
6501,201301,A,2026,10,644
6501,201301,A,2026,11,414
6502,201301,A,2026,7,316
6502,201301,A,2026,8,299
6502,201301,A,2026,9,392
6502,201301,A,2026,10,437
6502,201301,A,2026,11,333
6708,203300,C,2026,7,19
6708,203300,C,2026,8,22
6708,203300,C,2026,9,31
6708,203300,C,2026,10,31
6708,203300,C,2026,11,20
6709,203300,C,2026,7,44
6709,203300,C,2026,8,51
6709,203300,C,2026,9,72
6709,203300,C,2026,10,71
6709,203300,C,2026,11,46
6710,203300,C,2026,7,46
6710,203300,C,2026,8,53
6710,203300,C,2026,9,74
6710,203300,C,2026,10,73
6710,203300,C,2026,11,47
6711,203300,C,2026,7,38
6711,203300,C,2026,8,44
6711,203300,C,2026,9,62
6711,203300,C,2026,10,61
6711,203300,C,2026,11,39
6734,203601,A,2026,7,63
6734,203601,A,2026,8,76
6734,203601,A,2026,9,102
6734,203601,A,2026,10,109
6734,203601,A,2026,11,78
6735,203601,A,2026,7,45
6735,203601,A,2026,8,68
6735,203601,A,2026,9,99
6735,203601,A,2026,10,88
6735,203601,A,2026,11,77
6736,203601,A,2026,7,36
6736,203601,A,2026,8,49
6736,203601,A,2026,9,83
6736,203601,A,2026,10,60
6736,203601,A,2026,11,48
6743,203601,A,2026,7,75
6743,203601,A,2026,8,108
6743,203601,A,2026,9,113
6743,203601,A,2026,10,133
6743,203601,A,2026,11,91
6744,203601,A,2026,7,156
6744,203601,A,2026,8,184
6744,203601,A,2026,9,257
6744,203601,A,2026,10,269
6744,203601,A,2026,11,176
6745,203601,A,2026,7,132
6745,203601,A,2026,8,168
6745,203601,A,2026,9,264
6745,203601,A,2026,10,235
6745,203601,A,2026,11,185
6746,203601,A,2026,7,72
6746,203601,A,2026,8,103
6746,203601,A,2026,9,165
6746,203601,A,2026,10,158
6746,203601,A,2026,11,88
6747,203601,A,2026,7,34
6747,203601,A,2026,8,48
6747,203601,A,2026,9,52
6747,203601,A,2026,10,54
6747,203601,A,2026,11,46
6766,203700,C,2026,7,32
6766,203700,C,2026,8,37
6766,203700,C,2026,9,52
6766,203700,C,2026,10,52
6766,203700,C,2026,11,33
6767,203700,C,2026,7,72
6767,203700,C,2026,8,83
6767,203700,C,2026,9,116
6767,203700,C,2026,10,115
6767,203700,C,2026,11,74
6768,203700,C,2026,7,76
6768,203700,C,2026,8,87
6768,203700,C,2026,9,122
6768,203700,C,2026,10,121
6768,203700,C,2026,11,78
6769,203700,C,2026,7,54
6769,203700,C,2026,8,62
6769,203700,C,2026,9,86
6769,203700,C,2026,10,85
6769,203700,C,2026,11,55
6823,211300,B,2026,7,44
6823,211300,B,2026,8,63
6823,211300,B,2026,9,67
6823,211300,B,2026,10,100
6823,211300,B,2026,11,84
6824,211300,B,2026,7,47
6824,211300,B,2026,8,77
6824,211300,B,2026,9,64
6824,211300,B,2026,10,123
6824,211300,B,2026,11,93
6825,211300,B,2026,7,31
6825,211300,B,2026,8,62
6825,211300,B,2026,9,64
6825,211300,B,2026,10,76
6825,211300,B,2026,11,77
6827,211300,B,2026,7,28
6827,211300,B,2026,8,58
6827,211300,B,2026,9,51
6827,211300,B,2026,10,51
6827,211300,B,2026,11,56
6828,211300,B,2026,7,34
6828,211300,B,2026,8,59
6828,211300,B,2026,9,42
6828,211300,B,2026,10,54
6828,211300,B,2026,11,59
6829,211300,B,2026,7,20
6829,211300,B,2026,8,46
6829,211300,B,2026,9,56
6829,211300,B,2026,10,60
6829,211300,B,2026,11,60
6869,213001,A,2026,7,185
6869,213001,A,2026,8,233
6869,213001,A,2026,9,332
6869,213001,A,2026,10,327
6869,213001,A,2026,11,291
6870,213001,A,2026,7,379
6870,213001,A,2026,8,601
6870,213001,A,2026,9,686
6870,213001,A,2026,10,707
6870,213001,A,2026,11,501
6871,213001,A,2026,7,370
6871,213001,A,2026,8,595
6871,213001,A,2026,9,657
6871,213001,A,2026,10,691
6871,213001,A,2026,11,596
6872,213001,A,2026,7,259
6872,213001,A,2026,8,347
6872,213001,A,2026,9,409
6872,213001,A,2026,10,472
6872,213001,A,2026,11,292
6873,213001,A,2026,7,54
6873,213001,A,2026,8,48
6873,213001,A,2026,9,50
6873,213001,A,2026,10,54
6873,213001,A,2026,11,45
6874,213001,A,2026,7,75
6874,213001,A,2026,8,103
6874,213001,A,2026,9,111
6874,213001,A,2026,10,102
6874,213001,A,2026,11,62
6875,213001,A,2026,7,89
6875,213001,A,2026,8,113
6875,213001,A,2026,9,147
6875,213001,A,2026,10,118
6875,213001,A,2026,11,77
6876,213001,A,2026,7,81
6876,213001,A,2026,8,88
6876,213001,A,2026,9,111
6876,213001,A,2026,10,94
6876,213001,A,2026,11,93
7024,301600,B,2026,7,58
7024,301600,B,2026,8,33
7024,301600,B,2026,9,86
7024,301600,B,2026,10,75
7024,301600,B,2026,11,40
7025,301600,B,2026,7,132
7025,301600,B,2026,8,135
7025,301600,B,2026,9,140
7025,301600,B,2026,10,129
7025,301600,B,2026,11,97
7026,301600,B,2026,7,113
7026,301600,B,2026,8,66
7026,301600,B,2026,9,125
7026,301600,B,2026,10,119
7026,301600,B,2026,11,61
7027,301600,B,2026,7,100
7027,301600,B,2026,8,80
7027,301600,B,2026,9,100
7027,301600,B,2026,10,111
7027,301600,B,2026,11,58
7108,302003,A,2026,7,69
7108,302003,A,2026,8,62
7108,302003,A,2026,9,110
7108,302003,A,2026,10,86
7108,302003,A,2026,11,59
7109,302003,A,2026,7,122
7109,302003,A,2026,8,117
7109,302003,A,2026,9,187
7109,302003,A,2026,10,149
7109,302003,A,2026,11,124
7110,302003,A,2026,7,122
7110,302003,A,2026,8,103
7110,302003,A,2026,9,208
7110,302003,A,2026,10,133
7110,302003,A,2026,11,89
7111,302003,A,2026,7,71
7111,302003,A,2026,8,62
7111,302003,A,2026,9,128
7111,302003,A,2026,10,84
7111,302003,A,2026,11,57
8028,341001,A,2026,7,30
8028,341001,A,2026,8,36
8028,341001,A,2026,9,54
8028,341001,A,2026,10,50
8028,341001,A,2026,11,34
8029,341001,A,2026,7,77
8029,341001,A,2026,8,74
8029,341001,A,2026,9,134
8029,341001,A,2026,10,108
8029,341001,A,2026,11,93
8047,341001,A,2026,7,82
8047,341001,A,2026,8,77
8047,341001,A,2026,9,149
8047,341001,A,2026,10,122
8047,341001,A,2026,11,126
8048,341001,A,2026,7,59
8048,341001,A,2026,8,62
8048,341001,A,2026,9,101
8048,341001,A,2026,10,108
8048,341001,A,2026,11,79
8053,341001,A,2026,7,87
8053,341001,A,2026,8,95
8053,341001,A,2026,9,155
8053,341001,A,2026,10,172
8053,341001,A,2026,11,89
8054,341001,A,2026,7,272
8054,341001,A,2026,8,223
8054,341001,A,2026,9,423
8054,341001,A,2026,10,420
8054,341001,A,2026,11,296
8055,341001,A,2026,7,347
8055,341001,A,2026,8,262
8055,341001,A,2026,9,493
8055,341001,A,2026,10,533
8055,341001,A,2026,11,305
8056,341001,A,2026,7,224
8056,341001,A,2026,8,178
8056,341001,A,2026,9,318
8056,341001,A,2026,10,394
8056,341001,A,2026,11,286
8057,341001,A,2026,7,63
8057,341001,A,2026,8,75
8057,341001,A,2026,9,129
8057,341001,A,2026,10,90
8057,341001,A,2026,11,67
8058,341001,A,2026,7,163
8058,341001,A,2026,8,187
8058,341001,A,2026,9,294
8058,341001,A,2026,10,259
8058,341001,A,2026,11,164
8059,341001,A,2026,7,184
8059,341001,A,2026,8,212
8059,341001,A,2026,9,328
8059,341001,A,2026,10,348
8059,341001,A,2026,11,240
8060,341001,A,2026,7,143
8060,341001,A,2026,8,163
8060,341001,A,2026,9,228
8060,341001,A,2026,10,238
8060,341001,A,2026,11,205
8064,341001,A,2026,7,32
8064,341001,A,2026,8,45
8064,341001,A,2026,9,77
8064,341001,A,2026,10,70
8064,341001,A,2026,11,48
8065,341001,A,2026,7,110
8065,341001,A,2026,8,119
8065,341001,A,2026,9,204
8065,341001,A,2026,10,208
8065,341001,A,2026,11,135
8066,341001,A,2026,7,166
8066,341001,A,2026,8,154
8066,341001,A,2026,9,236
8066,341001,A,2026,10,264
8066,341001,A,2026,11,180
8067,341001,A,2026,7,106
8067,341001,A,2026,8,96
8067,341001,A,2026,9,123
8067,341001,A,2026,10,167
8067,341001,A,2026,11,149
8947,402101,B,2026,7,40
8947,402101,B,2026,8,47
8947,402101,B,2026,9,64
8947,402101,B,2026,10,33
8947,402101,B,2026,11,45
8948,402101,B,2026,7,77
8948,402101,B,2026,8,76
8948,402101,B,2026,9,124
8948,402101,B,2026,10,103
8948,402101,B,2026,11,85
8949,402101,B,2026,7,86
8949,402101,B,2026,8,78
8949,402101,B,2026,9,137
8949,402101,B,2026,10,114
8949,402101,B,2026,11,90
8950,402101,B,2026,7,54
8950,402101,B,2026,8,68
8950,402101,B,2026,9,122
8950,402101,B,2026,10,110
8950,402101,B,2026,11,78
9066,406600,B,2026,7,43
9066,406600,B,2026,8,34
9066,406600,B,2026,9,57
9066,406600,B,2026,10,61
9066,406600,B,2026,11,26
9067,406600,B,2026,7,40
9067,406600,B,2026,8,32
9067,406600,B,2026,9,62
9067,406600,B,2026,10,92
9067,406600,B,2026,11,42
9068,406600,B,2026,7,47
9068,406600,B,2026,8,34
9068,406600,B,2026,9,65
9068,406600,B,2026,10,98
9068,406600,B,2026,11,34
9069,406600,B,2026,7,43
9069,406600,B,2026,8,30
9069,406600,B,2026,9,56
9069,406600,B,2026,10,64
9069,406600,B,2026,11,32
9070,406600,B,2026,7,25
9070,406600,B,2026,8,18
9070,406600,B,2026,9,31
9070,406600,B,2026,10,56
9070,406600,B,2026,11,21
9071,406600,B,2026,7,39
9071,406600,B,2026,8,15
9071,406600,B,2026,9,28
9071,406600,B,2026,10,45
9071,406600,B,2026,11,9
9072,406600,B,2026,7,28
9072,406600,B,2026,8,18
9072,406600,B,2026,9,40
9072,406600,B,2026,10,37
9072,406600,B,2026,11,11
9073,406600,B,2026,7,37
9073,406600,B,2026,8,29
9073,406600,B,2026,9,40
9073,406600,B,2026,10,39
9073,406600,B,2026,11,12
9074,406600,B,2026,7,32
9074,406600,B,2026,8,33
9074,406600,B,2026,9,40
9074,406600,B,2026,10,28
9074,406600,B,2026,11,16
9075,406600,B,2026,7,28
9075,406600,B,2026,8,34
9075,406600,B,2026,9,44
9075,406600,B,2026,10,14
9075,406600,B,2026,11,14
9144,411001,B,2026,7,32
9144,411001,B,2026,8,24
9144,411001,B,2026,9,55
9144,411001,B,2026,10,48
9144,411001,B,2026,11,26
9145,411001,B,2026,7,36
9145,411001,B,2026,8,17
9145,411001,B,2026,9,41
9145,411001,B,2026,10,52
9145,411001,B,2026,11,23
9161,411001,B,2026,7,70
9161,411001,B,2026,8,77
9161,411001,B,2026,9,81
9161,411001,B,2026,10,97
9161,411001,B,2026,11,72
9162,411001,B,2026,7,125
9162,411001,B,2026,8,105
9162,411001,B,2026,9,167
9162,411001,B,2026,10,161
9162,411001,B,2026,11,99
9163,411001,B,2026,7,73
9163,411001,B,2026,8,75
9163,411001,B,2026,9,142
9163,411001,B,2026,10,116
9163,411001,B,2026,11,66
9164,411001,B,2026,7,48
9164,411001,B,2026,8,43
9164,411001,B,2026,9,67
9164,411001,B,2026,10,81
9164,411001,B,2026,11,55
9165,411001,B,2026,7,31
9165,411001,B,2026,8,28
9165,411001,B,2026,9,40
9165,411001,B,2026,10,40
9165,411001,B,2026,11,22
9166,411001,B,2026,7,44
9166,411001,B,2026,8,37
9166,411001,B,2026,9,65
9166,411001,B,2026,10,62
9166,411001,B,2026,11,35
9187,413400,B,2026,7,66
9187,413400,B,2026,8,28
9187,413400,B,2026,9,60
9187,413400,B,2026,10,35
9187,413400,B,2026,11,16
9188,413400,B,2026,7,80
9188,413400,B,2026,8,40
9188,413400,B,2026,9,69
9188,413400,B,2026,10,75
9188,413400,B,2026,11,27
9189,413400,B,2026,7,76
9189,413400,B,2026,8,38
9189,413400,B,2026,9,66
9189,413400,B,2026,10,58
9189,413400,B,2026,11,24
9190,413400,B,2026,7,55
9190,413400,B,2026,8,27
9190,413400,B,2026,9,59
9190,413400,B,2026,10,58
9190,413400,B,2026,11,18
9195,413400,B,2026,7,47
9195,413400,B,2026,8,27
9195,413400,B,2026,9,35
9195,413400,B,2026,10,43
9195,413400,B,2026,11,13
9196,413400,B,2026,7,54
9196,413400,B,2026,8,31
9196,413400,B,2026,9,61
9196,413400,B,2026,10,59
9196,413400,B,2026,11,20
9197,413400,B,2026,7,34
9197,413400,B,2026,8,28
9197,413400,B,2026,9,48
9197,413400,B,2026,10,57
9197,413400,B,2026,11,21
9198,413400,B,2026,7,47
9198,413400,B,2026,8,25
9198,413400,B,2026,9,41
9198,413400,B,2026,10,47
9198,413400,B,2026,11,23
9203,413400,B,2026,7,44
9203,413400,B,2026,8,25
9203,413400,B,2026,9,63
9203,413400,B,2026,10,42
9203,413400,B,2026,11,20
9204,413400,B,2026,7,65
9204,413400,B,2026,8,36
9204,413400,B,2026,9,82
9204,413400,B,2026,10,62
9204,413400,B,2026,11,30
9205,413400,B,2026,7,77
9205,413400,B,2026,8,44
9205,413400,B,2026,9,69
9205,413400,B,2026,10,82
9205,413400,B,2026,11,30
9206,413400,B,2026,7,58
9206,413400,B,2026,8,32
9206,413400,B,2026,9,59
9206,413400,B,2026,10,56
9206,413400,B,2026,11,24
9207,413401,C,2026,7,50
9207,413401,C,2026,8,39
9207,413401,C,2026,9,56
9207,413401,C,2026,10,55
9207,413401,C,2026,11,39
9208,413401,C,2026,7,39
9208,413401,C,2026,8,30
9208,413401,C,2026,9,43
9208,413401,C,2026,10,43
9208,413401,C,2026,11,31
9209,413401,C,2026,7,12
9209,413401,C,2026,8,10
9209,413401,C,2026,9,14
9209,413401,C,2026,10,14
9209,413401,C,2026,11,10
9210,413401,C,2026,7,31
9210,413401,C,2026,8,24
9210,413401,C,2026,9,35
9210,413401,C,2026,10,35
9210,413401,C,2026,11,25
9211,413401,C,2026,7,34
9211,413401,C,2026,8,27
9211,413401,C,2026,9,38
9211,413401,C,2026,10,38
9211,413401,C,2026,11,27
9212,413401,C,2026,7,24
9212,413401,C,2026,8,19
9212,413401,C,2026,9,27
9212,413401,C,2026,10,27
9212,413401,C,2026,11,19
9221,413401,C,2026,7,22
9221,413401,C,2026,8,17
9221,413401,C,2026,9,25
9221,413401,C,2026,10,25
9221,413401,C,2026,11,18
9222,413401,C,2026,7,51
9222,413401,C,2026,8,40
9222,413401,C,2026,9,57
9222,413401,C,2026,10,56
9222,413401,C,2026,11,40
9316,501000,C,2026,7,23
9316,501000,C,2026,8,35
9316,501000,C,2026,9,49
9316,501000,C,2026,10,23
9316,501000,C,2026,11,14
9317,501000,C,2026,7,43
9317,501000,C,2026,8,64
9317,501000,C,2026,9,90
9317,501000,C,2026,10,43
9317,501000,C,2026,11,25
9318,501000,C,2026,7,33
9318,501000,C,2026,8,50
9318,501000,C,2026,9,70
9318,501000,C,2026,10,33
9318,501000,C,2026,11,20
9666,501602,B,2026,7,51
9666,501602,B,2026,8,36
9666,501602,B,2026,9,158
9666,501602,B,2026,10,57
9666,501602,B,2026,11,35
9667,501602,B,2026,7,114
9667,501602,B,2026,8,78
9667,501602,B,2026,9,330
9667,501602,B,2026,10,114
9667,501602,B,2026,11,73
9668,501602,B,2026,7,120
9668,501602,B,2026,8,94
9668,501602,B,2026,9,355
9668,501602,B,2026,10,135
9668,501602,B,2026,11,84
9669,501602,B,2026,7,83
9669,501602,B,2026,8,60
9669,501602,B,2026,9,206
9669,501602,B,2026,10,107
9669,501602,B,2026,11,56
9674,501602,B,2026,7,25
9674,501602,B,2026,8,27
9674,501602,B,2026,9,37
9674,501602,B,2026,10,26
9674,501602,B,2026,11,13
9675,501602,B,2026,7,59
9675,501602,B,2026,8,38
9675,501602,B,2026,9,89
9675,501602,B,2026,10,69
9675,501602,B,2026,11,35
9676,501602,B,2026,7,58
9676,501602,B,2026,8,45
9676,501602,B,2026,9,98
9676,501602,B,2026,10,68
9676,501602,B,2026,11,40
9677,501602,B,2026,7,45
9677,501602,B,2026,8,29
9677,501602,B,2026,9,63
9677,501602,B,2026,10,65
9677,501602,B,2026,11,23
9812,501700,B,2026,7,102
9812,501700,B,2026,8,103
9812,501700,B,2026,9,236
9812,501700,B,2026,10,108
9812,501700,B,2026,11,45
9813,501700,B,2026,7,143
9813,501700,B,2026,8,175
9813,501700,B,2026,9,324
9813,501700,B,2026,10,126
9813,501700,B,2026,11,63
9814,501700,B,2026,7,108
9814,501700,B,2026,8,129
9814,501700,B,2026,9,325
9814,501700,B,2026,10,113
9814,501700,B,2026,11,55
9892,501701,A,2026,7,130
9892,501701,A,2026,8,178
9892,501701,A,2026,9,229
9892,501701,A,2026,10,159
9892,501701,A,2026,11,91
9893,501701,A,2026,7,258
9893,501701,A,2026,8,306
9893,501701,A,2026,9,445
9893,501701,A,2026,10,298
9893,501701,A,2026,11,178
9894,501701,A,2026,7,219
9894,501701,A,2026,8,283
9894,501701,A,2026,9,384
9894,501701,A,2026,10,275
9894,501701,A,2026,11,143
9898,501701,A,2026,7,69
9898,501701,A,2026,8,90
9898,501701,A,2026,9,134
9898,501701,A,2026,10,96
9898,501701,A,2026,11,60
9899,501701,A,2026,7,150
9899,501701,A,2026,8,165
9899,501701,A,2026,9,261
9899,501701,A,2026,10,168
9899,501701,A,2026,11,117
9900,501701,A,2026,7,108
9900,501701,A,2026,8,127
9900,501701,A,2026,9,185
9900,501701,A,2026,10,144
9900,501701,A,2026,11,89
9957,503001,A,2026,7,64
9957,503001,A,2026,8,91
9957,503001,A,2026,9,152
9957,503001,A,2026,10,47
9957,503001,A,2026,11,61
9958,503001,A,2026,7,135
9958,503001,A,2026,8,184
9958,503001,A,2026,9,308
9958,503001,A,2026,10,129
9958,503001,A,2026,11,113
9959,503001,A,2026,7,148
9959,503001,A,2026,8,206
9959,503001,A,2026,9,312
9959,503001,A,2026,10,151
9959,503001,A,2026,11,170
9960,503001,A,2026,7,125
9960,503001,A,2026,8,167
9960,503001,A,2026,9,247
9960,503001,A,2026,10,142
9960,503001,A,2026,11,147
9981,503001,A,2026,7,50
9981,503001,A,2026,8,51
9981,503001,A,2026,9,64
9981,503001,A,2026,10,48
9981,503001,A,2026,11,39
9982,503001,A,2026,7,92
9982,503001,A,2026,8,98
9982,503001,A,2026,9,157
9982,503001,A,2026,10,125
9982,503001,A,2026,11,98
9983,503001,A,2026,7,107
9983,503001,A,2026,8,114
9983,503001,A,2026,9,187
9983,503001,A,2026,10,141
9983,503001,A,2026,11,111
9984,503001,A,2026,7,86
9984,503001,A,2026,8,111
9984,503001,A,2026,9,156
9984,503001,A,2026,10,119
9984,503001,A,2026,11,90
