idproduto,mes,ano,quantidade,origem
10430,1,2026,142,"API"
10431,1,2026,118,"API"
10458,1,2026,61,"API"
10464,1,2026,111,"API"
10476,1,2026,141,"API"
10477,1,2026,191,"API"
10478,1,2026,157,"API"
10479,1,2026,123,"API"
10480,1,2026,121,"API"
10481,1,2026,175,"API"
10482,1,2026,147,"API"
10483,1,2026,92,"API"
10494,1,2026,136,"API"
10495,1,2026,233,"API"
10496,1,2026,210,"API"
10497,1,2026,86,"API"
10498,1,2026,136,"API"
10499,1,2026,116,"API"
10783,1,2026,24,"API"
10784,1,2026,48,"API"
10785,1,2026,43,"API"
10786,1,2026,35,"API"
10787,1,2026,60,"API"
10788,1,2026,65,"API"
13561,1,2026,74,"API"
13562,1,2026,54,"API"
13576,1,2026,117,"API"
13586,1,2026,164,"API"
13587,1,2026,154,"API"
13588,1,2026,113,"API"
13589,1,2026,90,"API"
13595,1,2026,119,"API"
16030,1,2026,27,"API"
16031,1,2026,34,"API"
16032,1,2026,31,"API"
16033,1,2026,23,"API"
16034,1,2026,25,"API"
16035,1,2026,26,"API"
16036,1,2026,25,"API"
16037,1,2026,19,"API"
16042,1,2026,96,"API"
16043,1,2026,98,"API"
16044,1,2026,54,"API"
16045,1,2026,43,"API"
16046,1,2026,131,"API"
16047,1,2026,143,"API"
16048,1,2026,72,"API"
16049,1,2026,51,"API"
16050,1,2026,54,"API"
16051,1,2026,89,"API"
16052,1,2026,55,"API"
16053,1,2026,144,"API"
16054,1,2026,163,"API"
16055,1,2026,134,"API"
16056,1,2026,42,"API"
16057,1,2026,50,"API"
16058,1,2026,41,"API"
16059,1,2026,31,"API"
16064,1,2026,51,"API"
16065,1,2026,64,"API"
16066,1,2026,47,"API"
16067,1,2026,36,"API"
16433,1,2026,124,"API"
16434,1,2026,197,"API"
16435,1,2026,138,"API"
16436,1,2026,28,"API"
16437,1,2026,477,"API"
16438,1,2026,754,"API"
16439,1,2026,456,"API"
16440,1,2026,18,"API"
16441,1,2026,561,"API"
16442,1,2026,900,"API"
16443,1,2026,523,"API"
16444,1,2026,119,"API"
16453,1,2026,204,"API"
16454,1,2026,353,"API"
16455,1,2026,217,"API"
16456,1,2026,105,"API"
16457,1,2026,528,"API"
16458,1,2026,983,"API"
16459,1,2026,664,"API"
16460,1,2026,258,"API"
16461,1,2026,668,"API"
16462,1,2026,1275,"API"
16463,1,2026,809,"API"
16464,1,2026,314,"API"
16664,1,2026,52,"API"
16665,1,2026,55,"API"
16666,1,2026,39,"API"
16667,1,2026,27,"API"
16694,1,2026,15,"API"
16695,1,2026,55,"API"
16696,1,2026,60,"API"
16697,1,2026,43,"API"
16698,1,2026,16,"API"
16699,1,2026,57,"API"
16700,1,2026,92,"API"
16701,1,2026,48,"API"
16713,1,2026,349,"API"
16714,1,2026,653,"API"
16715,1,2026,601,"API"
16716,1,2026,364,"API"
16748,1,2026,51,"API"
16749,1,2026,204,"API"
16750,1,2026,170,"API"
16751,1,2026,77,"API"
16756,1,2026,81,"API"
16757,1,2026,308,"API"
16758,1,2026,286,"API"
16759,1,2026,140,"API"
16855,1,2026,356,"API"
16856,1,2026,557,"API"
16857,1,2026,325,"API"
16858,1,2026,76,"API"
16863,1,2026,46,"API"
16864,1,2026,168,"API"
16865,1,2026,147,"API"
16866,1,2026,59,"API"
16879,1,2026,384,"API"
16880,1,2026,754,"API"
16881,1,2026,473,"API"
16882,1,2026,179,"API"
16912,1,2026,36,"API"
16913,1,2026,70,"API"
16914,1,2026,61,"API"
16915,1,2026,38,"API"
16916,1,2026,12,"API"
16917,1,2026,20,"API"
16918,1,2026,19,"API"
16919,1,2026,17,"API"
16933,1,2026,91,"API"
16934,1,2026,88,"API"
16935,1,2026,49,"API"
16936,1,2026,34,"API"
16976,1,2026,36,"API"
16977,1,2026,106,"API"
16978,1,2026,89,"API"
16979,1,2026,40,"API"
17581,1,2026,74,"API"
17582,1,2026,139,"API"
17583,1,2026,124,"API"
17584,1,2026,64,"API"
17585,1,2026,79,"API"
17586,1,2026,160,"API"
17587,1,2026,129,"API"
17588,1,2026,64,"API"
17626,1,2026,117,"API"
17627,1,2026,118,"API"
17628,1,2026,78,"API"
17681,1,2026,94,"API"
17682,1,2026,192,"API"
17683,1,2026,174,"API"
17684,1,2026,213,"API"
17685,1,2026,541,"API"
17686,1,2026,512,"API"
17687,1,2026,131,"API"
17688,1,2026,346,"API"
17689,1,2026,330,"API"
17690,1,2026,223,"API"
17691,1,2026,540,"API"
17692,1,2026,498,"API"
17748,1,2026,33,"API"
17749,1,2026,61,"API"
17750,1,2026,47,"API"
17754,1,2026,34,"API"
17755,1,2026,51,"API"
17756,1,2026,55,"API"
17766,1,2026,63,"API"
17767,1,2026,80,"API"
17768,1,2026,110,"API"
17781,1,2026,69,"API"
17782,1,2026,126,"API"
17783,1,2026,116,"API"
17784,1,2026,52,"API"
17987,1,2026,16,"API"
17988,1,2026,87,"API"
17989,1,2026,90,"API"
17990,1,2026,47,"API"
18030,1,2026,35,"API"
18031,1,2026,49,"API"
18032,1,2026,49,"API"
18033,1,2026,38,"API"
18034,1,2026,63,"API"
18035,1,2026,111,"API"
18036,1,2026,108,"API"
18037,1,2026,59,"API"
18038,1,2026,38,"API"
18039,1,2026,48,"API"
18040,1,2026,43,"API"
18041,1,2026,37,"API"
18058,1,2026,149,"API"
18059,1,2026,304,"API"
18060,1,2026,364,"API"
18061,1,2026,292,"API"
18062,1,2026,192,"API"
18063,1,2026,472,"API"
18064,1,2026,568,"API"
18065,1,2026,428,"API"
18066,1,2026,105,"API"
18067,1,2026,203,"API"
18068,1,2026,253,"API"
18069,1,2026,190,"API"
18078,1,2026,109,"API"
18079,1,2026,214,"API"
18080,1,2026,230,"API"
18081,1,2026,155,"API"
18082,1,2026,349,"API"
18083,1,2026,383,"API"
18084,1,2026,95,"API"
18085,1,2026,191,"API"
18086,1,2026,203,"API"
18093,1,2026,37,"API"
18094,1,2026,71,"API"
18095,1,2026,84,"API"
18096,1,2026,63,"API"
18097,1,2026,60,"API"
18098,1,2026,138,"API"
18099,1,2026,163,"API"
18100,1,2026,141,"API"
18101,1,2026,23,"API"
18102,1,2026,45,"API"
18103,1,2026,55,"API"
18104,1,2026,42,"API"
18170,1,2026,72,"API"
18171,1,2026,158,"API"
18172,1,2026,187,"API"
18173,1,2026,153,"API"
18277,1,2026,111,"API"
18278,1,2026,280,"API"
18279,1,2026,190,"API"
18280,1,2026,327,"API"
18281,1,2026,17,"API"
18282,1,2026,30,"API"
18283,1,2026,35,"API"
18284,1,2026,25,"API"
18632,1,2026,18,"API"
18633,1,2026,37,"API"
18634,1,2026,45,"API"
18635,1,2026,39,"API"
18640,1,2026,30,"API"
18641,1,2026,63,"API"
18642,1,2026,108,"API"
18643,1,2026,60,"API"
18973,1,2026,14,"API"
18974,1,2026,26,"API"
18975,1,2026,21,"API"
18976,1,2026,14,"API"
18977,1,2026,16,"API"
18978,1,2026,22,"API"
18979,1,2026,19,"API"
18980,1,2026,10,"API"
18985,1,2026,13,"API"
18986,1,2026,21,"API"
18987,1,2026,17,"API"
18988,1,2026,10,"API"
19278,1,2026,29,"API"
19279,1,2026,50,"API"
19280,1,2026,49,"API"
19281,1,2026,28,"API"
19282,1,2026,47,"API"
19283,1,2026,103,"API"
19284,1,2026,73,"API"
19285,1,2026,47,"API"
19298,1,2026,59,"API"
19299,1,2026,164,"API"
19300,1,2026,136,"API"
19307,1,2026,65,"API"
19308,1,2026,156,"API"
19309,1,2026,123,"API"
19310,1,2026,67,"API"
19311,1,2026,139,"API"
19312,1,2026,81,"API"
19319,1,2026,53,"API"
19320,1,2026,124,"API"
19321,1,2026,63,"API"
19350,1,2026,11,"API"
19351,1,2026,9,"API"
19352,1,2026,12,"API"
19353,1,2026,7,"API"
19354,1,2026,13,"API"
19355,1,2026,19,"API"
19356,1,2026,18,"API"
19357,1,2026,10,"API"
19358,1,2026,18,"API"
19359,1,2026,25,"API"
19360,1,2026,11,"API"
19361,1,2026,19,"API"
19362,1,2026,23,"API"
19363,1,2026,14,"API"
19364,1,2026,10,"API"
19366,1,2026,7,"API"
19367,1,2026,48,"API"
19368,1,2026,37,"API"
19369,1,2026,18,"API"
19370,1,2026,25,"API"
19371,1,2026,10,"API"
19372,1,2026,50,"API"
19373,1,2026,72,"API"
19374,1,2026,29,"API"
19375,1,2026,58,"API"
19376,1,2026,95,"API"
19377,1,2026,60,"API"
19378,1,2026,39,"API"
19379,1,2026,26,"API"
19381,1,2026,25,"API"
19382,1,2026,182,"API"
19383,1,2026,150,"API"
19384,1,2026,93,"API"
19385,1,2026,86,"API"
19386,1,2026,32,"API"
19387,1,2026,220,"API"
19388,1,2026,252,"API"
19389,1,2026,122,"API"
19390,1,2026,212,"API"
19391,1,2026,229,"API"
19392,1,2026,14,"API"
19394,1,2026,21,"API"
19395,1,2026,37,"API"
19396,1,2026,19,"API"
19397,1,2026,17,"API"
19398,1,2026,39,"API"
19399,1,2026,62,"API"
19400,1,2026,30,"API"
19401,1,2026,12,"API"
19402,1,2026,38,"API"
19403,1,2026,64,"API"
19404,1,2026,21,"API"
19405,1,2026,39,"API"
19406,1,2026,22,"API"
19408,1,2026,55,"API"
19409,1,2026,75,"API"
19410,1,2026,45,"API"
19411,1,2026,27,"API"
19412,1,2026,115,"API"
19413,1,2026,124,"API"
19414,1,2026,53,"API"
19415,1,2026,23,"API"
19416,1,2026,91,"API"
19417,1,2026,104,"API"
19418,1,2026,40,"API"
19419,1,2026,70,"API"
19598,1,2026,13,"API"
19599,1,2026,17,"API"
19618,1,2026,114,"API"
19620,1,2026,51,"API"
19621,1,2026,55,"API"
19622,1,2026,21,"API"
19623,1,2026,32,"API"
19655,1,2026,235,"API"
19657,1,2026,132,"API"
19658,1,2026,151,"API"
21350,1,2026,27,"API"
21351,1,2026,40,"API"
21352,1,2026,36,"API"
21353,1,2026,39,"API"
21354,1,2026,61,"API"
21355,1,2026,37,"API"
21359,1,2026,25,"API"
21360,1,2026,36,"API"
21361,1,2026,16,"API"
21365,1,2026,104,"API"
21366,1,2026,174,"API"
21367,1,2026,152,"API"
21368,1,2026,106,"API"
21369,1,2026,181,"API"
21370,1,2026,142,"API"
22358,1,2026,65,"API"
22359,1,2026,149,"API"
22360,1,2026,167,"API"
22361,1,2026,142,"API"
22362,1,2026,78,"API"
22760,1,2026,7,"API"
22761,1,2026,8,"API"
22763,1,2026,17,"API"
22764,1,2026,17,"API"
22765,1,2026,13,"API"
22766,1,2026,7,"API"
22767,1,2026,15,"API"
22768,1,2026,20,"API"
22770,1,2026,13,"API"
22771,1,2026,17,"API"
22772,1,2026,18,"API"
22773,1,2026,10,"API"
22774,1,2026,5,"API"
22775,1,2026,10,"API"
22776,1,2026,6,"API"
22778,1,2026,10,"API"
22779,1,2026,12,"API"
22780,1,2026,6,"API"
22781,1,2026,33,"API"
22782,1,2026,34,"API"
22783,1,2026,16,"API"
22784,1,2026,8,"API"
22785,1,2026,44,"API"
22786,1,2026,37,"API"
22788,1,2026,16,"API"
22789,1,2026,40,"API"
22790,1,2026,32,"API"
22791,1,2026,10,"API"
22792,1,2026,13,"API"
22793,1,2026,22,"API"
22794,1,2026,10,"API"
23091,1,2026,123,"API"
23092,1,2026,172,"API"
23387,1,2026,23,"API"
23388,1,2026,71,"API"
23389,1,2026,74,"API"
23390,1,2026,51,"API"
23391,1,2026,11,"API"
23392,1,2026,24,"API"
23393,1,2026,26,"API"
23394,1,2026,23,"API"
24079,1,2026,11,"API"
24080,1,2026,8,"API"
24081,1,2026,8,"API"
24082,1,2026,16,"API"
24083,1,2026,16,"API"
24084,1,2026,8,"API"
24085,1,2026,9,"API"
24086,1,2026,19,"API"
24087,1,2026,17,"API"
24088,1,2026,8,"API"
24089,1,2026,7,"API"
24090,1,2026,17,"API"
24091,1,2026,14,"API"
24092,1,2026,12,"API"
24093,1,2026,10,"API"
24094,1,2026,15,"API"
24095,1,2026,16,"API"
24096,1,2026,8,"API"
24097,1,2026,26,"API"
24098,1,2026,29,"API"
24099,1,2026,13,"API"
24100,1,2026,7,"API"
24101,1,2026,34,"API"
24102,1,2026,31,"API"
24103,1,2026,9,"API"
24104,1,2026,11,"API"
24105,1,2026,26,"API"
24106,1,2026,23,"API"
24107,1,2026,19,"API"
24108,1,2026,14,"API"
24234,1,2026,65,"API"
24235,1,2026,68,"API"
24236,1,2026,58,"API"
24237,1,2026,37,"API"
25620,1,2026,211,"API"
25621,1,2026,441,"API"
25622,1,2026,305,"API"
25623,1,2026,118,"API"
25624,1,2026,200,"API"
25625,1,2026,409,"API"
25626,1,2026,287,"API"
25627,1,2026,122,"API"
25628,1,2026,150,"API"
25629,1,2026,297,"API"
25630,1,2026,213,"API"
25631,1,2026,64,"API"
25640,1,2026,149,"API"
25641,1,2026,395,"API"
25642,1,2026,337,"API"
25643,1,2026,181,"API"
25644,1,2026,173,"API"
25645,1,2026,425,"API"
25646,1,2026,343,"API"
25647,1,2026,178,"API"
25648,1,2026,133,"API"
25649,1,2026,321,"API"
25650,1,2026,258,"API"
25651,1,2026,132,"API"
25660,1,2026,261,"API"
25661,1,2026,543,"API"
25662,1,2026,343,"API"
25663,1,2026,130,"API"
25664,1,2026,146,"API"
25665,1,2026,311,"API"
25666,1,2026,193,"API"
25667,1,2026,61,"API"
25668,1,2026,210,"API"
25669,1,2026,430,"API"
25670,1,2026,266,"API"
25671,1,2026,111,"API"
25721,1,2026,21,"API"
25722,1,2026,23,"API"
25723,1,2026,22,"API"
25724,1,2026,17,"API"
25725,1,2026,19,"API"
25726,1,2026,32,"API"
25727,1,2026,27,"API"
25728,1,2026,17,"API"
25729,1,2026,17,"API"
25730,1,2026,26,"API"
25731,1,2026,24,"API"
25732,1,2026,16,"API"
25737,1,2026,32,"API"
25738,1,2026,51,"API"
25739,1,2026,39,"API"
25740,1,2026,23,"API"
25745,1,2026,22,"API"
25746,1,2026,38,"API"
25747,1,2026,31,"API"
25748,1,2026,21,"API"
25753,1,2026,43,"API"
25754,1,2026,79,"API"
25755,1,2026,49,"API"
25756,1,2026,28,"API"
25761,1,2026,31,"API"
25762,1,2026,54,"API"
25763,1,2026,43,"API"
25764,1,2026,26,"API"
25963,1,2026,34,"API"
25964,1,2026,39,"API"
25965,1,2026,35,"API"
25967,1,2026,26,"API"
25968,1,2026,23,"API"
25969,1,2026,16,"API"
25986,1,2026,32,"API"
25987,1,2026,78,"API"
25988,1,2026,72,"API"
25989,1,2026,47,"API"
25990,1,2026,17,"API"
25991,1,2026,37,"API"
25992,1,2026,21,"API"
25993,1,2026,23,"API"
26019,1,2026,7,"API"
26020,1,2026,9,"API"
26021,1,2026,8,"API"
26022,1,2026,8,"API"
26318,1,2026,22,"API"
26320,1,2026,19,"API"
27047,1,2026,122,"API"
27048,1,2026,208,"API"
27049,1,2026,154,"API"
27050,1,2026,50,"API"
27051,1,2026,125,"API"
27052,1,2026,257,"API"
27053,1,2026,166,"API"
27054,1,2026,62,"API"
27055,1,2026,90,"API"
27056,1,2026,198,"API"
27057,1,2026,154,"API"
27058,1,2026,90,"API"
27099,1,2026,52,"API"
27100,1,2026,81,"API"
27101,1,2026,45,"API"
27102,1,2026,30,"API"
27103,1,2026,18,"API"
27104,1,2026,61,"API"
27105,1,2026,97,"API"
27106,1,2026,58,"API"
27107,1,2026,46,"API"
27108,1,2026,29,"API"
27600,1,2026,38,"API"
27601,1,2026,111,"API"
27602,1,2026,68,"API"
27603,1,2026,37,"API"
27604,1,2026,65,"API"
27605,1,2026,46,"API"
27677,1,2026,21,"API"
27678,1,2026,59,"API"
27679,1,2026,67,"API"
27680,1,2026,47,"API"
27681,1,2026,26,"API"
27682,1,2026,97,"API"
27683,1,2026,100,"API"
27684,1,2026,52,"API"
27969,1,2026,76,"API"
27970,1,2026,102,"API"
27971,1,2026,76,"API"
27972,1,2026,35,"API"
27973,1,2026,44,"API"
27974,1,2026,55,"API"
27975,1,2026,37,"API"
27976,1,2026,17,"API"
27977,1,2026,90,"API"
27978,1,2026,126,"API"
27979,1,2026,108,"API"
27980,1,2026,49,"API"
28606,1,2026,52,"API"
28607,1,2026,50,"API"
28608,1,2026,33,"API"
28609,1,2026,23,"API"
28610,1,2026,15,"API"
28612,1,2026,54,"API"
28613,1,2026,53,"API"
28614,1,2026,36,"API"
28615,1,2026,26,"API"
28625,1,2026,58,"API"
28626,1,2026,193,"API"
28627,1,2026,230,"API"
28628,1,2026,165,"API"
28629,1,2026,133,"API"
28630,1,2026,245,"API"
28631,1,2026,229,"API"
28632,1,2026,139,"API"
28633,1,2026,75,"API"
28634,1,2026,182,"API"
28635,1,2026,220,"API"
28636,1,2026,170,"API"
28637,1,2026,132,"API"
28638,1,2026,355,"API"
28639,1,2026,335,"API"
28640,1,2026,199,"API"
28641,1,2026,196,"API"
28642,1,2026,731,"API"
28643,1,2026,793,"API"
28644,1,2026,509,"API"
28645,1,2026,147,"API"
28646,1,2026,297,"API"
28647,1,2026,214,"API"
28648,1,2026,64,"API"
28649,1,2026,161,"API"
28650,1,2026,331,"API"
28651,1,2026,207,"API"
28652,1,2026,87,"API"
28653,1,2026,131,"API"
28654,1,2026,302,"API"
28655,1,2026,244,"API"
28656,1,2026,134,"API"
29094,1,2026,23,"API"
29095,1,2026,35,"API"
29096,1,2026,31,"API"
29097,1,2026,21,"API"
29141,1,2026,47,"API"
29142,1,2026,36,"API"
29143,1,2026,20,"API"
29144,1,2026,16,"API"
29145,1,2026,24,"API"
29146,1,2026,22,"API"
29147,1,2026,15,"API"
29148,1,2026,13,"API"
29415,1,2026,107,"API"
29416,1,2026,102,"API"
29417,1,2026,76,"API"
29418,1,2026,70,"API"
29419,1,2026,66,"API"
29420,1,2026,66,"API"
29424,1,2026,67,"API"
29425,1,2026,53,"API"
29426,1,2026,56,"API"
29427,1,2026,89,"API"
29428,1,2026,98,"API"
29429,1,2026,72,"API"
29430,1,2026,23,"API"
29431,1,2026,16,"API"
29432,1,2026,13,"API"
29433,1,2026,23,"API"
29434,1,2026,16,"API"
29435,1,2026,13,"API"
29448,1,2026,45,"API"
29449,1,2026,31,"API"
29450,1,2026,27,"API"
29454,1,2026,51,"API"
29455,1,2026,39,"API"
29456,1,2026,31,"API"
29552,1,2026,54,"API"
29553,1,2026,18,"API"
29617,1,2026,9,"API"
29618,1,2026,16,"API"
29619,1,2026,16,"API"
29620,1,2026,15,"API"
29875,1,2026,98,"API"
29876,1,2026,98,"API"
29877,1,2026,63,"API"
29881,1,2026,49,"API"
29882,1,2026,48,"API"
29883,1,2026,40,"API"
30003,1,2026,36,"API"
30004,1,2026,34,"API"
30005,1,2026,25,"API"
30006,1,2026,21,"API"
30007,1,2026,21,"API"
30008,1,2026,17,"API"
30061,1,2026,246,"API"
30062,1,2026,334,"API"
30063,1,2026,252,"API"
30064,1,2026,148,"API"
30065,1,2026,135,"API"
30066,1,2026,177,"API"
30067,1,2026,152,"API"
30068,1,2026,100,"API"
30097,1,2026,53,"API"
30101,1,2026,81,"API"
30105,1,2026,108,"API"
30109,1,2026,57,"API"
30150,1,2026,9,"API"
30151,1,2026,9,"API"
30153,1,2026,23,"API"
30154,1,2026,30,"API"
30157,1,2026,30,"API"
30158,1,2026,42,"API"
30160,1,2026,22,"API"
30161,1,2026,39,"API"
30286,1,2026,131,"API"
30287,1,2026,182,"API"
30288,1,2026,164,"API"
30289,1,2026,101,"API"
30290,1,2026,158,"API"
30291,1,2026,151,"API"
30745,1,2026,29,"API"
30746,1,2026,45,"API"
30747,1,2026,39,"API"
30748,1,2026,28,"API"
30749,1,2026,18,"API"
30750,1,2026,32,"API"
30751,1,2026,34,"API"
30752,1,2026,22,"API"
30893,1,2026,53,"API"
30894,1,2026,60,"API"
30895,1,2026,57,"API"
30896,1,2026,43,"API"
30897,1,2026,23,"API"
30898,1,2026,25,"API"
30899,1,2026,24,"API"
30900,1,2026,20,"API"
30901,1,2026,108,"API"
30902,1,2026,114,"API"
30903,1,2026,102,"API"
30904,1,2026,56,"API"
30905,1,2026,40,"API"
30906,1,2026,52,"API"
30907,1,2026,61,"API"
30908,1,2026,53,"API"
30909,1,2026,30,"API"
30910,1,2026,21,"API"
30945,1,2026,21,"API"
30946,1,2026,30,"API"
30947,1,2026,25,"API"
30948,1,2026,14,"API"
30949,1,2026,13,"API"
31047,1,2026,67,"API"
31049,1,2026,33,"API"
31050,1,2026,114,"API"
31068,1,2026,175,"API"
31069,1,2026,56,"API"
31070,1,2026,109,"API"
31072,1,2026,106,"API"
31073,1,2026,58,"API"
31074,1,2026,76,"API"
31075,1,2026,95,"API"
31076,1,2026,55,"API"
31097,1,2026,28,"API"
31101,1,2026,39,"API"
31108,1,2026,98,"API"
31109,1,2026,47,"API"
31110,1,2026,68,"API"
31111,1,2026,58,"API"
31112,1,2026,39,"API"
31351,1,2026,131,"API"
31353,1,2026,96,"API"
31359,1,2026,39,"API"
31361,1,2026,131,"API"
31368,1,2026,18,"API"
31370,1,2026,12,"API"
31375,1,2026,43,"API"
31376,1,2026,22,"API"
31378,1,2026,12,"API"
31379,1,2026,51,"API"
31380,1,2026,92,"API"
31381,1,2026,57,"API"
31382,1,2026,43,"API"
31383,1,2026,24,"API"
31387,1,2026,24,"API"
31389,1,2026,83,"API"
31396,1,2026,60,"API"
31398,1,2026,24,"API"
31943,1,2026,17,"API"
31944,1,2026,21,"API"
31945,1,2026,17,"API"
31946,1,2026,11,"API"
32056,1,2026,14,"API"
32057,1,2026,54,"API"
32058,1,2026,60,"API"
32059,1,2026,43,"API"
32076,1,2026,17,"API"
32077,1,2026,56,"API"
32078,1,2026,66,"API"
32079,1,2026,54,"API"
32164,1,2026,49,"API"
32165,1,2026,43,"API"
32166,1,2026,38,"API"
32170,1,2026,34,"API"
32171,1,2026,27,"API"
32172,1,2026,20,"API"
32200,1,2026,41,"API"
32201,1,2026,37,"API"
32202,1,2026,26,"API"
32203,1,2026,14,"API"
32212,1,2026,55,"API"
32213,1,2026,46,"API"
32214,1,2026,35,"API"
32302,1,2026,54,"API"
32303,1,2026,117,"API"
32304,1,2026,100,"API"
32305,1,2026,48,"API"
32306,1,2026,99,"API"
32307,1,2026,215,"API"
32308,1,2026,187,"API"
32309,1,2026,102,"API"
32310,1,2026,68,"API"
32311,1,2026,163,"API"
32312,1,2026,134,"API"
32313,1,2026,60,"API"
32314,1,2026,74,"API"
32315,1,2026,163,"API"
32316,1,2026,141,"API"
32317,1,2026,70,"API"
32318,1,2026,103,"API"
32319,1,2026,227,"API"
32320,1,2026,194,"API"
32321,1,2026,98,"API"
32344,1,2026,27,"API"
32345,1,2026,46,"API"
32346,1,2026,41,"API"
32347,1,2026,28,"API"
32353,1,2026,14,"API"
32354,1,2026,26,"API"
32355,1,2026,27,"API"
32356,1,2026,20,"API"
32565,1,2026,130,"API"
32566,1,2026,330,"API"
32567,1,2026,378,"API"
32568,1,2026,295,"API"
32569,1,2026,206,"API"
32575,1,2026,83,"API"
32576,1,2026,225,"API"
32577,1,2026,266,"API"
32578,1,2026,200,"API"
32579,1,2026,139,"API"
32580,1,2026,213,"API"
32581,1,2026,511,"API"
32582,1,2026,649,"API"
32583,1,2026,532,"API"
32584,1,2026,349,"API"
32585,1,2026,58,"API"
32586,1,2026,126,"API"
32587,1,2026,144,"API"
32588,1,2026,112,"API"
32589,1,2026,64,"API"
32595,1,2026,50,"API"
32596,1,2026,123,"API"
32597,1,2026,140,"API"
32598,1,2026,128,"API"
32599,1,2026,91,"API"
32798,1,2026,17,"API"
32799,1,2026,17,"API"
32800,1,2026,10,"API"
32801,1,2026,6,"API"
32802,1,2026,5,"API"
32803,1,2026,22,"API"
32804,1,2026,27,"API"
32805,1,2026,16,"API"
32806,1,2026,16,"API"
32807,1,2026,11,"API"
32808,1,2026,26,"API"
32809,1,2026,15,"API"
32810,1,2026,10,"API"
32812,1,2026,43,"API"
32813,1,2026,25,"API"
32814,1,2026,20,"API"
32893,1,2026,19,"API"
32894,1,2026,38,"API"
32895,1,2026,32,"API"
32896,1,2026,16,"API"
32897,1,2026,24,"API"
32898,1,2026,41,"API"
32899,1,2026,39,"API"
32900,1,2026,20,"API"
32901,1,2026,109,"API"
32902,1,2026,202,"API"
32903,1,2026,183,"API"
32904,1,2026,105,"API"
32905,1,2026,87,"API"
32906,1,2026,161,"API"
32907,1,2026,148,"API"
32908,1,2026,83,"API"
32918,1,2026,16,"API"
32919,1,2026,14,"API"
32920,1,2026,11,"API"
32921,1,2026,11,"API"
32922,1,2026,10,"API"
32923,1,2026,10,"API"
32924,1,2026,7,"API"
32925,1,2026,8,"API"
32952,1,2026,45,"API"
32953,1,2026,37,"API"
32954,1,2026,31,"API"
33102,1,2026,17,"API"
33103,1,2026,38,"API"
33104,1,2026,30,"API"
33105,1,2026,20,"API"
33114,1,2026,23,"API"
33115,1,2026,33,"API"
33116,1,2026,28,"API"
33117,1,2026,23,"API"
33156,1,2026,20,"API"
33157,1,2026,43,"API"
33158,1,2026,31,"API"
33159,1,2026,16,"API"
33215,1,2026,20,"API"
33216,1,2026,80,"API"
33217,1,2026,76,"API"
33218,1,2026,65,"API"
33227,1,2026,33,"API"
33228,1,2026,43,"API"
33229,1,2026,35,"API"
33230,1,2026,18,"API"
33534,1,2026,32,"API"
33535,1,2026,22,"API"
33538,1,2026,64,"API"
33539,1,2026,45,"API"
33574,1,2026,37,"API"
33575,1,2026,34,"API"
33576,1,2026,25,"API"
33577,1,2026,67,"API"
33578,1,2026,66,"API"
33579,1,2026,49,"API"
33628,1,2026,44,"API"
33629,1,2026,50,"API"
33630,1,2026,56,"API"
33631,1,2026,37,"API"
33632,1,2026,77,"API"
33633,1,2026,90,"API"
33634,1,2026,99,"API"
33635,1,2026,64,"API"
33719,1,2026,58,"API"
33720,1,2026,32,"API"
33724,1,2026,11,"API"
33725,1,2026,25,"API"
33726,1,2026,24,"API"
33727,1,2026,11,"API"
33728,1,2026,11,"API"
33729,1,2026,28,"API"
33730,1,2026,23,"API"
33731,1,2026,12,"API"
33740,1,2026,83,"API"
33741,1,2026,138,"API"
33742,1,2026,125,"API"
33743,1,2026,66,"API"
33930,1,2026,10,"API"
33931,1,2026,21,"API"
33932,1,2026,11,"API"
33933,1,2026,8,"API"
33934,1,2026,10,"API"
33935,1,2026,24,"API"
33936,1,2026,29,"API"
33937,1,2026,19,"API"
34023,1,2026,7,"API"
34024,1,2026,20,"API"
34025,1,2026,23,"API"
34026,1,2026,17,"API"
34027,1,2026,12,"API"
34028,1,2026,26,"API"
34029,1,2026,34,"API"
34030,1,2026,26,"API"
34031,1,2026,42,"API"
34034,1,2026,28,"API"
34036,1,2026,26,"API"
34037,1,2026,30,"API"
34038,1,2026,28,"API"
34039,1,2026,13,"API"
34040,1,2026,15,"API"
34041,1,2026,25,"API"
34042,1,2026,23,"API"
34043,1,2026,16,"API"
34044,1,2026,15,"API"
34045,1,2026,23,"API"
34046,1,2026,17,"API"
34047,1,2026,11,"API"
34074,1,2026,21,"API"
34075,1,2026,36,"API"
34076,1,2026,32,"API"
34077,1,2026,15,"API"
34078,1,2026,26,"API"
34079,1,2026,37,"API"
34080,1,2026,33,"API"
34081,1,2026,21,"API"
34082,1,2026,15,"API"
34083,1,2026,21,"API"
34084,1,2026,20,"API"
34085,1,2026,14,"API"
34124,1,2026,20,"API"
34125,1,2026,29,"API"
34126,1,2026,28,"API"
34127,1,2026,18,"API"
34128,1,2026,9,"API"
34129,1,2026,17,"API"
34130,1,2026,16,"API"
34131,1,2026,10,"API"
34132,1,2026,5,"API"
34133,1,2026,15,"API"
34134,1,2026,15,"API"
34135,1,2026,8,"API"
34136,1,2026,18,"API"
34137,1,2026,27,"API"
34138,1,2026,25,"API"
34139,1,2026,21,"API"
34140,1,2026,27,"API"
34141,1,2026,34,"API"
34142,1,2026,34,"API"
34143,1,2026,25,"API"
34144,1,2026,37,"API"
34145,1,2026,28,"API"
34146,1,2026,26,"API"
34147,1,2026,200,"API"
34148,1,2026,163,"API"
34149,1,2026,56,"API"
34150,1,2026,48,"API"
34159,1,2026,30,"API"
34160,1,2026,28,"API"
34161,1,2026,24,"API"
34162,1,2026,19,"API"
34163,1,2026,39,"API"
34164,1,2026,31,"API"
34165,1,2026,24,"API"
34166,1,2026,17,"API"
34167,1,2026,20,"API"
34168,1,2026,19,"API"
34169,1,2026,10,"API"
34170,1,2026,10,"API"
34171,1,2026,79,"API"
34172,1,2026,68,"API"
34173,1,2026,56,"API"
34174,1,2026,36,"API"
34205,1,2026,38,"API"
34206,1,2026,50,"API"
34207,1,2026,49,"API"
34208,1,2026,24,"API"
34209,1,2026,22,"API"
34210,1,2026,47,"API"
34211,1,2026,36,"API"
34212,1,2026,17,"API"
34213,1,2026,21,"API"
34214,1,2026,74,"API"
34215,1,2026,66,"API"
34216,1,2026,64,"API"
34280,1,2026,157,"API"
34281,1,2026,361,"API"
34282,1,2026,263,"API"
34283,1,2026,95,"API"
34284,1,2026,141,"API"
34285,1,2026,220,"API"
34286,1,2026,147,"API"
34287,1,2026,15,"API"
34337,1,2026,28,"API"
34338,1,2026,71,"API"
34339,1,2026,71,"API"
34340,1,2026,54,"API"
34341,1,2026,31,"API"
34343,1,2026,37,"API"
34397,1,2026,43,"API"
34398,1,2026,44,"API"
34399,1,2026,49,"API"
34400,1,2026,34,"API"
34402,1,2026,18,"API"
34403,1,2026,24,"API"
34404,1,2026,25,"API"
34405,1,2026,23,"API"
34407,1,2026,18,"API"
34408,1,2026,19,"API"
34409,1,2026,21,"API"
34410,1,2026,19,"API"
34412,1,2026,58,"API"
34413,1,2026,59,"API"
34414,1,2026,48,"API"
34415,1,2026,34,"API"
34416,1,2026,25,"API"
34417,1,2026,21,"API"
34418,1,2026,25,"API"
34419,1,2026,21,"API"
34420,1,2026,14,"API"
34421,1,2026,10,"API"
34422,1,2026,23,"API"
34423,1,2026,20,"API"
34424,1,2026,20,"API"
34425,1,2026,17,"API"
34426,1,2026,10,"API"
34427,1,2026,6,"API"
34428,1,2026,8,"API"
34429,1,2026,16,"API"
34430,1,2026,17,"API"
34431,1,2026,23,"API"
34432,1,2026,19,"API"
34433,1,2026,23,"API"
34441,1,2026,31,"API"
34442,1,2026,42,"API"
34443,1,2026,36,"API"
34444,1,2026,48,"API"
34445,1,2026,61,"API"
34446,1,2026,46,"API"
34450,1,2026,21,"API"
34451,1,2026,10,"API"
34459,1,2026,24,"API"
34460,1,2026,39,"API"
34461,1,2026,35,"API"
34462,1,2026,23,"API"
34463,1,2026,13,"API"
34464,1,2026,27,"API"
34465,1,2026,26,"API"
34466,1,2026,13,"API"
34467,1,2026,18,"API"
34468,1,2026,36,"API"
34469,1,2026,32,"API"
34470,1,2026,23,"API"
34686,1,2026,35,"API"
34687,1,2026,55,"API"
34688,1,2026,55,"API"
34689,1,2026,43,"API"
34690,1,2026,60,"API"
34691,1,2026,107,"API"
34692,1,2026,107,"API"
34693,1,2026,80,"API"
34694,1,2026,36,"API"
34695,1,2026,65,"API"
34696,1,2026,59,"API"
34697,1,2026,50,"API"
34698,1,2026,25,"API"
34699,1,2026,70,"API"
34700,1,2026,136,"API"
34701,1,2026,121,"API"
34702,1,2026,94,"API"
34703,1,2026,37,"API"
34704,1,2026,39,"API"
34705,1,2026,92,"API"
34706,1,2026,92,"API"
34707,1,2026,77,"API"
34708,1,2026,31,"API"
34709,1,2026,74,"API"
34710,1,2026,190,"API"
34711,1,2026,193,"API"
34712,1,2026,153,"API"
34713,1,2026,53,"API"
34718,1,2026,38,"API"
34719,1,2026,65,"API"
34720,1,2026,67,"API"
34721,1,2026,56,"API"
34722,1,2026,69,"API"
34723,1,2026,142,"API"
34724,1,2026,144,"API"
34725,1,2026,115,"API"
34726,1,2026,61,"API"
34727,1,2026,85,"API"
34728,1,2026,73,"API"
34729,1,2026,51,"API"
34730,1,2026,35,"API"
34731,1,2026,44,"API"
34732,1,2026,40,"API"
34733,1,2026,31,"API"
34734,1,2026,10,"API"
34735,1,2026,17,"API"
34736,1,2026,28,"API"
34737,1,2026,41,"API"
34738,1,2026,42,"API"
34739,1,2026,46,"API"
34740,1,2026,40,"API"
34773,1,2026,100,"API"
34774,1,2026,202,"API"
34775,1,2026,160,"API"
34776,1,2026,75,"API"
34777,1,2026,146,"API"
34778,1,2026,115,"API"
34779,1,2026,55,"API"
34780,1,2026,102,"API"
34781,1,2026,83,"API"
34782,1,2026,103,"API"
34783,1,2026,205,"API"
34784,1,2026,163,"API"
34785,1,2026,115,"API"
34786,1,2026,173,"API"
34787,1,2026,128,"API"
34788,1,2026,50,"API"
34789,1,2026,170,"API"
34790,1,2026,259,"API"
34791,1,2026,192,"API"
34792,1,2026,76,"API"
34793,1,2026,32,"API"
34794,1,2026,34,"API"
34795,1,2026,37,"API"
34796,1,2026,18,"API"
34797,1,2026,46,"API"
34798,1,2026,48,"API"
34799,1,2026,54,"API"
34800,1,2026,27,"API"
34804,1,2026,84,"API"
34805,1,2026,127,"API"
34806,1,2026,90,"API"
34807,1,2026,127,"API"
34808,1,2026,186,"API"
34809,1,2026,139,"API"
34810,1,2026,53,"API"
34811,1,2026,76,"API"
34812,1,2026,62,"API"
34813,1,2026,40,"API"
34814,1,2026,56,"API"
34815,1,2026,45,"API"
34819,1,2026,32,"API"
34820,1,2026,41,"API"
34821,1,2026,36,"API"
34828,1,2026,58,"API"
34829,1,2026,83,"API"
34830,1,2026,65,"API"
34831,1,2026,26,"API"
34832,1,2026,46,"API"
34833,1,2026,60,"API"
34834,1,2026,48,"API"
34835,1,2026,22,"API"
34840,1,2026,35,"API"
34841,1,2026,45,"API"
34842,1,2026,36,"API"
34843,1,2026,21,"API"
34900,1,2026,58,"API"
34901,1,2026,91,"API"
34902,1,2026,66,"API"
34903,1,2026,23,"API"
34904,1,2026,88,"API"
34905,1,2026,132,"API"
34906,1,2026,102,"API"
34907,1,2026,33,"API"
34916,1,2026,16,"API"
34917,1,2026,36,"API"
34918,1,2026,32,"API"
34919,1,2026,24,"API"
34920,1,2026,47,"API"
34921,1,2026,39,"API"
34936,1,2026,30,"API"
34937,1,2026,71,"API"
34938,1,2026,60,"API"
34939,1,2026,41,"API"
34940,1,2026,45,"API"
34941,1,2026,104,"API"
34942,1,2026,87,"API"
34943,1,2026,65,"API"
34948,1,2026,26,"API"
34949,1,2026,32,"API"
34950,1,2026,24,"API"
34951,1,2026,9,"API"
34956,1,2026,48,"API"
34957,1,2026,74,"API"
34958,1,2026,57,"API"
34959,1,2026,6,"API"
34960,1,2026,61,"API"
34961,1,2026,138,"API"
34962,1,2026,128,"API"
34963,1,2026,75,"API"
34968,1,2026,129,"API"
34969,1,2026,210,"API"
34970,1,2026,157,"API"
34971,1,2026,36,"API"
34976,1,2026,118,"API"
34977,1,2026,194,"API"
34978,1,2026,145,"API"
34986,1,2026,131,"API"
34987,1,2026,193,"API"
34988,1,2026,139,"API"
34989,1,2026,19,"API"
34990,1,2026,194,"API"
34991,1,2026,288,"API"
34992,1,2026,210,"API"
34993,1,2026,30,"API"
34994,1,2026,55,"API"
34995,1,2026,118,"API"
34996,1,2026,107,"API"
34997,1,2026,60,"API"
34998,1,2026,82,"API"
34999,1,2026,175,"API"
35000,1,2026,158,"API"
35001,1,2026,89,"API"
35007,1,2026,36,"API"
35008,1,2026,55,"API"
35009,1,2026,43,"API"
35010,1,2026,105,"API"
35011,1,2026,177,"API"
35012,1,2026,116,"API"
35013,1,2026,47,"API"
35014,1,2026,97,"API"
35015,1,2026,165,"API"
35016,1,2026,107,"API"
35017,1,2026,44,"API"
35019,1,2026,40,"API"
35020,1,2026,56,"API"
35021,1,2026,45,"API"
35022,1,2026,53,"API"
35023,1,2026,76,"API"
35024,1,2026,62,"API"
35028,1,2026,32,"API"
35029,1,2026,41,"API"
35030,1,2026,36,"API"
35042,1,2026,136,"API"
35043,1,2026,135,"API"
35044,1,2026,109,"API"
35045,1,2026,63,"API"
35051,1,2026,42,"API"
35052,1,2026,58,"API"
35053,1,2026,72,"API"
35054,1,2026,84,"API"
35059,1,2026,38,"API"
35060,1,2026,111,"API"
35061,1,2026,113,"API"
35062,1,2026,77,"API"
35067,1,2026,201,"API"
35068,1,2026,323,"API"
35069,1,2026,229,"API"
35070,1,2026,92,"API"
35075,1,2026,83,"API"
35076,1,2026,120,"API"
35077,1,2026,79,"API"
35078,1,2026,22,"API"
35083,1,2026,76,"API"
35084,1,2026,198,"API"
35085,1,2026,201,"API"
35086,1,2026,140,"API"
35091,1,2026,24,"API"
35092,1,2026,48,"API"
35093,1,2026,41,"API"
35094,1,2026,6,"API"
35099,1,2026,46,"API"
35100,1,2026,83,"API"
35101,1,2026,72,"API"
35102,1,2026,18,"API"
35107,1,2026,71,"API"
35108,1,2026,94,"API"
35109,1,2026,70,"API"
35110,1,2026,10,"API"
35123,1,2026,71,"API"
35124,1,2026,115,"API"
35125,1,2026,102,"API"
35126,1,2026,36,"API"
35131,1,2026,55,"API"
35132,1,2026,156,"API"
35133,1,2026,191,"API"
35134,1,2026,121,"API"
35135,1,2026,34,"API"
35136,1,2026,39,"API"
35137,1,2026,29,"API"
35138,1,2026,21,"API"
35140,1,2026,49,"API"
35141,1,2026,58,"API"
35142,1,2026,41,"API"
35143,1,2026,29,"API"
35144,1,2026,18,"API"
35150,1,2026,30,"API"
35151,1,2026,34,"API"
35152,1,2026,29,"API"
35153,1,2026,24,"API"
35154,1,2026,15,"API"
35159,1,2026,20,"API"
35160,1,2026,13,"API"
35161,1,2026,10,"API"
35162,1,2026,8,"API"
35163,1,2026,38,"API"
35164,1,2026,30,"API"
35165,1,2026,24,"API"
35166,1,2026,48,"API"
35167,1,2026,39,"API"
35168,1,2026,27,"API"
35169,1,2026,46,"API"
35170,1,2026,39,"API"
35171,1,2026,28,"API"
35172,1,2026,74,"API"
35173,1,2026,59,"API"
35174,1,2026,40,"API"
35200,1,2026,144,"API"
35201,1,2026,213,"API"
35202,1,2026,128,"API"
35204,1,2026,125,"API"
35205,1,2026,191,"API"
35206,1,2026,124,"API"
35208,1,2026,134,"API"
35209,1,2026,192,"API"
35210,1,2026,117,"API"
35216,1,2026,161,"API"
35217,1,2026,279,"API"
35218,1,2026,178,"API"
35219,1,2026,75,"API"
35220,1,2026,136,"API"
35221,1,2026,239,"API"
35222,1,2026,163,"API"
35223,1,2026,74,"API"
35224,1,2026,146,"API"
35225,1,2026,249,"API"
35226,1,2026,159,"API"
35227,1,2026,69,"API"
35232,1,2026,104,"API"
35233,1,2026,161,"API"
35234,1,2026,107,"API"
35235,1,2026,49,"API"
35236,1,2026,92,"API"
35237,1,2026,140,"API"
35238,1,2026,94,"API"
35239,1,2026,44,"API"
35240,1,2026,104,"API"
35241,1,2026,160,"API"
35242,1,2026,107,"API"
35243,1,2026,49,"API"
35252,1,2026,42,"API"
35253,1,2026,107,"API"
35254,1,2026,127,"API"
35255,1,2026,88,"API"
35256,1,2026,42,"API"
35257,1,2026,98,"API"
35258,1,2026,112,"API"
35259,1,2026,80,"API"
35268,1,2026,37,"API"
35269,1,2026,64,"API"
35270,1,2026,75,"API"
35271,1,2026,61,"API"
35276,1,2026,37,"API"
35277,1,2026,64,"API"
35278,1,2026,75,"API"
35279,1,2026,61,"API"
35285,1,2026,59,"API"
35286,1,2026,105,"API"
35287,1,2026,103,"API"
35288,1,2026,59,"API"
35290,1,2026,56,"API"
35291,1,2026,96,"API"
35292,1,2026,92,"API"
35293,1,2026,58,"API"
35305,1,2026,39,"API"
35306,1,2026,70,"API"
35307,1,2026,79,"API"
35308,1,2026,68,"API"
35309,1,2026,47,"API"
35315,1,2026,39,"API"
35316,1,2026,70,"API"
35317,1,2026,79,"API"
35318,1,2026,68,"API"
35319,1,2026,47,"API"
35328,1,2026,131,"API"
35329,1,2026,245,"API"
35330,1,2026,151,"API"
35331,1,2026,61,"API"
35332,1,2026,142,"API"
35333,1,2026,264,"API"
35334,1,2026,160,"API"
35335,1,2026,62,"API"
35340,1,2026,155,"API"
35341,1,2026,468,"API"
35342,1,2026,466,"API"
35343,1,2026,272,"API"
35348,1,2026,187,"API"
35349,1,2026,564,"API"
35350,1,2026,557,"API"
35351,1,2026,311,"API"
35352,1,2026,118,"API"
35353,1,2026,245,"API"
35354,1,2026,197,"API"
35355,1,2026,114,"API"
35360,1,2026,105,"API"
35361,1,2026,226,"API"
35362,1,2026,187,"API"
35363,1,2026,109,"API"
35376,1,2026,96,"API"
35377,1,2026,188,"API"
35378,1,2026,127,"API"
35379,1,2026,50,"API"
35380,1,2026,110,"API"
35381,1,2026,211,"API"
35382,1,2026,137,"API"
35383,1,2026,54,"API"
35392,1,2026,95,"API"
35393,1,2026,214,"API"
35394,1,2026,159,"API"
35395,1,2026,76,"API"
35396,1,2026,108,"API"
35397,1,2026,250,"API"
35398,1,2026,180,"API"
35399,1,2026,82,"API"
35400,1,2026,121,"API"
35401,1,2026,118,"API"
35402,1,2026,69,"API"
35403,1,2026,19,"API"
35404,1,2026,180,"API"
35405,1,2026,173,"API"
35406,1,2026,103,"API"
35407,1,2026,28,"API"
35408,1,2026,45,"API"
35409,1,2026,41,"API"
35410,1,2026,36,"API"
35411,1,2026,60,"API"
35412,1,2026,57,"API"
35413,1,2026,49,"API"
35414,1,2026,121,"API"
35415,1,2026,119,"API"
35416,1,2026,71,"API"
35417,1,2026,49,"API"
35428,1,2026,112,"API"
35429,1,2026,218,"API"
35430,1,2026,176,"API"
35431,1,2026,84,"API"
35436,1,2026,106,"API"
35437,1,2026,204,"API"
35438,1,2026,168,"API"
35439,1,2026,80,"API"
35466,1,2026,47,"API"
35467,1,2026,44,"API"
35468,1,2026,32,"API"
35470,1,2026,34,"API"
35471,1,2026,110,"API"
35472,1,2026,85,"API"
35473,1,2026,60,"API"
35474,1,2026,61,"API"
35475,1,2026,33,"API"
35476,1,2026,123,"API"
35477,1,2026,145,"API"
35478,1,2026,70,"API"
35481,1,2026,116,"API"
35482,1,2026,138,"API"
35486,1,2026,76,"API"
35502,1,2026,33,"API"
35504,1,2026,51,"API"
35505,1,2026,77,"API"
35506,1,2026,46,"API"
35507,1,2026,36,"API"
35508,1,2026,75,"API"
35509,1,2026,114,"API"
35510,1,2026,57,"API"
35511,1,2026,30,"API"
35512,1,2026,71,"API"
35513,1,2026,97,"API"
35514,1,2026,38,"API"
35515,1,2026,64,"API"
35528,1,2026,30,"API"
35529,1,2026,25,"API"
35531,1,2026,56,"API"
35532,1,2026,57,"API"
35535,1,2026,74,"API"
35536,1,2026,84,"API"
35538,1,2026,58,"API"
35539,1,2026,83,"API"
35682,1,2026,49,"API"
35683,1,2026,84,"API"
35684,1,2026,70,"API"
35685,1,2026,41,"API"
35686,1,2026,27,"API"
35687,1,2026,40,"API"
35688,1,2026,60,"API"
35689,1,2026,49,"API"
35690,1,2026,33,"API"
35691,1,2026,10,"API"
35692,1,2026,20,"API"
35693,1,2026,21,"API"
35694,1,2026,17,"API"
35695,1,2026,15,"API"
35696,1,2026,24,"API"
35697,1,2026,19,"API"
35698,1,2026,14,"API"
35699,1,2026,12,"API"
35700,1,2026,19,"API"
35701,1,2026,18,"API"
35702,1,2026,12,"API"
35709,1,2026,9,"API"
35710,1,2026,20,"API"
35711,1,2026,19,"API"
35712,1,2026,19,"API"
35713,1,2026,5,"API"
35714,1,2026,6,"API"
35715,1,2026,5,"API"
35716,1,2026,4,"API"
35717,1,2026,15,"API"
35718,1,2026,23,"API"
35719,1,2026,23,"API"
35720,1,2026,17,"API"
35721,1,2026,20,"API"
35722,1,2026,36,"API"
35723,1,2026,33,"API"
35724,1,2026,24,"API"
35729,1,2026,20,"API"
35730,1,2026,29,"API"
35731,1,2026,24,"API"
35732,1,2026,11,"API"
35733,1,2026,20,"API"
35734,1,2026,29,"API"
35735,1,2026,24,"API"
35736,1,2026,11,"API"
35746,1,2026,50,"API"
35747,1,2026,103,"API"
35748,1,2026,75,"API"
35749,1,2026,46,"API"
35750,1,2026,33,"API"
35751,1,2026,72,"API"
35752,1,2026,48,"API"
35753,1,2026,32,"API"
35758,1,2026,11,"API"
35759,1,2026,26,"API"
35760,1,2026,26,"API"
35761,1,2026,19,"API"
35770,1,2026,76,"API"
35771,1,2026,113,"API"
35772,1,2026,100,"API"
35773,1,2026,43,"API"
35774,1,2026,76,"API"
35775,1,2026,113,"API"
35776,1,2026,100,"API"
35777,1,2026,43,"API"
35814,1,2026,50,"API"
35815,1,2026,82,"API"
35816,1,2026,69,"API"
35817,1,2026,15,"API"
35818,1,2026,68,"API"
35819,1,2026,131,"API"
35820,1,2026,114,"API"
35821,1,2026,65,"API"
35834,1,2026,70,"API"
35835,1,2026,103,"API"
35836,1,2026,91,"API"
35837,1,2026,39,"API"
35838,1,2026,70,"API"
35839,1,2026,103,"API"
35840,1,2026,91,"API"
35841,1,2026,39,"API"
35846,1,2026,39,"API"
35847,1,2026,59,"API"
35848,1,2026,49,"API"
35849,1,2026,16,"API"
35862,1,2026,46,"API"
35863,1,2026,73,"API"
35864,1,2026,59,"API"
35865,1,2026,31,"API"
35866,1,2026,30,"API"
35867,1,2026,54,"API"
35868,1,2026,45,"API"
35869,1,2026,16,"API"
35870,1,2026,52,"API"
35871,1,2026,80,"API"
35872,1,2026,62,"API"
35873,1,2026,66,"API"
35874,1,2026,101,"API"
35875,1,2026,79,"API"
35876,1,2026,25,"API"
35877,1,2026,85,"API"
35878,1,2026,94,"API"
35879,1,2026,69,"API"
35880,1,2026,32,"API"
35881,1,2026,109,"API"
35882,1,2026,119,"API"
35883,1,2026,88,"API"
35884,1,2026,112,"API"
35885,1,2026,172,"API"
35886,1,2026,133,"API"
35887,1,2026,142,"API"
35888,1,2026,219,"API"
35889,1,2026,170,"API"
35890,1,2026,210,"API"
35891,1,2026,332,"API"
35892,1,2026,242,"API"
35893,1,2026,194,"API"
35894,1,2026,308,"API"
35895,1,2026,224,"API"
35896,1,2026,20,"API"
35897,1,2026,67,"API"
35898,1,2026,74,"API"
35899,1,2026,54,"API"
35900,1,2026,17,"API"
35901,1,2026,57,"API"
35902,1,2026,63,"API"
35903,1,2026,46,"API"
35904,1,2026,61,"API"
35905,1,2026,94,"API"
35906,1,2026,73,"API"
35907,1,2026,7,"API"
35908,1,2026,52,"API"
35909,1,2026,80,"API"
35910,1,2026,62,"API"
35911,1,2026,6,"API"
35912,1,2026,62,"API"
35913,1,2026,91,"API"
35914,1,2026,80,"API"
35915,1,2026,35,"API"
35916,1,2026,52,"API"
35917,1,2026,78,"API"
35918,1,2026,68,"API"
35919,1,2026,30,"API"
35920,1,2026,34,"API"
35921,1,2026,27,"API"
35922,1,2026,14,"API"
35923,1,2026,7,"API"
35924,1,2026,48,"API"
35925,1,2026,35,"API"
35926,1,2026,24,"API"
35927,1,2026,12,"API"
35928,1,2026,123,"API"
35929,1,2026,189,"API"
35930,1,2026,147,"API"
35931,1,2026,14,"API"
35932,1,2026,157,"API"
35933,1,2026,241,"API"
35934,1,2026,187,"API"
35935,1,2026,18,"API"
35936,1,2026,31,"API"
35937,1,2026,33,"API"
35938,1,2026,26,"API"
35939,1,2026,13,"API"
35940,1,2026,40,"API"
35941,1,2026,43,"API"
35942,1,2026,33,"API"
35943,1,2026,17,"API"
35944,1,2026,47,"API"
35945,1,2026,37,"API"
35946,1,2026,33,"API"
35947,1,2026,45,"API"
35948,1,2026,34,"API"
35949,1,2026,32,"API"
35950,1,2026,110,"API"
35951,1,2026,141,"API"
35952,1,2026,69,"API"
35953,1,2026,17,"API"
35954,1,2026,101,"API"
35955,1,2026,128,"API"
35956,1,2026,63,"API"
35957,1,2026,14,"API"
35958,1,2026,191,"API"
35959,1,2026,314,"API"
35960,1,2026,228,"API"
35961,1,2026,86,"API"
35962,1,2026,39,"API"
35963,1,2026,56,"API"
35964,1,2026,64,"API"
35965,1,2026,72,"API"
35968,1,2026,121,"API"
35969,1,2026,127,"API"
35970,1,2026,60,"API"
35972,1,2026,74,"API"
35973,1,2026,188,"API"
35974,1,2026,195,"API"
35975,1,2026,135,"API"
35976,1,2026,49,"API"
35977,1,2026,148,"API"
35978,1,2026,180,"API"
35979,1,2026,118,"API"
35980,1,2026,67,"API"
35981,1,2026,108,"API"
35982,1,2026,96,"API"
35983,1,2026,36,"API"
35984,1,2026,38,"API"
35985,1,2026,103,"API"
35986,1,2026,107,"API"
35987,1,2026,73,"API"
35988,1,2026,74,"API"
35989,1,2026,113,"API"
35990,1,2026,76,"API"
35991,1,2026,22,"API"
35992,1,2026,45,"API"
35993,1,2026,80,"API"
35994,1,2026,71,"API"
35995,1,2026,17,"API"
35996,1,2026,68,"API"
35997,1,2026,92,"API"
35998,1,2026,66,"API"
35999,1,2026,10,"API"
36000,1,2026,22,"API"
36001,1,2026,47,"API"
36002,1,2026,40,"API"
36003,1,2026,5,"API"
36041,1,2026,26,"API"
36042,1,2026,32,"API"
36043,1,2026,24,"API"
36044,1,2026,9,"API"
36045,1,2026,48,"API"
36046,1,2026,74,"API"
36047,1,2026,57,"API"
36048,1,2026,6,"API"
36049,1,2026,11,"API"
36050,1,2026,26,"API"
36051,1,2026,26,"API"
36052,1,2026,19,"API"
36053,1,2026,36,"API"
36054,1,2026,55,"API"
36055,1,2026,43,"API"
36056,1,2026,50,"API"
36057,1,2026,82,"API"
36058,1,2026,69,"API"
36059,1,2026,15,"API"
36060,1,2026,39,"API"
36061,1,2026,59,"API"
36062,1,2026,49,"API"
36063,1,2026,16,"API"
36065,1,2026,48,"API"
36066,1,2026,111,"API"
36067,1,2026,106,"API"
36068,1,2026,76,"API"
36077,1,2026,132,"API"
36078,1,2026,238,"API"
36079,1,2026,163,"API"
36085,1,2026,92,"API"
36086,1,2026,147,"API"
36087,1,2026,101,"API"
36089,1,2026,38,"API"
36090,1,2026,57,"API"
36091,1,2026,16,"API"
36092,1,2026,55,"API"
36093,1,2026,13,"API"
36094,1,2026,43,"API"
36095,1,2026,25,"API"
36096,1,2026,28,"API"
36097,1,2026,69,"API"
36098,1,2026,121,"API"
36099,1,2026,93,"API"
36100,1,2026,42,"API"
36105,1,2026,98,"API"
36106,1,2026,90,"API"
36107,1,2026,68,"API"
36108,1,2026,40,"API"
36113,1,2026,68,"API"
36114,1,2026,63,"API"
36115,1,2026,44,"API"
36116,1,2026,28,"API"
36121,1,2026,39,"API"
36122,1,2026,53,"API"
36123,1,2026,43,"API"
36124,1,2026,41,"API"
36125,1,2026,27,"API"
36126,1,2026,39,"API"
36127,1,2026,30,"API"
36128,1,2026,32,"API"
36129,1,2026,90,"API"
36130,1,2026,134,"API"
36131,1,2026,116,"API"
36132,1,2026,55,"API"
36141,1,2026,97,"API"
36142,1,2026,150,"API"
36143,1,2026,127,"API"
36144,1,2026,58,"API"
36145,1,2026,39,"API"
36146,1,2026,39,"API"
36147,1,2026,29,"API"
36148,1,2026,16,"API"
36149,1,2026,39,"API"
36150,1,2026,39,"API"
36151,1,2026,29,"API"
36152,1,2026,16,"API"
36153,1,2026,46,"API"
36154,1,2026,68,"API"
36155,1,2026,60,"API"
36156,1,2026,26,"API"
36157,1,2026,39,"API"
36158,1,2026,58,"API"
36159,1,2026,51,"API"
36160,1,2026,22,"API"
36161,1,2026,63,"API"
36162,1,2026,97,"API"
36163,1,2026,75,"API"
36164,1,2026,54,"API"
36165,1,2026,82,"API"
36166,1,2026,64,"API"
36167,1,2026,145,"API"
36168,1,2026,123,"API"
36169,1,2026,162,"API"
36170,1,2026,137,"API"
36171,1,2026,162,"API"
36172,1,2026,137,"API"
36173,1,2026,88,"API"
36174,1,2026,106,"API"
36175,1,2026,81,"API"
36176,1,2026,31,"API"
36177,1,2026,112,"API"
36178,1,2026,136,"API"
36179,1,2026,103,"API"
36180,1,2026,40,"API"
36205,1,2026,73,"API"
36206,1,2026,157,"API"
36207,1,2026,168,"API"
36208,1,2026,107,"API"
36209,1,2026,66,"API"
36210,1,2026,144,"API"
36211,1,2026,153,"API"
36212,1,2026,99,"API"
36246,1,2026,50,"API"
36247,1,2026,66,"API"
36248,1,2026,58,"API"
36249,1,2026,41,"API"
36250,1,2026,63,"API"
36251,1,2026,84,"API"
36252,1,2026,74,"API"
36253,1,2026,53,"API"
36560,1,2026,36,"API"
36561,1,2026,40,"API"
36562,1,2026,32,"API"
36563,1,2026,20,"API"
36564,1,2026,9,"API"
36565,1,2026,34,"API"
36566,1,2026,38,"API"
36567,1,2026,31,"API"
36568,1,2026,16,"API"
36569,1,2026,8,"API"
36583,1,2026,34,"API"
36584,1,2026,40,"API"
36585,1,2026,28,"API"
36586,1,2026,34,"API"
36587,1,2026,46,"API"
36588,1,2026,54,"API"
36589,1,2026,44,"API"
36590,1,2026,34,"API"
36595,1,2026,13,"API"
36596,1,2026,22,"API"
36597,1,2026,3,"API"
36598,1,2026,12,"API"
36599,1,2026,4,"API"
36600,1,2026,18,"API"
36601,1,2026,4,"API"
36602,1,2026,3,"API"
36603,1,2026,12,"API"
36604,1,2026,13,"API"
36605,1,2026,22,"API"
36606,1,2026,3,"API"
36607,1,2026,12,"API"
36608,1,2026,4,"API"
36609,1,2026,18,"API"
36610,1,2026,4,"API"
36611,1,2026,3,"API"
36612,1,2026,12,"API"
36613,1,2026,3,"API"
36614,1,2026,2,"API"
36615,1,2026,13,"API"
36616,1,2026,10,"API"
36617,1,2026,19,"API"
36618,1,2026,16,"API"
36619,1,2026,18,"API"
36620,1,2026,15,"API"
36621,1,2026,10,"API"
36622,1,2026,3,"API"
36623,1,2026,2,"API"
36624,1,2026,13,"API"
36625,1,2026,10,"API"
36626,1,2026,19,"API"
36627,1,2026,16,"API"
36628,1,2026,18,"API"
36629,1,2026,15,"API"
36630,1,2026,10,"API"
36632,1,2026,8,"API"
36633,1,2026,21,"API"
36634,1,2026,17,"API"
36635,1,2026,26,"API"
36636,1,2026,23,"API"
36637,1,2026,21,"API"
36638,1,2026,20,"API"
36639,1,2026,8,"API"
36640,1,2026,21,"API"
36641,1,2026,17,"API"
36642,1,2026,26,"API"
36643,1,2026,23,"API"
36644,1,2026,21,"API"
36645,1,2026,20,"API"
36648,1,2026,104,"API"
36652,1,2026,36,"API"
36653,1,2026,29,"API"
36655,1,2026,70,"API"
36656,1,2026,67,"API"
36659,1,2026,84,"API"
36660,1,2026,91,"API"
36662,1,2026,67,"API"
36663,1,2026,95,"API"
36673,1,2026,66,"API"
36674,1,2026,85,"API"
36675,1,2026,64,"API"
36676,1,2026,37,"API"
36677,1,2026,34,"API"
36678,1,2026,40,"API"
36679,1,2026,28,"API"
36680,1,2026,34,"API"
36681,1,2026,72,"API"
36682,1,2026,72,"API"
36683,1,2026,42,"API"
36684,1,2026,29,"API"
36685,1,2026,70,"API"
36686,1,2026,113,"API"
36687,1,2026,88,"API"
36688,1,2026,35,"API"
36689,1,2026,82,"API"
36690,1,2026,78,"API"
36691,1,2026,45,"API"
36692,1,2026,76,"API"
36693,1,2026,123,"API"
36694,1,2026,96,"API"
36695,1,2026,21,"API"
36696,1,2026,39,"API"
36697,1,2026,78,"API"
36698,1,2026,69,"API"
36699,1,2026,39,"API"
36700,1,2026,41,"API"
36701,1,2026,71,"API"
36702,1,2026,58,"API"
36703,1,2026,25,"API"
36704,1,2026,19,"API"
36705,1,2026,37,"API"
36706,1,2026,31,"API"
36707,1,2026,10,"API"
36716,1,2026,14,"API"
36717,1,2026,37,"API"
36718,1,2026,30,"API"
36719,1,2026,8,"API"
36720,1,2026,8,"API"
36721,1,2026,12,"API"
36722,1,2026,10,"API"
36723,1,2026,7,"API"
36724,1,2026,5,"API"
36725,1,2026,9,"API"
36726,1,2026,6,"API"
36728,1,2026,30,"API"
36730,1,2026,49,"API"
36731,1,2026,59,"API"
36732,1,2026,45,"API"
36733,1,2026,45,"API"
36734,1,2026,76,"API"
36735,1,2026,87,"API"
36736,1,2026,60,"API"
36737,1,2026,44,"API"
36738,1,2026,72,"API"
36739,1,2026,85,"API"
36740,1,2026,38,"API"
36741,1,2026,63,"API"
36742,1,2026,66,"API"
36743,1,2026,98,"API"
36744,1,2026,68,"API"
36745,1,2026,35,"API"
36748,1,2026,66,"API"
36749,1,2026,98,"API"
36750,1,2026,68,"API"
36751,1,2026,35,"API"
36761,1,2026,16,"API"
36763,1,2026,16,"API"
36922,1,2026,70,"API"
36923,1,2026,69,"API"
36924,1,2026,64,"API"
36925,1,2026,14,"API"
36926,1,2026,11,"API"
36927,1,2026,11,"API"
36932,1,2026,66,"API"
36933,1,2026,67,"API"
36934,1,2026,43,"API"
36935,1,2026,31,"API"
36941,1,2026,56,"API"
36942,1,2026,61,"API"
36943,1,2026,38,"API"
36944,1,2026,33,"API"
36945,1,2026,24,"API"
36946,1,2026,26,"API"
36947,1,2026,26,"API"
36948,1,2026,23,"API"
36949,1,2026,16,"API"
36950,1,2026,11,"API"
4023,1,2026,87,"API"
4024,1,2026,130,"API"
4025,1,2026,122,"API"
4026,1,2026,136,"API"
4027,1,2026,194,"API"
4028,1,2026,174,"API"
4106,1,2026,142,"API"
4107,1,2026,268,"API"
4108,1,2026,268,"API"
4109,1,2026,159,"API"
4124,1,2026,253,"API"
4125,1,2026,478,"API"
4126,1,2026,470,"API"
4127,1,2026,287,"API"
4128,1,2026,348,"API"
4129,1,2026,679,"API"
4130,1,2026,643,"API"
4131,1,2026,348,"API"
4138,1,2026,201,"API"
4139,1,2026,370,"API"
4140,1,2026,349,"API"
4141,1,2026,193,"API"
5851,1,2026,287,"API"
5852,1,2026,509,"API"
5853,1,2026,392,"API"
5854,1,2026,95,"API"
5855,1,2026,158,"API"
5856,1,2026,119,"API"
6347,1,2026,40,"API"
6348,1,2026,82,"API"
6349,1,2026,75,"API"
6350,1,2026,34,"API"
6399,1,2026,37,"API"
6400,1,2026,105,"API"
6401,1,2026,92,"API"
6402,1,2026,45,"API"
6442,1,2026,342,"API"
6443,1,2026,1168,"API"
6444,1,2026,1210,"API"
6445,1,2026,732,"API"
6474,1,2026,251,"API"
6475,1,2026,892,"API"
6476,1,2026,964,"API"
6477,1,2026,635,"API"
6482,1,2026,106,"API"
6483,1,2026,359,"API"
6484,1,2026,366,"API"
6485,1,2026,228,"API"
6499,1,2026,207,"API"
6500,1,2026,760,"API"
6501,1,2026,824,"API"
6502,1,2026,516,"API"
6708,1,2026,32,"API"
6709,1,2026,70,"API"
6710,1,2026,94,"API"
6711,1,2026,58,"API"
6712,1,2026,17,"API"
6713,1,2026,30,"API"
6714,1,2026,37,"API"
6715,1,2026,30,"API"
6734,1,2026,127,"API"
6735,1,2026,129,"API"
6736,1,2026,65,"API"
6743,1,2026,130,"API"
6744,1,2026,275,"API"
6745,1,2026,279,"API"
6746,1,2026,186,"API"
6747,1,2026,53,"API"
6762,1,2026,32,"API"
6763,1,2026,70,"API"
6764,1,2026,63,"API"
6765,1,2026,50,"API"
6766,1,2026,67,"API"
6767,1,2026,136,"API"
6768,1,2026,137,"API"
6769,1,2026,88,"API"
6823,1,2026,148,"API"
6824,1,2026,163,"API"
6825,1,2026,120,"API"
6827,1,2026,92,"API"
6828,1,2026,106,"API"
6829,1,2026,87,"API"
6869,1,2026,416,"API"
6870,1,2026,930,"API"
6871,1,2026,942,"API"
6872,1,2026,647,"API"
6873,1,2026,60,"API"
6874,1,2026,177,"API"
6875,1,2026,191,"API"
6876,1,2026,155,"API"
7024,1,2026,55,"API"
7025,1,2026,154,"API"
7026,1,2026,152,"API"
7027,1,2026,100,"API"
7032,1,2026,32,"API"
7033,1,2026,89,"API"
7034,1,2026,67,"API"
7035,1,2026,53,"API"
7108,1,2026,128,"API"
7109,1,2026,198,"API"
7110,1,2026,197,"API"
7111,1,2026,131,"API"
8028,1,2026,60,"API"
8029,1,2026,165,"API"
8047,1,2026,196,"API"
8048,1,2026,138,"API"
8053,1,2026,185,"API"
8054,1,2026,539,"API"
8055,1,2026,628,"API"
8056,1,2026,424,"API"
8057,1,2026,120,"API"
8058,1,2026,311,"API"
8059,1,2026,375,"API"
8060,1,2026,275,"API"
8064,1,2026,108,"API"
8065,1,2026,276,"API"
8066,1,2026,333,"API"
8067,1,2026,232,"API"
8899,1,2026,28,"API"
8900,1,2026,54,"API"
8901,1,2026,43,"API"
8902,1,2026,34,"API"
8947,1,2026,41,"API"
8948,1,2026,118,"API"
8949,1,2026,136,"API"
8950,1,2026,118,"API"
9066,1,2026,53,"API"
9067,1,2026,109,"API"
9068,1,2026,101,"API"
9069,1,2026,57,"API"
9070,1,2026,45,"API"
9071,1,2026,26,"API"
9072,1,2026,34,"API"
9073,1,2026,33,"API"
9074,1,2026,26,"API"
9075,1,2026,20,"API"
9144,1,2026,56,"API"
9145,1,2026,44,"API"
9161,1,2026,121,"API"
9162,1,2026,175,"API"
9163,1,2026,145,"API"
9164,1,2026,96,"API"
9165,1,2026,41,"API"
9166,1,2026,67,"API"
9187,1,2026,41,"API"
9188,1,2026,118,"API"
9189,1,2026,74,"API"
9190,1,2026,56,"API"
9195,1,2026,30,"API"
9196,1,2026,65,"API"
9197,1,2026,52,"API"
9198,1,2026,41,"API"
9203,1,2026,43,"API"
9204,1,2026,123,"API"
9205,1,2026,80,"API"
9206,1,2026,55,"API"
9207,1,2026,86,"API"
9208,1,2026,42,"API"
9209,1,2026,15,"API"
9210,1,2026,39,"API"
9211,1,2026,39,"API"
9212,1,2026,29,"API"
9221,1,2026,29,"API"
9222,1,2026,60,"API"
9316,1,2026,31,"API"
9317,1,2026,64,"API"
9318,1,2026,46,"API"
9619,1,2026,108,"API"
9620,1,2026,113,"API"
9621,1,2026,76,"API"
9652,1,2026,42,"API"
9666,1,2026,83,"API"
9667,1,2026,170,"API"
9668,1,2026,186,"API"
9669,1,2026,138,"API"
9674,1,2026,23,"API"
9675,1,2026,72,"API"
9676,1,2026,99,"API"
9677,1,2026,53,"API"
9812,1,2026,123,"API"
9813,1,2026,184,"API"
9814,1,2026,154,"API"
9815,1,2026,92,"API"
9816,1,2026,127,"API"
9817,1,2026,103,"API"
9868,1,2026,177,"API"
9869,1,2026,315,"API"
9870,1,2026,243,"API"
9892,1,2026,209,"API"
9893,1,2026,409,"API"
9894,1,2026,339,"API"
9898,1,2026,124,"API"
9899,1,2026,205,"API"
9900,1,2026,167,"API"
9953,1,2026,93,"API"
9954,1,2026,171,"API"
9955,1,2026,197,"API"
9956,1,2026,142,"API"
9957,1,2026,97,"API"
9958,1,2026,188,"API"
9959,1,2026,215,"API"
9960,1,2026,161,"API"
9981,1,2026,53,"API"
9982,1,2026,140,"API"
9983,1,2026,158,"API"
9984,1,2026,131,"API"
10430,2,2026,120,"API"
10431,2,2026,101,"API"
10458,2,2026,52,"API"
10464,2,2026,94,"API"
10476,2,2026,120,"API"
10477,2,2026,162,"API"
10478,2,2026,133,"API"
10479,2,2026,105,"API"
10480,2,2026,102,"API"
10481,2,2026,149,"API"
10482,2,2026,125,"API"
10483,2,2026,78,"API"
10494,2,2026,116,"API"
10495,2,2026,198,"API"
10496,2,2026,178,"API"
10497,2,2026,73,"API"
10498,2,2026,116,"API"
10499,2,2026,99,"API"
10783,2,2026,20,"API"
10784,2,2026,40,"API"
10785,2,2026,37,"API"
10786,2,2026,30,"API"
10787,2,2026,51,"API"
10788,2,2026,56,"API"
13561,2,2026,63,"API"
13562,2,2026,46,"API"
13576,2,2026,99,"API"
13586,2,2026,139,"API"
13587,2,2026,131,"API"
13588,2,2026,96,"API"
13589,2,2026,77,"API"
13595,2,2026,101,"API"
16030,2,2026,23,"API"
16031,2,2026,29,"API"
16032,2,2026,27,"API"
16033,2,2026,19,"API"
16034,2,2026,21,"API"
16035,2,2026,22,"API"
16036,2,2026,22,"API"
16037,2,2026,16,"API"
16042,2,2026,81,"API"
16043,2,2026,83,"API"
16044,2,2026,46,"API"
16045,2,2026,36,"API"
16046,2,2026,111,"API"
16047,2,2026,121,"API"
16048,2,2026,61,"API"
16049,2,2026,44,"API"
16050,2,2026,46,"API"
16051,2,2026,75,"API"
16052,2,2026,47,"API"
16053,2,2026,122,"API"
16054,2,2026,139,"API"
16055,2,2026,114,"API"
16056,2,2026,35,"API"
16057,2,2026,43,"API"
16058,2,2026,35,"API"
16059,2,2026,27,"API"
16064,2,2026,43,"API"
16065,2,2026,54,"API"
16066,2,2026,40,"API"
16067,2,2026,31,"API"
16433,2,2026,106,"API"
16434,2,2026,167,"API"
16435,2,2026,117,"API"
16436,2,2026,24,"API"
16437,2,2026,406,"API"
16438,2,2026,641,"API"
16439,2,2026,388,"API"
16440,2,2026,16,"API"
16441,2,2026,477,"API"
16442,2,2026,765,"API"
16443,2,2026,445,"API"
16444,2,2026,101,"API"
16453,2,2026,173,"API"
16454,2,2026,300,"API"
16455,2,2026,185,"API"
16456,2,2026,89,"API"
16457,2,2026,449,"API"
16458,2,2026,835,"API"
16459,2,2026,564,"API"
16460,2,2026,220,"API"
16461,2,2026,568,"API"
16462,2,2026,1084,"API"
16463,2,2026,688,"API"
16464,2,2026,267,"API"
16664,2,2026,45,"API"
16665,2,2026,47,"API"
16666,2,2026,33,"API"
16667,2,2026,23,"API"
16694,2,2026,13,"API"
16695,2,2026,47,"API"
16696,2,2026,51,"API"
16697,2,2026,37,"API"
16698,2,2026,14,"API"
16699,2,2026,49,"API"
16700,2,2026,79,"API"
16701,2,2026,40,"API"
16713,2,2026,297,"API"
16714,2,2026,555,"API"
16715,2,2026,511,"API"
16716,2,2026,310,"API"
16748,2,2026,43,"API"
16749,2,2026,173,"API"
16750,2,2026,145,"API"
16751,2,2026,65,"API"
16756,2,2026,69,"API"
16757,2,2026,261,"API"
16758,2,2026,243,"API"
16759,2,2026,119,"API"
16855,2,2026,303,"API"
16856,2,2026,473,"API"
16857,2,2026,276,"API"
16858,2,2026,64,"API"
16863,2,2026,39,"API"
16864,2,2026,143,"API"
16865,2,2026,125,"API"
16866,2,2026,50,"API"
16879,2,2026,327,"API"
16880,2,2026,641,"API"
16881,2,2026,402,"API"
16882,2,2026,152,"API"
16912,2,2026,31,"API"
16913,2,2026,59,"API"
16914,2,2026,52,"API"
16915,2,2026,32,"API"
16916,2,2026,10,"API"
16917,2,2026,17,"API"
16918,2,2026,16,"API"
16919,2,2026,14,"API"
16933,2,2026,77,"API"
16934,2,2026,75,"API"
16935,2,2026,41,"API"
16936,2,2026,29,"API"
16976,2,2026,31,"API"
16977,2,2026,90,"API"
16978,2,2026,76,"API"
16979,2,2026,34,"API"
17581,2,2026,63,"API"
17582,2,2026,118,"API"
17583,2,2026,106,"API"
17584,2,2026,54,"API"
17585,2,2026,67,"API"
17586,2,2026,136,"API"
17587,2,2026,110,"API"
17588,2,2026,55,"API"
17626,2,2026,99,"API"
17627,2,2026,101,"API"
17628,2,2026,66,"API"
17681,2,2026,80,"API"
17682,2,2026,164,"API"
17683,2,2026,148,"API"
17684,2,2026,181,"API"
17685,2,2026,460,"API"
17686,2,2026,435,"API"
17687,2,2026,111,"API"
17688,2,2026,294,"API"
17689,2,2026,281,"API"
17690,2,2026,189,"API"
17691,2,2026,459,"API"
17692,2,2026,423,"API"
17748,2,2026,28,"API"
17749,2,2026,52,"API"
17750,2,2026,40,"API"
17754,2,2026,29,"API"
17755,2,2026,43,"API"
17756,2,2026,47,"API"
17766,2,2026,54,"API"
17767,2,2026,68,"API"
17768,2,2026,94,"API"
17781,2,2026,59,"API"
17782,2,2026,107,"API"
17783,2,2026,98,"API"
17784,2,2026,44,"API"
17987,2,2026,14,"API"
17988,2,2026,74,"API"
17989,2,2026,77,"API"
17990,2,2026,40,"API"
18030,2,2026,30,"API"
18031,2,2026,41,"API"
18032,2,2026,42,"API"
18033,2,2026,32,"API"
18034,2,2026,54,"API"
18035,2,2026,94,"API"
18036,2,2026,91,"API"
18037,2,2026,50,"API"
18038,2,2026,33,"API"
18039,2,2026,41,"API"
18040,2,2026,36,"API"
18041,2,2026,31,"API"
18058,2,2026,126,"API"
18059,2,2026,259,"API"
18060,2,2026,310,"API"
18061,2,2026,248,"API"
18062,2,2026,163,"API"
18063,2,2026,402,"API"
18064,2,2026,483,"API"
18065,2,2026,364,"API"
18066,2,2026,89,"API"
18067,2,2026,172,"API"
18068,2,2026,215,"API"
18069,2,2026,161,"API"
18078,2,2026,92,"API"
18079,2,2026,182,"API"
18080,2,2026,196,"API"
18081,2,2026,132,"API"
18082,2,2026,297,"API"
18083,2,2026,326,"API"
18084,2,2026,81,"API"
18085,2,2026,162,"API"
18086,2,2026,172,"API"
18093,2,2026,31,"API"
18094,2,2026,60,"API"
18095,2,2026,72,"API"
18096,2,2026,54,"API"
18097,2,2026,51,"API"
18098,2,2026,117,"API"
18099,2,2026,138,"API"
18100,2,2026,120,"API"
18101,2,2026,20,"API"
18102,2,2026,38,"API"
18103,2,2026,47,"API"
18104,2,2026,36,"API"
18170,2,2026,61,"API"
18171,2,2026,134,"API"
18172,2,2026,159,"API"
18173,2,2026,130,"API"
18277,2,2026,94,"API"
18278,2,2026,238,"API"
18279,2,2026,161,"API"
18280,2,2026,278,"API"
18281,2,2026,14,"API"
18282,2,2026,25,"API"
18283,2,2026,30,"API"
18284,2,2026,21,"API"
18632,2,2026,15,"API"
18633,2,2026,32,"API"
18634,2,2026,38,"API"
18635,2,2026,33,"API"
18640,2,2026,25,"API"
18641,2,2026,54,"API"
18642,2,2026,92,"API"
18643,2,2026,51,"API"
18973,2,2026,12,"API"
18974,2,2026,22,"API"
18975,2,2026,18,"API"
18976,2,2026,12,"API"
18977,2,2026,14,"API"
18978,2,2026,19,"API"
18979,2,2026,16,"API"
18980,2,2026,8,"API"
18985,2,2026,11,"API"
18986,2,2026,18,"API"
18987,2,2026,14,"API"
18988,2,2026,9,"API"
19278,2,2026,25,"API"
19279,2,2026,42,"API"
19280,2,2026,42,"API"
19281,2,2026,24,"API"
19282,2,2026,40,"API"
19283,2,2026,87,"API"
19284,2,2026,62,"API"
19285,2,2026,40,"API"
19298,2,2026,50,"API"
19299,2,2026,139,"API"
19300,2,2026,115,"API"
19307,2,2026,55,"API"
19308,2,2026,133,"API"
19309,2,2026,104,"API"
19310,2,2026,57,"API"
19311,2,2026,118,"API"
19312,2,2026,69,"API"
19319,2,2026,45,"API"
19320,2,2026,106,"API"
19321,2,2026,54,"API"
19350,2,2026,9,"API"
19351,2,2026,8,"API"
19352,2,2026,10,"API"
19353,2,2026,6,"API"
19354,2,2026,11,"API"
19355,2,2026,16,"API"
19356,2,2026,15,"API"
19357,2,2026,8,"API"
19358,2,2026,15,"API"
19359,2,2026,21,"API"
19360,2,2026,9,"API"
19361,2,2026,16,"API"
19362,2,2026,20,"API"
19363,2,2026,12,"API"
19364,2,2026,9,"API"
19366,2,2026,6,"API"
19367,2,2026,40,"API"
19368,2,2026,32,"API"
19369,2,2026,15,"API"
19370,2,2026,21,"API"
19371,2,2026,9,"API"
19372,2,2026,43,"API"
19373,2,2026,62,"API"
19374,2,2026,25,"API"
19375,2,2026,49,"API"
19376,2,2026,81,"API"
19377,2,2026,51,"API"
19378,2,2026,33,"API"
19379,2,2026,22,"API"
19381,2,2026,21,"API"
19382,2,2026,155,"API"
19383,2,2026,127,"API"
19384,2,2026,79,"API"
19385,2,2026,73,"API"
19386,2,2026,27,"API"
19387,2,2026,187,"API"
19388,2,2026,214,"API"
19389,2,2026,103,"API"
19390,2,2026,181,"API"
19391,2,2026,195,"API"
19392,2,2026,12,"API"
19394,2,2026,17,"API"
19395,2,2026,31,"API"
19396,2,2026,16,"API"
19397,2,2026,15,"API"
19398,2,2026,33,"API"
19399,2,2026,53,"API"
19400,2,2026,26,"API"
19401,2,2026,10,"API"
19402,2,2026,33,"API"
19403,2,2026,54,"API"
19404,2,2026,18,"API"
19405,2,2026,33,"API"
19406,2,2026,19,"API"
19408,2,2026,47,"API"
19409,2,2026,64,"API"
19410,2,2026,38,"API"
19411,2,2026,23,"API"
19412,2,2026,98,"API"
19413,2,2026,105,"API"
19414,2,2026,45,"API"
19415,2,2026,19,"API"
19416,2,2026,77,"API"
19417,2,2026,89,"API"
19418,2,2026,34,"API"
19419,2,2026,59,"API"
19598,2,2026,11,"API"
19599,2,2026,15,"API"
19618,2,2026,97,"API"
19620,2,2026,44,"API"
19621,2,2026,47,"API"
19622,2,2026,18,"API"
19623,2,2026,27,"API"
19655,2,2026,200,"API"
19657,2,2026,112,"API"
19658,2,2026,128,"API"
21350,2,2026,23,"API"
21351,2,2026,34,"API"
21352,2,2026,30,"API"
21353,2,2026,33,"API"
21354,2,2026,52,"API"
21355,2,2026,32,"API"
21359,2,2026,21,"API"
21360,2,2026,30,"API"
21361,2,2026,14,"API"
21365,2,2026,88,"API"
21366,2,2026,148,"API"
21367,2,2026,129,"API"
21368,2,2026,90,"API"
21369,2,2026,154,"API"
21370,2,2026,120,"API"
22358,2,2026,56,"API"
22359,2,2026,127,"API"
22360,2,2026,142,"API"
22361,2,2026,121,"API"
22362,2,2026,66,"API"
22760,2,2026,6,"API"
22761,2,2026,7,"API"
22763,2,2026,15,"API"
22764,2,2026,14,"API"
22765,2,2026,11,"API"
22766,2,2026,6,"API"
22767,2,2026,13,"API"
22768,2,2026,17,"API"
22770,2,2026,11,"API"
22771,2,2026,14,"API"
22772,2,2026,15,"API"
22773,2,2026,9,"API"
22774,2,2026,4,"API"
22775,2,2026,9,"API"
22776,2,2026,5,"API"
22778,2,2026,8,"API"
22779,2,2026,10,"API"
22780,2,2026,5,"API"
22781,2,2026,28,"API"
22782,2,2026,29,"API"
22783,2,2026,13,"API"
22784,2,2026,7,"API"
22785,2,2026,37,"API"
22786,2,2026,32,"API"
22788,2,2026,14,"API"
22789,2,2026,34,"API"
22790,2,2026,27,"API"
22791,2,2026,9,"API"
22792,2,2026,11,"API"
22793,2,2026,19,"API"
22794,2,2026,8,"API"
23091,2,2026,105,"API"
23092,2,2026,146,"API"
23387,2,2026,20,"API"
23388,2,2026,61,"API"
23389,2,2026,63,"API"
23390,2,2026,43,"API"
23391,2,2026,9,"API"
23392,2,2026,21,"API"
23393,2,2026,22,"API"
23394,2,2026,20,"API"
24079,2,2026,9,"API"
24080,2,2026,7,"API"
24081,2,2026,7,"API"
24082,2,2026,14,"API"
24083,2,2026,14,"API"
24084,2,2026,7,"API"
24085,2,2026,8,"API"
24086,2,2026,16,"API"
24087,2,2026,14,"API"
24088,2,2026,7,"API"
24089,2,2026,6,"API"
24090,2,2026,14,"API"
24091,2,2026,12,"API"
24092,2,2026,11,"API"
24093,2,2026,9,"API"
24094,2,2026,13,"API"
24095,2,2026,13,"API"
24096,2,2026,7,"API"
24097,2,2026,22,"API"
24098,2,2026,25,"API"
24099,2,2026,11,"API"
24100,2,2026,6,"API"
24101,2,2026,29,"API"
24102,2,2026,26,"API"
24103,2,2026,8,"API"
24104,2,2026,9,"API"
24105,2,2026,22,"API"
24106,2,2026,19,"API"
24107,2,2026,16,"API"
24108,2,2026,12,"API"
24234,2,2026,55,"API"
24235,2,2026,58,"API"
24236,2,2026,49,"API"
24237,2,2026,31,"API"
25620,2,2026,179,"API"
25621,2,2026,375,"API"
25622,2,2026,259,"API"
25623,2,2026,101,"API"
25624,2,2026,170,"API"
25625,2,2026,348,"API"
25626,2,2026,244,"API"
25627,2,2026,104,"API"
25628,2,2026,127,"API"
25629,2,2026,252,"API"
25630,2,2026,181,"API"
25631,2,2026,54,"API"
25640,2,2026,127,"API"
25641,2,2026,336,"API"
25642,2,2026,287,"API"
25643,2,2026,154,"API"
25644,2,2026,147,"API"
25645,2,2026,361,"API"
25646,2,2026,291,"API"
25647,2,2026,152,"API"
25648,2,2026,113,"API"
25649,2,2026,273,"API"
25650,2,2026,219,"API"
25651,2,2026,112,"API"
25660,2,2026,222,"API"
25661,2,2026,462,"API"
25662,2,2026,292,"API"
25663,2,2026,111,"API"
25664,2,2026,124,"API"
25665,2,2026,264,"API"
25666,2,2026,164,"API"
25667,2,2026,52,"API"
25668,2,2026,179,"API"
25669,2,2026,366,"API"
25670,2,2026,226,"API"
25671,2,2026,95,"API"
25721,2,2026,17,"API"
25722,2,2026,20,"API"
25723,2,2026,19,"API"
25724,2,2026,14,"API"
25725,2,2026,16,"API"
25726,2,2026,27,"API"
25727,2,2026,23,"API"
25728,2,2026,15,"API"
25729,2,2026,14,"API"
25730,2,2026,22,"API"
25731,2,2026,20,"API"
25732,2,2026,13,"API"
25737,2,2026,27,"API"
25738,2,2026,44,"API"
25739,2,2026,33,"API"
25740,2,2026,20,"API"
25745,2,2026,19,"API"
25746,2,2026,32,"API"
25747,2,2026,26,"API"
25748,2,2026,17,"API"
25753,2,2026,36,"API"
25754,2,2026,67,"API"
25755,2,2026,42,"API"
25756,2,2026,24,"API"
25761,2,2026,27,"API"
25762,2,2026,46,"API"
25763,2,2026,36,"API"
25764,2,2026,22,"API"
25963,2,2026,29,"API"
25964,2,2026,33,"API"
25965,2,2026,30,"API"
25967,2,2026,22,"API"
25968,2,2026,20,"API"
25969,2,2026,14,"API"
25986,2,2026,28,"API"
25987,2,2026,66,"API"
25988,2,2026,61,"API"
25989,2,2026,40,"API"
25990,2,2026,15,"API"
25991,2,2026,31,"API"
25992,2,2026,18,"API"
25993,2,2026,19,"API"
26019,2,2026,6,"API"
26020,2,2026,8,"API"
26021,2,2026,7,"API"
26022,2,2026,6,"API"
26318,2,2026,18,"API"
26320,2,2026,16,"API"
27047,2,2026,104,"API"
27048,2,2026,177,"API"
27049,2,2026,131,"API"
27050,2,2026,42,"API"
27051,2,2026,106,"API"
27052,2,2026,218,"API"
27053,2,2026,141,"API"
27054,2,2026,52,"API"
27055,2,2026,76,"API"
27056,2,2026,169,"API"
27057,2,2026,131,"API"
27058,2,2026,77,"API"
27099,2,2026,44,"API"
27100,2,2026,69,"API"
27101,2,2026,38,"API"
27102,2,2026,25,"API"
27103,2,2026,15,"API"
27104,2,2026,52,"API"
27105,2,2026,83,"API"
27106,2,2026,49,"API"
27107,2,2026,39,"API"
27108,2,2026,25,"API"
27600,2,2026,33,"API"
27601,2,2026,95,"API"
27602,2,2026,58,"API"
27603,2,2026,32,"API"
27604,2,2026,55,"API"
27605,2,2026,39,"API"
27677,2,2026,17,"API"
27678,2,2026,50,"API"
27679,2,2026,57,"API"
27680,2,2026,40,"API"
27681,2,2026,22,"API"
27682,2,2026,82,"API"
27683,2,2026,85,"API"
27684,2,2026,44,"API"
27969,2,2026,64,"API"
27970,2,2026,87,"API"
27971,2,2026,64,"API"
27972,2,2026,30,"API"
27973,2,2026,38,"API"
27974,2,2026,47,"API"
27975,2,2026,31,"API"
27976,2,2026,15,"API"
27977,2,2026,76,"API"
27978,2,2026,107,"API"
27979,2,2026,92,"API"
27980,2,2026,41,"API"
28606,2,2026,44,"API"
28607,2,2026,43,"API"
28608,2,2026,28,"API"
28609,2,2026,19,"API"
28610,2,2026,13,"API"
28612,2,2026,46,"API"
28613,2,2026,45,"API"
28614,2,2026,30,"API"
28615,2,2026,22,"API"
28625,2,2026,49,"API"
28626,2,2026,164,"API"
28627,2,2026,195,"API"
28628,2,2026,140,"API"
28629,2,2026,113,"API"
28630,2,2026,208,"API"
28631,2,2026,195,"API"
28632,2,2026,118,"API"
28633,2,2026,64,"API"
28634,2,2026,155,"API"
28635,2,2026,187,"API"
28636,2,2026,144,"API"
28637,2,2026,112,"API"
28638,2,2026,302,"API"
28639,2,2026,285,"API"
28640,2,2026,169,"API"
28641,2,2026,166,"API"
28642,2,2026,622,"API"
28643,2,2026,674,"API"
28644,2,2026,433,"API"
28645,2,2026,125,"API"
28646,2,2026,252,"API"
28647,2,2026,182,"API"
28648,2,2026,54,"API"
28649,2,2026,137,"API"
28650,2,2026,282,"API"
28651,2,2026,176,"API"
28652,2,2026,74,"API"
28653,2,2026,112,"API"
28654,2,2026,256,"API"
28655,2,2026,207,"API"
28656,2,2026,114,"API"
29094,2,2026,20,"API"
29095,2,2026,30,"API"
29096,2,2026,27,"API"
29097,2,2026,18,"API"
29141,2,2026,40,"API"
29142,2,2026,31,"API"
29143,2,2026,17,"API"
29144,2,2026,13,"API"
29145,2,2026,20,"API"
29146,2,2026,19,"API"
29147,2,2026,13,"API"
29148,2,2026,11,"API"
29415,2,2026,91,"API"
29416,2,2026,87,"API"
29417,2,2026,65,"API"
29418,2,2026,60,"API"
29419,2,2026,56,"API"
29420,2,2026,56,"API"
29424,2,2026,57,"API"
29425,2,2026,45,"API"
29426,2,2026,48,"API"
29427,2,2026,75,"API"
29428,2,2026,83,"API"
29429,2,2026,61,"API"
29430,2,2026,22,"API"
29431,2,2026,16,"API"
29432,2,2026,15,"API"
29433,2,2026,33,"API"
29434,2,2026,24,"API"
29435,2,2026,20,"API"
29448,2,2026,39,"API"
29449,2,2026,27,"API"
29450,2,2026,23,"API"
29454,2,2026,43,"API"
29455,2,2026,33,"API"
29456,2,2026,26,"API"
29552,2,2026,46,"API"
29553,2,2026,15,"API"
29617,2,2026,8,"API"
29618,2,2026,13,"API"
29619,2,2026,14,"API"
29620,2,2026,13,"API"
29875,2,2026,84,"API"
29876,2,2026,83,"API"
29877,2,2026,54,"API"
29881,2,2026,41,"API"
29882,2,2026,41,"API"
29883,2,2026,34,"API"
30003,2,2026,31,"API"
30004,2,2026,29,"API"
30005,2,2026,21,"API"
30006,2,2026,18,"API"
30007,2,2026,18,"API"
30008,2,2026,15,"API"
30061,2,2026,209,"API"
30062,2,2026,283,"API"
30063,2,2026,215,"API"
30064,2,2026,126,"API"
30065,2,2026,114,"API"
30066,2,2026,150,"API"
30067,2,2026,129,"API"
30068,2,2026,85,"API"
30097,2,2026,45,"API"
30101,2,2026,68,"API"
30105,2,2026,92,"API"
30109,2,2026,48,"API"
30150,2,2026,7,"API"
30151,2,2026,8,"API"
30153,2,2026,19,"API"
30154,2,2026,25,"API"
30157,2,2026,25,"API"
30158,2,2026,36,"API"
30160,2,2026,19,"API"
30161,2,2026,33,"API"
30286,2,2026,111,"API"
30287,2,2026,155,"API"
30288,2,2026,140,"API"
30289,2,2026,86,"API"
30290,2,2026,134,"API"
30291,2,2026,128,"API"
30581,2,2026,49,"API"
30582,2,2026,84,"API"
30583,2,2026,69,"API"
30584,2,2026,34,"API"
30745,2,2026,25,"API"
30746,2,2026,39,"API"
30747,2,2026,33,"API"
30748,2,2026,23,"API"
30749,2,2026,16,"API"
30750,2,2026,28,"API"
30751,2,2026,29,"API"
30752,2,2026,18,"API"
30893,2,2026,45,"API"
30894,2,2026,51,"API"
30895,2,2026,49,"API"
30896,2,2026,36,"API"
30897,2,2026,19,"API"
30898,2,2026,22,"API"
30899,2,2026,21,"API"
30900,2,2026,17,"API"
30901,2,2026,92,"API"
30902,2,2026,97,"API"
30903,2,2026,87,"API"
30904,2,2026,48,"API"
30905,2,2026,34,"API"
30906,2,2026,44,"API"
30907,2,2026,52,"API"
30908,2,2026,45,"API"
30909,2,2026,25,"API"
30910,2,2026,17,"API"
30945,2,2026,18,"API"
30946,2,2026,26,"API"
30947,2,2026,21,"API"
30948,2,2026,12,"API"
30949,2,2026,11,"API"
31047,2,2026,57,"API"
31049,2,2026,28,"API"
31050,2,2026,97,"API"
31068,2,2026,149,"API"
31069,2,2026,48,"API"
31070,2,2026,92,"API"
31072,2,2026,90,"API"
31073,2,2026,49,"API"
31074,2,2026,65,"API"
31075,2,2026,81,"API"
31076,2,2026,47,"API"
31097,2,2026,24,"API"
31101,2,2026,33,"API"
31108,2,2026,83,"API"
31109,2,2026,40,"API"
31110,2,2026,57,"API"
31111,2,2026,49,"API"
31112,2,2026,33,"API"
31113,2,2026,37,"API"
31114,2,2026,71,"API"
31115,2,2026,60,"API"
31116,2,2026,36,"API"
31117,2,2026,30,"API"
31118,2,2026,70,"API"
31119,2,2026,74,"API"
31120,2,2026,54,"API"
31121,2,2026,121,"API"
31122,2,2026,218,"API"
31123,2,2026,183,"API"
31124,2,2026,104,"API"
31125,2,2026,57,"API"
31126,2,2026,124,"API"
31127,2,2026,122,"API"
31128,2,2026,96,"API"
31129,2,2026,57,"API"
31130,2,2026,85,"API"
31131,2,2026,54,"API"
31132,2,2026,34,"API"
31138,2,2026,19,"API"
31139,2,2026,27,"API"
31140,2,2026,22,"API"
31141,2,2026,54,"API"
31142,2,2026,87,"API"
31143,2,2026,77,"API"
31144,2,2026,37,"API"
31145,2,2026,51,"API"
31146,2,2026,46,"API"
31147,2,2026,29,"API"
31351,2,2026,111,"API"
31353,2,2026,82,"API"
31359,2,2026,33,"API"
31361,2,2026,111,"API"
31368,2,2026,16,"API"
31370,2,2026,10,"API"
31375,2,2026,36,"API"
31376,2,2026,19,"API"
31378,2,2026,10,"API"
31379,2,2026,43,"API"
31380,2,2026,78,"API"
31381,2,2026,49,"API"
31382,2,2026,37,"API"
31383,2,2026,21,"API"
31387,2,2026,20,"API"
31388,2,2026,27,"API"
31389,2,2026,70,"API"
31396,2,2026,51,"API"
31397,2,2026,11,"API"
31398,2,2026,21,"API"
31943,2,2026,15,"API"
31944,2,2026,18,"API"
31945,2,2026,14,"API"
31946,2,2026,9,"API"
32056,2,2026,12,"API"
32057,2,2026,46,"API"
32058,2,2026,51,"API"
32059,2,2026,37,"API"
32076,2,2026,14,"API"
32077,2,2026,48,"API"
32078,2,2026,56,"API"
32079,2,2026,46,"API"
32164,2,2026,42,"API"
32165,2,2026,37,"API"
32166,2,2026,32,"API"
32170,2,2026,29,"API"
32171,2,2026,23,"API"
32172,2,2026,17,"API"
32200,2,2026,34,"API"
32201,2,2026,32,"API"
32202,2,2026,22,"API"
32203,2,2026,12,"API"
32212,2,2026,47,"API"
32213,2,2026,39,"API"
32214,2,2026,30,"API"
32302,2,2026,46,"API"
32303,2,2026,99,"API"
32304,2,2026,85,"API"
32305,2,2026,41,"API"
32306,2,2026,84,"API"
32307,2,2026,183,"API"
32308,2,2026,159,"API"
32309,2,2026,87,"API"
32310,2,2026,57,"API"
32311,2,2026,138,"API"
32312,2,2026,114,"API"
32313,2,2026,51,"API"
32314,2,2026,63,"API"
32315,2,2026,138,"API"
32316,2,2026,120,"API"
32317,2,2026,59,"API"
32318,2,2026,87,"API"
32319,2,2026,193,"API"
32320,2,2026,165,"API"
32321,2,2026,83,"API"
32344,2,2026,23,"API"
32345,2,2026,39,"API"
32346,2,2026,35,"API"
32347,2,2026,23,"API"
32353,2,2026,12,"API"
32354,2,2026,22,"API"
32355,2,2026,23,"API"
32356,2,2026,17,"API"
32565,2,2026,111,"API"
32566,2,2026,281,"API"
32567,2,2026,321,"API"
32568,2,2026,251,"API"
32569,2,2026,175,"API"
32575,2,2026,71,"API"
32576,2,2026,191,"API"
32577,2,2026,226,"API"
32578,2,2026,170,"API"
32579,2,2026,118,"API"
32580,2,2026,181,"API"
32581,2,2026,434,"API"
32582,2,2026,552,"API"
32583,2,2026,452,"API"
32584,2,2026,297,"API"
32585,2,2026,49,"API"
32586,2,2026,107,"API"
32587,2,2026,123,"API"
32588,2,2026,95,"API"
32589,2,2026,55,"API"
32595,2,2026,43,"API"
32596,2,2026,105,"API"
32597,2,2026,119,"API"
32598,2,2026,109,"API"
32599,2,2026,78,"API"
32798,2,2026,15,"API"
32799,2,2026,15,"API"
32800,2,2026,9,"API"
32801,2,2026,5,"API"
32802,2,2026,4,"API"
32803,2,2026,18,"API"
32804,2,2026,23,"API"
32805,2,2026,13,"API"
32806,2,2026,13,"API"
32807,2,2026,9,"API"
32808,2,2026,22,"API"
32809,2,2026,13,"API"
32810,2,2026,8,"API"
32812,2,2026,37,"API"
32813,2,2026,21,"API"
32814,2,2026,17,"API"
32893,2,2026,16,"API"
32894,2,2026,33,"API"
32895,2,2026,27,"API"
32896,2,2026,13,"API"
32897,2,2026,21,"API"
32898,2,2026,35,"API"
32899,2,2026,33,"API"
32900,2,2026,17,"API"
32901,2,2026,92,"API"
32902,2,2026,171,"API"
32903,2,2026,155,"API"
32904,2,2026,89,"API"
32905,2,2026,74,"API"
32906,2,2026,137,"API"
32907,2,2026,126,"API"
32908,2,2026,71,"API"
32918,2,2026,13,"API"
32919,2,2026,12,"API"
32920,2,2026,10,"API"
32921,2,2026,10,"API"
32922,2,2026,9,"API"
32923,2,2026,9,"API"
32924,2,2026,6,"API"
32925,2,2026,7,"API"
32952,2,2026,38,"API"
32953,2,2026,31,"API"
32954,2,2026,27,"API"
33102,2,2026,15,"API"
33103,2,2026,33,"API"
33104,2,2026,26,"API"
33105,2,2026,17,"API"
33114,2,2026,20,"API"
33115,2,2026,28,"API"
33116,2,2026,24,"API"
33117,2,2026,20,"API"
33156,2,2026,17,"API"
33157,2,2026,36,"API"
33158,2,2026,27,"API"
33159,2,2026,13,"API"
33215,2,2026,17,"API"
33216,2,2026,68,"API"
33217,2,2026,64,"API"
33218,2,2026,55,"API"
33227,2,2026,28,"API"
33228,2,2026,36,"API"
33229,2,2026,30,"API"
33230,2,2026,16,"API"
33534,2,2026,27,"API"
33535,2,2026,18,"API"
33538,2,2026,55,"API"
33539,2,2026,38,"API"
33574,2,2026,32,"API"
33575,2,2026,29,"API"
33576,2,2026,21,"API"
33577,2,2026,57,"API"
33578,2,2026,56,"API"
33579,2,2026,41,"API"
33628,2,2026,38,"API"
33629,2,2026,43,"API"
33630,2,2026,48,"API"
33631,2,2026,31,"API"
33632,2,2026,66,"API"
33633,2,2026,77,"API"
33634,2,2026,84,"API"
33635,2,2026,55,"API"
33719,2,2026,49,"API"
33720,2,2026,27,"API"
33724,2,2026,10,"API"
33725,2,2026,21,"API"
33726,2,2026,21,"API"
33727,2,2026,10,"API"
33728,2,2026,10,"API"
33729,2,2026,24,"API"
33730,2,2026,20,"API"
33731,2,2026,10,"API"
33740,2,2026,70,"API"
33741,2,2026,117,"API"
33742,2,2026,106,"API"
33743,2,2026,56,"API"
33930,2,2026,9,"API"
33931,2,2026,18,"API"
33932,2,2026,10,"API"
33933,2,2026,7,"API"
33934,2,2026,9,"API"
33935,2,2026,21,"API"
33936,2,2026,24,"API"
33937,2,2026,16,"API"
34023,2,2026,6,"API"
34024,2,2026,17,"API"
34025,2,2026,20,"API"
34026,2,2026,14,"API"
34027,2,2026,10,"API"
34028,2,2026,22,"API"
34029,2,2026,29,"API"
34030,2,2026,22,"API"
34031,2,2026,35,"API"
34034,2,2026,24,"API"
34036,2,2026,22,"API"
34037,2,2026,26,"API"
34038,2,2026,24,"API"
34039,2,2026,11,"API"
34040,2,2026,13,"API"
34041,2,2026,21,"API"
34042,2,2026,20,"API"
34043,2,2026,13,"API"
34044,2,2026,13,"API"
34045,2,2026,19,"API"
34046,2,2026,14,"API"
34047,2,2026,10,"API"
34074,2,2026,18,"API"
34075,2,2026,30,"API"
34076,2,2026,27,"API"
34077,2,2026,13,"API"
34078,2,2026,22,"API"
34079,2,2026,32,"API"
34080,2,2026,28,"API"
34081,2,2026,18,"API"
34082,2,2026,13,"API"
34083,2,2026,18,"API"
34084,2,2026,17,"API"
34085,2,2026,12,"API"
34124,2,2026,17,"API"
34125,2,2026,24,"API"
34126,2,2026,24,"API"
34127,2,2026,16,"API"
34128,2,2026,7,"API"
34129,2,2026,15,"API"
34130,2,2026,13,"API"
34131,2,2026,8,"API"
34132,2,2026,4,"API"
34133,2,2026,13,"API"
34134,2,2026,13,"API"
34135,2,2026,7,"API"
34136,2,2026,16,"API"
34137,2,2026,23,"API"
34138,2,2026,21,"API"
34139,2,2026,18,"API"
34140,2,2026,23,"API"
34141,2,2026,29,"API"
34142,2,2026,29,"API"
34143,2,2026,21,"API"
34144,2,2026,32,"API"
34145,2,2026,24,"API"
34146,2,2026,22,"API"
34147,2,2026,170,"API"
34148,2,2026,138,"API"
34149,2,2026,48,"API"
34150,2,2026,41,"API"
34159,2,2026,26,"API"
34160,2,2026,24,"API"
34161,2,2026,21,"API"
34162,2,2026,16,"API"
34163,2,2026,33,"API"
34164,2,2026,27,"API"
34165,2,2026,21,"API"
34166,2,2026,15,"API"
34167,2,2026,17,"API"
34168,2,2026,16,"API"
34169,2,2026,9,"API"
34170,2,2026,8,"API"
34171,2,2026,67,"API"
34172,2,2026,58,"API"
34173,2,2026,48,"API"
34174,2,2026,30,"API"
34205,2,2026,33,"API"
34206,2,2026,43,"API"
34207,2,2026,41,"API"
34208,2,2026,21,"API"
34209,2,2026,18,"API"
34210,2,2026,40,"API"
34211,2,2026,30,"API"
34212,2,2026,14,"API"
34213,2,2026,18,"API"
34214,2,2026,63,"API"
34215,2,2026,56,"API"
34216,2,2026,55,"API"
34280,2,2026,134,"API"
34281,2,2026,307,"API"
34282,2,2026,224,"API"
34283,2,2026,81,"API"
34284,2,2026,120,"API"
34285,2,2026,187,"API"
34286,2,2026,125,"API"
34287,2,2026,13,"API"
34337,2,2026,24,"API"
34338,2,2026,61,"API"
34339,2,2026,60,"API"
34340,2,2026,46,"API"
34341,2,2026,26,"API"
34343,2,2026,32,"API"
34397,2,2026,36,"API"
34398,2,2026,38,"API"
34399,2,2026,41,"API"
34400,2,2026,29,"API"
34402,2,2026,16,"API"
34403,2,2026,21,"API"
34404,2,2026,21,"API"
34405,2,2026,20,"API"
34407,2,2026,16,"API"
34408,2,2026,16,"API"
34409,2,2026,18,"API"
34410,2,2026,16,"API"
34412,2,2026,49,"API"
34413,2,2026,50,"API"
34414,2,2026,41,"API"
34415,2,2026,29,"API"
34416,2,2026,21,"API"
34417,2,2026,18,"API"
34418,2,2026,21,"API"
34419,2,2026,18,"API"
34420,2,2026,12,"API"
34421,2,2026,8,"API"
34422,2,2026,19,"API"
34423,2,2026,17,"API"
34424,2,2026,17,"API"
34425,2,2026,14,"API"
34426,2,2026,8,"API"
34427,2,2026,5,"API"
34428,2,2026,7,"API"
34429,2,2026,13,"API"
34430,2,2026,14,"API"
34431,2,2026,19,"API"
34432,2,2026,16,"API"
34433,2,2026,19,"API"
34441,2,2026,27,"API"
34442,2,2026,35,"API"
34443,2,2026,30,"API"
34444,2,2026,41,"API"
34445,2,2026,52,"API"
34446,2,2026,39,"API"
34450,2,2026,18,"API"
34451,2,2026,9,"API"
34459,2,2026,21,"API"
34460,2,2026,33,"API"
34461,2,2026,30,"API"
34462,2,2026,20,"API"
34463,2,2026,11,"API"
34464,2,2026,23,"API"
34465,2,2026,22,"API"
34466,2,2026,11,"API"
34467,2,2026,16,"API"
34468,2,2026,30,"API"
34469,2,2026,27,"API"
34470,2,2026,19,"API"
34480,2,2026,4,"API"
34481,2,2026,4,"API"
34686,2,2026,6,"API"
34687,2,2026,11,"API"
34688,2,2026,12,"API"
34689,2,2026,5,"API"
34690,2,2026,8,"API"
34691,2,2026,25,"API"
34692,2,2026,25,"API"
34693,2,2026,17,"API"
34694,2,2026,3,"API"
34695,2,2026,7,"API"
34696,2,2026,10,"API"
34697,2,2026,8,"API"
34698,2,2026,3,"API"
34699,2,2026,5,"API"
34700,2,2026,26,"API"
34701,2,2026,31,"API"
34702,2,2026,27,"API"
34703,2,2026,11,"API"
34704,2,2026,4,"API"
34705,2,2026,18,"API"
34706,2,2026,15,"API"
34707,2,2026,18,"API"
34708,2,2026,14,"API"
34709,2,2026,4,"API"
34710,2,2026,25,"API"
34711,2,2026,26,"API"
34712,2,2026,21,"API"
34713,2,2026,16,"API"
34718,2,2026,7,"API"
34719,2,2026,20,"API"
34720,2,2026,17,"API"
34721,2,2026,15,"API"
34722,2,2026,17,"API"
34723,2,2026,48,"API"
34724,2,2026,55,"API"
34725,2,2026,50,"API"
34726,2,2026,9,"API"
34727,2,2026,10,"API"
34728,2,2026,11,"API"
34729,2,2026,9,"API"
34730,2,2026,4,"API"
34731,2,2026,9,"API"
34732,2,2026,8,"API"
34733,2,2026,5,"API"
34734,2,2026,8,"API"
34735,2,2026,14,"API"
34736,2,2026,24,"API"
34737,2,2026,35,"API"
34738,2,2026,35,"API"
34739,2,2026,39,"API"
34740,2,2026,34,"API"
34773,2,2026,175,"API"
34774,2,2026,263,"API"
34775,2,2026,192,"API"
34776,2,2026,113,"API"
34777,2,2026,168,"API"
34778,2,2026,126,"API"
34779,2,2026,97,"API"
34780,2,2026,141,"API"
34781,2,2026,95,"API"
34782,2,2026,150,"API"
34783,2,2026,218,"API"
34784,2,2026,155,"API"
34785,2,2026,66,"API"
34786,2,2026,101,"API"
34787,2,2026,77,"API"
34788,2,2026,47,"API"
34789,2,2026,90,"API"
34790,2,2026,138,"API"
34791,2,2026,108,"API"
34792,2,2026,63,"API"
34793,2,2026,10,"API"
34794,2,2026,16,"API"
34795,2,2026,13,"API"
34796,2,2026,8,"API"
34797,2,2026,16,"API"
34798,2,2026,25,"API"
34799,2,2026,22,"API"
34800,2,2026,10,"API"
34804,2,2026,72,"API"
34805,2,2026,100,"API"
34806,2,2026,66,"API"
34807,2,2026,128,"API"
34808,2,2026,167,"API"
34809,2,2026,107,"API"
34810,2,2026,133,"API"
34811,2,2026,177,"API"
34812,2,2026,133,"API"
34813,2,2026,101,"API"
34814,2,2026,145,"API"
34815,2,2026,107,"API"
34816,2,2026,118,"API"
34817,2,2026,157,"API"
34818,2,2026,120,"API"
34819,2,2026,74,"API"
34820,2,2026,100,"API"
34821,2,2026,72,"API"
34828,2,2026,57,"API"
34829,2,2026,86,"API"
34830,2,2026,76,"API"
34831,2,2026,43,"API"
34832,2,2026,49,"API"
34833,2,2026,69,"API"
34834,2,2026,63,"API"
34835,2,2026,36,"API"
34836,2,2026,47,"API"
34837,2,2026,65,"API"
34838,2,2026,61,"API"
34839,2,2026,35,"API"
34840,2,2026,36,"API"
34841,2,2026,47,"API"
34842,2,2026,43,"API"
34843,2,2026,21,"API"
34900,2,2026,39,"API"
34901,2,2026,58,"API"
34902,2,2026,50,"API"
34903,2,2026,24,"API"
34904,2,2026,69,"API"
34905,2,2026,107,"API"
34906,2,2026,95,"API"
34907,2,2026,42,"API"
34916,2,2026,10,"API"
34917,2,2026,14,"API"
34918,2,2026,10,"API"
34919,2,2026,26,"API"
34920,2,2026,33,"API"
34921,2,2026,24,"API"
34936,2,2026,27,"API"
34937,2,2026,54,"API"
34938,2,2026,48,"API"
34939,2,2026,36,"API"
34940,2,2026,35,"API"
34941,2,2026,93,"API"
34942,2,2026,96,"API"
34943,2,2026,77,"API"
34948,2,2026,70,"API"
34949,2,2026,85,"API"
34950,2,2026,70,"API"
34951,2,2026,34,"API"
34956,2,2026,44,"API"
34957,2,2026,63,"API"
34958,2,2026,61,"API"
34959,2,2026,28,"API"
34960,2,2026,39,"API"
34961,2,2026,78,"API"
34962,2,2026,81,"API"
34963,2,2026,63,"API"
34968,2,2026,55,"API"
34969,2,2026,80,"API"
34970,2,2026,70,"API"
34971,2,2026,37,"API"
34976,2,2026,90,"API"
34977,2,2026,134,"API"
34978,2,2026,105,"API"
34986,2,2026,42,"API"
34987,2,2026,70,"API"
34988,2,2026,45,"API"
34989,2,2026,25,"API"
34990,2,2026,72,"API"
34991,2,2026,116,"API"
34992,2,2026,82,"API"
34993,2,2026,48,"API"
34994,2,2026,42,"API"
34995,2,2026,70,"API"
34996,2,2026,74,"API"
34997,2,2026,56,"API"
34998,2,2026,67,"API"
34999,2,2026,101,"API"
35000,2,2026,104,"API"
35001,2,2026,82,"API"
35007,2,2026,83,"API"
35008,2,2026,133,"API"
35009,2,2026,78,"API"
35010,2,2026,29,"API"
35011,2,2026,47,"API"
35012,2,2026,44,"API"
35013,2,2026,30,"API"
35014,2,2026,37,"API"
35015,2,2026,73,"API"
35016,2,2026,68,"API"
35017,2,2026,42,"API"
35019,2,2026,76,"API"
35020,2,2026,116,"API"
35021,2,2026,82,"API"
35022,2,2026,89,"API"
35023,2,2026,135,"API"
35024,2,2026,107,"API"
35025,2,2026,64,"API"
35026,2,2026,96,"API"
35027,2,2026,69,"API"
35028,2,2026,73,"API"
35029,2,2026,105,"API"
35030,2,2026,75,"API"
35042,2,2026,79,"API"
35043,2,2026,98,"API"
35044,2,2026,90,"API"
35045,2,2026,65,"API"
35051,2,2026,17,"API"
35052,2,2026,27,"API"
35053,2,2026,25,"API"
35054,2,2026,14,"API"
35059,2,2026,22,"API"
35060,2,2026,47,"API"
35061,2,2026,54,"API"
35062,2,2026,42,"API"
35067,2,2026,134,"API"
35068,2,2026,211,"API"
35069,2,2026,178,"API"
35070,2,2026,111,"API"
35075,2,2026,52,"API"
35076,2,2026,69,"API"
35077,2,2026,59,"API"
35078,2,2026,33,"API"
35083,2,2026,64,"API"
35084,2,2026,145,"API"
35085,2,2026,162,"API"
35086,2,2026,126,"API"
35091,2,2026,25,"API"
35092,2,2026,41,"API"
35093,2,2026,19,"API"
35094,2,2026,10,"API"
35099,2,2026,57,"API"
35100,2,2026,81,"API"
35101,2,2026,70,"API"
35102,2,2026,47,"API"
35107,2,2026,82,"API"
35108,2,2026,110,"API"
35109,2,2026,85,"API"
35110,2,2026,46,"API"
35123,2,2026,47,"API"
35124,2,2026,71,"API"
35125,2,2026,73,"API"
35126,2,2026,47,"API"
35131,2,2026,18,"API"
35132,2,2026,74,"API"
35133,2,2026,83,"API"
35134,2,2026,60,"API"
35135,2,2026,45,"API"
35136,2,2026,52,"API"
35137,2,2026,40,"API"
35138,2,2026,25,"API"
35140,2,2026,54,"API"
35141,2,2026,66,"API"
35142,2,2026,53,"API"
35143,2,2026,36,"API"
35144,2,2026,29,"API"
35150,2,2026,25,"API"
35151,2,2026,30,"API"
35152,2,2026,21,"API"
35153,2,2026,18,"API"
35154,2,2026,14,"API"
35159,2,2026,25,"API"
35160,2,2026,19,"API"
35161,2,2026,14,"API"
35162,2,2026,9,"API"
35163,2,2026,29,"API"
35164,2,2026,17,"API"
35165,2,2026,12,"API"
35166,2,2026,59,"API"
35167,2,2026,41,"API"
35168,2,2026,27,"API"
35169,2,2026,46,"API"
35170,2,2026,36,"API"
35171,2,2026,34,"API"
35172,2,2026,80,"API"
35173,2,2026,67,"API"
35174,2,2026,53,"API"
35200,2,2026,150,"API"
35201,2,2026,222,"API"
35202,2,2026,142,"API"
35204,2,2026,134,"API"
35205,2,2026,196,"API"
35206,2,2026,135,"API"
35208,2,2026,173,"API"
35209,2,2026,256,"API"
35210,2,2026,185,"API"
35216,2,2026,144,"API"
35217,2,2026,242,"API"
35218,2,2026,190,"API"
35219,2,2026,104,"API"
35220,2,2026,162,"API"
35221,2,2026,274,"API"
35222,2,2026,219,"API"
35223,2,2026,113,"API"
35224,2,2026,190,"API"
35225,2,2026,310,"API"
35226,2,2026,254,"API"
35227,2,2026,144,"API"
35232,2,2026,43,"API"
35233,2,2026,69,"API"
35234,2,2026,69,"API"
35235,2,2026,48,"API"
35236,2,2026,59,"API"
35237,2,2026,101,"API"
35238,2,2026,97,"API"
35239,2,2026,71,"API"
35240,2,2026,37,"API"
35241,2,2026,57,"API"
35242,2,2026,61,"API"
35243,2,2026,39,"API"
35252,2,2026,68,"API"
35253,2,2026,172,"API"
35254,2,2026,203,"API"
35255,2,2026,156,"API"
35256,2,2026,72,"API"
35257,2,2026,191,"API"
35258,2,2026,210,"API"
35259,2,2026,160,"API"
35268,2,2026,77,"API"
35269,2,2026,189,"API"
35270,2,2026,222,"API"
35271,2,2026,195,"API"
35276,2,2026,62,"API"
35277,2,2026,140,"API"
35278,2,2026,167,"API"
35279,2,2026,149,"API"
35285,2,2026,103,"API"
35286,2,2026,198,"API"
35287,2,2026,206,"API"
35288,2,2026,145,"API"
35290,2,2026,117,"API"
35291,2,2026,243,"API"
35292,2,2026,258,"API"
35293,2,2026,190,"API"
35305,2,2026,114,"API"
35306,2,2026,226,"API"
35307,2,2026,268,"API"
35308,2,2026,238,"API"
35309,2,2026,170,"API"
35315,2,2026,60,"API"
35316,2,2026,124,"API"
35317,2,2026,149,"API"
35318,2,2026,134,"API"
35319,2,2026,93,"API"
35328,2,2026,187,"API"
35329,2,2026,311,"API"
35330,2,2026,250,"API"
35331,2,2026,114,"API"
35332,2,2026,145,"API"
35333,2,2026,232,"API"
35334,2,2026,190,"API"
35335,2,2026,86,"API"
35340,2,2026,148,"API"
35341,2,2026,430,"API"
35342,2,2026,442,"API"
35343,2,2026,339,"API"
35348,2,2026,114,"API"
35349,2,2026,358,"API"
35350,2,2026,370,"API"
35351,2,2026,281,"API"
35352,2,2026,106,"API"
35353,2,2026,295,"API"
35354,2,2026,284,"API"
35355,2,2026,169,"API"
35360,2,2026,124,"API"
35361,2,2026,292,"API"
35362,2,2026,290,"API"
35363,2,2026,189,"API"
35376,2,2026,127,"API"
35377,2,2026,211,"API"
35378,2,2026,197,"API"
35379,2,2026,105,"API"
35380,2,2026,86,"API"
35381,2,2026,150,"API"
35382,2,2026,134,"API"
35383,2,2026,69,"API"
35392,2,2026,107,"API"
35393,2,2026,232,"API"
35394,2,2026,217,"API"
35395,2,2026,137,"API"
35396,2,2026,90,"API"
35397,2,2026,194,"API"
35398,2,2026,181,"API"
35399,2,2026,114,"API"
35400,2,2026,45,"API"
35401,2,2026,55,"API"
35402,2,2026,44,"API"
35403,2,2026,30,"API"
35404,2,2026,63,"API"
35405,2,2026,77,"API"
35406,2,2026,63,"API"
35407,2,2026,41,"API"
35408,2,2026,18,"API"
35409,2,2026,17,"API"
35410,2,2026,15,"API"
35411,2,2026,52,"API"
35412,2,2026,40,"API"
35413,2,2026,23,"API"
35414,2,2026,55,"API"
35415,2,2026,79,"API"
35416,2,2026,63,"API"
35417,2,2026,36,"API"
35428,2,2026,100,"API"
35429,2,2026,197,"API"
35430,2,2026,166,"API"
35431,2,2026,79,"API"
35436,2,2026,122,"API"
35437,2,2026,239,"API"
35438,2,2026,196,"API"
35439,2,2026,99,"API"
35466,2,2026,9,"API"
35467,2,2026,5,"API"
35468,2,2026,3,"API"
35470,2,2026,6,"API"
35471,2,2026,21,"API"
35472,2,2026,23,"API"
35473,2,2026,11,"API"
35474,2,2026,9,"API"
35475,2,2026,7,"API"
35476,2,2026,32,"API"
35477,2,2026,29,"API"
35478,2,2026,11,"API"
35481,2,2026,24,"API"
35482,2,2026,31,"API"
35486,2,2026,39,"API"
35502,2,2026,6,"API"
35504,2,2026,10,"API"
35505,2,2026,15,"API"
35506,2,2026,8,"API"
35507,2,2026,6,"API"
35508,2,2026,18,"API"
35509,2,2026,22,"API"
35510,2,2026,13,"API"
35511,2,2026,8,"API"
35512,2,2026,14,"API"
35513,2,2026,16,"API"
35514,2,2026,9,"API"
35515,2,2026,20,"API"
35528,2,2026,2,"API"
35529,2,2026,4,"API"
35531,2,2026,9,"API"
35532,2,2026,14,"API"
35535,2,2026,15,"API"
35536,2,2026,22,"API"
35538,2,2026,15,"API"
35539,2,2026,21,"API"
35682,2,2026,31,"API"
35683,2,2026,58,"API"
35684,2,2026,54,"API"
35685,2,2026,37,"API"
35686,2,2026,25,"API"
35687,2,2026,39,"API"
35688,2,2026,67,"API"
35689,2,2026,56,"API"
35690,2,2026,37,"API"
35691,2,2026,13,"API"
35692,2,2026,25,"API"
35693,2,2026,25,"API"
35694,2,2026,20,"API"
35695,2,2026,20,"API"
35696,2,2026,35,"API"
35697,2,2026,32,"API"
35698,2,2026,19,"API"
35699,2,2026,12,"API"
35700,2,2026,24,"API"
35701,2,2026,23,"API"
35702,2,2026,18,"API"
35709,2,2026,11,"API"
35710,2,2026,28,"API"
35711,2,2026,30,"API"
35712,2,2026,27,"API"
35713,2,2026,24,"API"
35714,2,2026,40,"API"
35715,2,2026,33,"API"
35716,2,2026,19,"API"
35717,2,2026,17,"API"
35718,2,2026,25,"API"
35719,2,2026,20,"API"
35720,2,2026,13,"API"
35721,2,2026,30,"API"
35722,2,2026,45,"API"
35723,2,2026,40,"API"
35724,2,2026,26,"API"
35729,2,2026,41,"API"
35730,2,2026,67,"API"
35731,2,2026,58,"API"
35732,2,2026,36,"API"
35733,2,2026,31,"API"
35734,2,2026,50,"API"
35735,2,2026,44,"API"
35736,2,2026,21,"API"
35746,2,2026,55,"API"
35747,2,2026,91,"API"
35748,2,2026,60,"API"
35749,2,2026,41,"API"
35750,2,2026,22,"API"
35751,2,2026,39,"API"
35752,2,2026,23,"API"
35753,2,2026,17,"API"
35758,2,2026,20,"API"
35759,2,2026,38,"API"
35760,2,2026,38,"API"
35761,2,2026,27,"API"
35770,2,2026,47,"API"
35771,2,2026,83,"API"
35772,2,2026,68,"API"
35773,2,2026,31,"API"
35774,2,2026,41,"API"
35775,2,2026,71,"API"
35776,2,2026,59,"API"
35777,2,2026,25,"API"
35814,2,2026,64,"API"
35815,2,2026,100,"API"
35816,2,2026,97,"API"
35817,2,2026,54,"API"
35818,2,2026,11,"API"
35819,2,2026,36,"API"
35820,2,2026,36,"API"
35821,2,2026,30,"API"
35834,2,2026,31,"API"
35835,2,2026,53,"API"
35836,2,2026,51,"API"
35837,2,2026,32,"API"
35838,2,2026,24,"API"
35839,2,2026,43,"API"
35840,2,2026,40,"API"
35841,2,2026,21,"API"
35846,2,2026,37,"API"
35847,2,2026,50,"API"
35848,2,2026,47,"API"
35849,2,2026,27,"API"
35862,2,2026,63,"API"
35863,2,2026,74,"API"
35864,2,2026,67,"API"
35865,2,2026,30,"API"
35866,2,2026,22,"API"
35867,2,2026,27,"API"
35868,2,2026,25,"API"
35869,2,2026,10,"API"
35870,2,2026,114,"API"
35871,2,2026,137,"API"
35872,2,2026,73,"API"
35873,2,2026,120,"API"
35874,2,2026,143,"API"
35875,2,2026,79,"API"
35876,2,2026,51,"API"
35877,2,2026,97,"API"
35878,2,2026,101,"API"
35879,2,2026,75,"API"
35880,2,2026,52,"API"
35881,2,2026,89,"API"
35882,2,2026,87,"API"
35883,2,2026,69,"API"
35884,2,2026,105,"API"
35885,2,2026,154,"API"
35886,2,2026,127,"API"
35887,2,2026,97,"API"
35888,2,2026,137,"API"
35889,2,2026,114,"API"
35890,2,2026,56,"API"
35891,2,2026,90,"API"
35892,2,2026,74,"API"
35893,2,2026,55,"API"
35894,2,2026,89,"API"
35895,2,2026,67,"API"
35896,2,2026,64,"API"
35897,2,2026,109,"API"
35898,2,2026,109,"API"
35899,2,2026,76,"API"
35900,2,2026,45,"API"
35901,2,2026,76,"API"
35902,2,2026,75,"API"
35903,2,2026,63,"API"
35904,2,2026,177,"API"
35905,2,2026,239,"API"
35906,2,2026,186,"API"
35907,2,2026,71,"API"
35908,2,2026,128,"API"
35909,2,2026,180,"API"
35910,2,2026,143,"API"
35911,2,2026,50,"API"
35912,2,2026,90,"API"
35913,2,2026,106,"API"
35914,2,2026,83,"API"
35915,2,2026,47,"API"
35916,2,2026,62,"API"
35917,2,2026,79,"API"
35918,2,2026,66,"API"
35919,2,2026,42,"API"
35920,2,2026,23,"API"
35921,2,2026,14,"API"
35922,2,2026,10,"API"
35923,2,2026,8,"API"
35924,2,2026,48,"API"
35925,2,2026,31,"API"
35926,2,2026,19,"API"
35927,2,2026,14,"API"
35928,2,2026,149,"API"
35929,2,2026,186,"API"
35930,2,2026,118,"API"
35931,2,2026,58,"API"
35932,2,2026,150,"API"
35933,2,2026,180,"API"
35934,2,2026,109,"API"
35935,2,2026,52,"API"
35936,2,2026,71,"API"
35937,2,2026,76,"API"
35938,2,2026,58,"API"
35939,2,2026,31,"API"
35940,2,2026,69,"API"
35941,2,2026,76,"API"
35942,2,2026,60,"API"
35943,2,2026,31,"API"
35944,2,2026,36,"API"
35945,2,2026,26,"API"
35946,2,2026,14,"API"
35947,2,2026,51,"API"
35948,2,2026,34,"API"
35949,2,2026,18,"API"
35950,2,2026,43,"API"
35951,2,2026,52,"API"
35952,2,2026,45,"API"
35953,2,2026,21,"API"
35954,2,2026,36,"API"
35955,2,2026,43,"API"
35956,2,2026,38,"API"
35957,2,2026,20,"API"
35958,2,2026,122,"API"
35959,2,2026,200,"API"
35960,2,2026,166,"API"
35961,2,2026,107,"API"
35962,2,2026,14,"API"
35963,2,2026,21,"API"
35964,2,2026,19,"API"
35965,2,2026,11,"API"
35968,2,2026,62,"API"
35969,2,2026,77,"API"
35970,2,2026,47,"API"
35972,2,2026,52,"API"
35973,2,2026,107,"API"
35974,2,2026,116,"API"
35975,2,2026,96,"API"
35976,2,2026,4,"API"
35977,2,2026,25,"API"
35978,2,2026,29,"API"
35979,2,2026,26,"API"
35980,2,2026,41,"API"
35981,2,2026,71,"API"
35982,2,2026,66,"API"
35983,2,2026,42,"API"
35984,2,2026,30,"API"
35985,2,2026,53,"API"
35986,2,2026,52,"API"
35987,2,2026,39,"API"
35988,2,2026,43,"API"
35989,2,2026,52,"API"
35990,2,2026,47,"API"
35991,2,2026,30,"API"
35992,2,2026,63,"API"
35993,2,2026,88,"API"
35994,2,2026,81,"API"
35995,2,2026,52,"API"
35996,2,2026,81,"API"
35997,2,2026,108,"API"
35998,2,2026,78,"API"
35999,2,2026,47,"API"
36000,2,2026,12,"API"
36001,2,2026,19,"API"
36002,2,2026,14,"API"
36003,2,2026,1,"API"
36041,2,2026,65,"API"
36042,2,2026,80,"API"
36043,2,2026,69,"API"
36044,2,2026,31,"API"
36045,2,2026,48,"API"
36046,2,2026,69,"API"
36047,2,2026,63,"API"
36048,2,2026,25,"API"
36049,2,2026,16,"API"
36050,2,2026,31,"API"
36051,2,2026,32,"API"
36052,2,2026,19,"API"
36053,2,2026,69,"API"
36054,2,2026,110,"API"
36055,2,2026,62,"API"
36056,2,2026,70,"API"
36057,2,2026,109,"API"
36058,2,2026,102,"API"
36059,2,2026,58,"API"
36060,2,2026,39,"API"
36061,2,2026,50,"API"
36062,2,2026,41,"API"
36063,2,2026,27,"API"
36065,2,2026,17,"API"
36066,2,2026,45,"API"
36067,2,2026,47,"API"
36068,2,2026,47,"API"
36077,2,2026,33,"API"
36078,2,2026,61,"API"
36079,2,2026,52,"API"
36085,2,2026,20,"API"
36086,2,2026,30,"API"
36087,2,2026,24,"API"
36089,2,2026,20,"API"
36090,2,2026,38,"API"
36091,2,2026,52,"API"
36092,2,2026,23,"API"
36093,2,2026,55,"API"
36094,2,2026,25,"API"
36095,2,2026,47,"API"
36096,2,2026,37,"API"
36097,2,2026,38,"API"
36098,2,2026,55,"API"
36099,2,2026,46,"API"
36100,2,2026,22,"API"
36105,2,2026,32,"API"
36106,2,2026,59,"API"
36107,2,2026,52,"API"
36108,2,2026,35,"API"
36113,2,2026,13,"API"
36114,2,2026,25,"API"
36115,2,2026,24,"API"
36116,2,2026,18,"API"
36121,2,2026,32,"API"
36122,2,2026,42,"API"
36123,2,2026,36,"API"
36124,2,2026,16,"API"
36125,2,2026,16,"API"
36126,2,2026,19,"API"
36127,2,2026,17,"API"
36128,2,2026,8,"API"
36129,2,2026,64,"API"
36130,2,2026,87,"API"
36131,2,2026,82,"API"
36132,2,2026,61,"API"
36141,2,2026,94,"API"
36142,2,2026,131,"API"
36143,2,2026,131,"API"
36144,2,2026,90,"API"
36145,2,2026,22,"API"
36146,2,2026,30,"API"
36147,2,2026,31,"API"
36148,2,2026,14,"API"
36149,2,2026,40,"API"
36150,2,2026,52,"API"
36151,2,2026,42,"API"
36152,2,2026,18,"API"
36153,2,2026,84,"API"
36154,2,2026,96,"API"
36155,2,2026,78,"API"
36156,2,2026,18,"API"
36157,2,2026,63,"API"
36158,2,2026,74,"API"
36159,2,2026,60,"API"
36160,2,2026,15,"API"
36161,2,2026,138,"API"
36162,2,2026,175,"API"
36163,2,2026,106,"API"
36164,2,2026,120,"API"
36165,2,2026,158,"API"
36166,2,2026,101,"API"
36167,2,2026,124,"API"
36168,2,2026,82,"API"
36169,2,2026,113,"API"
36170,2,2026,76,"API"
36171,2,2026,96,"API"
36172,2,2026,62,"API"
36173,2,2026,87,"API"
36174,2,2026,94,"API"
36175,2,2026,79,"API"
36176,2,2026,50,"API"
36177,2,2026,94,"API"
36178,2,2026,100,"API"
36179,2,2026,84,"API"
36180,2,2026,47,"API"
36205,2,2026,17,"API"
36206,2,2026,41,"API"
36207,2,2026,50,"API"
36208,2,2026,39,"API"
36209,2,2026,18,"API"
36210,2,2026,57,"API"
36211,2,2026,72,"API"
36212,2,2026,55,"API"
36246,2,2026,66,"API"
36247,2,2026,74,"API"
36248,2,2026,58,"API"
36249,2,2026,19,"API"
36250,2,2026,53,"API"
36251,2,2026,59,"API"
36252,2,2026,48,"API"
36253,2,2026,18,"API"
36560,2,2026,23,"API"
36561,2,2026,26,"API"
36562,2,2026,23,"API"
36563,2,2026,14,"API"
36564,2,2026,10,"API"
36565,2,2026,35,"API"
36566,2,2026,40,"API"
36567,2,2026,32,"API"
36568,2,2026,22,"API"
36569,2,2026,15,"API"
36583,2,2026,40,"API"
36584,2,2026,63,"API"
36585,2,2026,58,"API"
36586,2,2026,42,"API"
36587,2,2026,63,"API"
36588,2,2026,87,"API"
36589,2,2026,80,"API"
36590,2,2026,57,"API"
36595,2,2026,9,"API"
36596,2,2026,9,"API"
36597,2,2026,18,"API"
36598,2,2026,19,"API"
36599,2,2026,17,"API"
36600,2,2026,21,"API"
36601,2,2026,15,"API"
36602,2,2026,17,"API"
36603,2,2026,13,"API"
36604,2,2026,9,"API"
36605,2,2026,10,"API"
36606,2,2026,16,"API"
36607,2,2026,21,"API"
36608,2,2026,16,"API"
36609,2,2026,20,"API"
36610,2,2026,12,"API"
36611,2,2026,15,"API"
36612,2,2026,15,"API"
36613,2,2026,11,"API"
36614,2,2026,9,"API"
36615,2,2026,29,"API"
36616,2,2026,19,"API"
36617,2,2026,32,"API"
36618,2,2026,18,"API"
36619,2,2026,30,"API"
36620,2,2026,17,"API"
36621,2,2026,21,"API"
36622,2,2026,11,"API"
36623,2,2026,9,"API"
36624,2,2026,21,"API"
36625,2,2026,14,"API"
36626,2,2026,24,"API"
36627,2,2026,13,"API"
36628,2,2026,21,"API"
36629,2,2026,12,"API"
36630,2,2026,15,"API"
36632,2,2026,7,"API"
36633,2,2026,29,"API"
36634,2,2026,10,"API"
36635,2,2026,29,"API"
36636,2,2026,11,"API"
36637,2,2026,25,"API"
36638,2,2026,11,"API"
36639,2,2026,7,"API"
36640,2,2026,25,"API"
36641,2,2026,13,"API"
36642,2,2026,28,"API"
36643,2,2026,15,"API"
36644,2,2026,21,"API"
36645,2,2026,15,"API"
36648,2,2026,69,"API"
36652,2,2026,5,"API"
36653,2,2026,5,"API"
36655,2,2026,16,"API"
36656,2,2026,21,"API"
36659,2,2026,25,"API"
36660,2,2026,27,"API"
36662,2,2026,21,"API"
36663,2,2026,27,"API"
36673,2,2026,57,"API"
36674,2,2026,81,"API"
36675,2,2026,74,"API"
36676,2,2026,46,"API"
36677,2,2026,36,"API"
36678,2,2026,51,"API"
36679,2,2026,47,"API"
36680,2,2026,29,"API"
36681,2,2026,38,"API"
36682,2,2026,49,"API"
36683,2,2026,46,"API"
36684,2,2026,24,"API"
36685,2,2026,61,"API"
36686,2,2026,92,"API"
36687,2,2026,79,"API"
36688,2,2026,47,"API"
36689,2,2026,97,"API"
36690,2,2026,96,"API"
36691,2,2026,69,"API"
36692,2,2026,74,"API"
36693,2,2026,120,"API"
36694,2,2026,102,"API"
36695,2,2026,52,"API"
36696,2,2026,10,"API"
36697,2,2026,21,"API"
36698,2,2026,19,"API"
36699,2,2026,14,"API"
36700,2,2026,25,"API"
36701,2,2026,36,"API"
36702,2,2026,26,"API"
36703,2,2026,9,"API"
36704,2,2026,16,"API"
36705,2,2026,31,"API"
36706,2,2026,27,"API"
36707,2,2026,8,"API"
36716,2,2026,12,"API"
36717,2,2026,31,"API"
36718,2,2026,26,"API"
36719,2,2026,7,"API"
36720,2,2026,19,"API"
36721,2,2026,36,"API"
36722,2,2026,27,"API"
36723,2,2026,11,"API"
36724,2,2026,4,"API"
36725,2,2026,7,"API"
36726,2,2026,5,"API"
36728,2,2026,8,"API"
36730,2,2026,11,"API"
36731,2,2026,9,"API"
36732,2,2026,3,"API"
36733,2,2026,3,"API"
36734,2,2026,19,"API"
36735,2,2026,15,"API"
36736,2,2026,8,"API"
36737,2,2026,2,"API"
36738,2,2026,16,"API"
36739,2,2026,15,"API"
36740,2,2026,7,"API"
36741,2,2026,14,"API"
36742,2,2026,16,"API"
36743,2,2026,27,"API"
36744,2,2026,26,"API"
36745,2,2026,18,"API"
36748,2,2026,25,"API"
36749,2,2026,33,"API"
36750,2,2026,32,"API"
36751,2,2026,21,"API"
36761,2,2026,5,"API"
36763,2,2026,8,"API"
36922,2,2026,67,"API"
36923,2,2026,63,"API"
36924,2,2026,48,"API"
36925,2,2026,10,"API"
36926,2,2026,6,"API"
36927,2,2026,4,"API"
36932,2,2026,34,"API"
36933,2,2026,32,"API"
36934,2,2026,30,"API"
36935,2,2026,24,"API"
36941,2,2026,30,"API"
36942,2,2026,32,"API"
36943,2,2026,27,"API"
36944,2,2026,21,"API"
36945,2,2026,17,"API"
36946,2,2026,12,"API"
36947,2,2026,17,"API"
36948,2,2026,18,"API"
36949,2,2026,15,"API"
36950,2,2026,9,"API"
4023,2,2026,74,"API"
4024,2,2026,111,"API"
4025,2,2026,104,"API"
4026,2,2026,115,"API"
4027,2,2026,165,"API"
4028,2,2026,148,"API"
4106,2,2026,121,"API"
4107,2,2026,228,"API"
4108,2,2026,228,"API"
4109,2,2026,135,"API"
4124,2,2026,215,"API"
4125,2,2026,406,"API"
4126,2,2026,399,"API"
4127,2,2026,244,"API"
4128,2,2026,295,"API"
4129,2,2026,578,"API"
4130,2,2026,547,"API"
4131,2,2026,296,"API"
4138,2,2026,171,"API"
4139,2,2026,314,"API"
4140,2,2026,297,"API"
4141,2,2026,164,"API"
5851,2,2026,244,"API"
5852,2,2026,433,"API"
5853,2,2026,333,"API"
5854,2,2026,81,"API"
5855,2,2026,134,"API"
5856,2,2026,101,"API"
6347,2,2026,34,"API"
6348,2,2026,70,"API"
6349,2,2026,64,"API"
6350,2,2026,29,"API"
6399,2,2026,32,"API"
6400,2,2026,89,"API"
6401,2,2026,78,"API"
6402,2,2026,38,"API"
6442,2,2026,291,"API"
6443,2,2026,993,"API"
6444,2,2026,1028,"API"
6445,2,2026,622,"API"
6474,2,2026,214,"API"
6475,2,2026,758,"API"
6476,2,2026,819,"API"
6477,2,2026,539,"API"
6482,2,2026,90,"API"
6483,2,2026,305,"API"
6484,2,2026,311,"API"
6485,2,2026,194,"API"
6499,2,2026,176,"API"
6500,2,2026,646,"API"
6501,2,2026,701,"API"
6502,2,2026,438,"API"
6708,2,2026,27,"API"
6709,2,2026,59,"API"
6710,2,2026,80,"API"
6711,2,2026,49,"API"
6712,2,2026,15,"API"
6713,2,2026,26,"API"
6714,2,2026,31,"API"
6715,2,2026,26,"API"
6734,2,2026,108,"API"
6735,2,2026,109,"API"
6736,2,2026,56,"API"
6743,2,2026,111,"API"
6744,2,2026,234,"API"
6745,2,2026,237,"API"
6746,2,2026,158,"API"
6747,2,2026,45,"API"
6762,2,2026,27,"API"
6763,2,2026,60,"API"
6764,2,2026,54,"API"
6765,2,2026,42,"API"
6766,2,2026,57,"API"
6767,2,2026,115,"API"
6768,2,2026,117,"API"
6769,2,2026,75,"API"
6823,2,2026,126,"API"
6824,2,2026,139,"API"
6825,2,2026,102,"API"
6827,2,2026,78,"API"
6828,2,2026,90,"API"
6829,2,2026,74,"API"
6869,2,2026,354,"API"
6870,2,2026,791,"API"
6871,2,2026,801,"API"
6872,2,2026,550,"API"
6873,2,2026,51,"API"
6874,2,2026,150,"API"
6875,2,2026,162,"API"
6876,2,2026,131,"API"
7024,2,2026,47,"API"
7025,2,2026,131,"API"
7026,2,2026,129,"API"
7027,2,2026,85,"API"
7032,2,2026,27,"API"
7033,2,2026,76,"API"
7034,2,2026,57,"API"
7035,2,2026,45,"API"
7108,2,2026,109,"API"
7109,2,2026,168,"API"
7110,2,2026,168,"API"
7111,2,2026,112,"API"
8028,2,2026,51,"API"
8029,2,2026,141,"API"
8047,2,2026,167,"API"
8048,2,2026,118,"API"
8053,2,2026,157,"API"
8054,2,2026,458,"API"
8055,2,2026,534,"API"
8056,2,2026,361,"API"
8057,2,2026,102,"API"
8058,2,2026,264,"API"
8059,2,2026,318,"API"
8060,2,2026,233,"API"
8064,2,2026,92,"API"
8065,2,2026,235,"API"
8066,2,2026,283,"API"
8067,2,2026,197,"API"
8899,2,2026,23,"API"
8900,2,2026,46,"API"
8901,2,2026,37,"API"
8902,2,2026,29,"API"
8947,2,2026,34,"API"
8948,2,2026,101,"API"
8949,2,2026,116,"API"
8950,2,2026,100,"API"
9066,2,2026,45,"API"
9067,2,2026,92,"API"
9068,2,2026,86,"API"
9069,2,2026,49,"API"
9070,2,2026,38,"API"
9071,2,2026,22,"API"
9072,2,2026,29,"API"
9073,2,2026,28,"API"
9074,2,2026,22,"API"
9075,2,2026,17,"API"
9144,2,2026,48,"API"
9145,2,2026,38,"API"
9161,2,2026,103,"API"
9162,2,2026,149,"API"
9163,2,2026,123,"API"
9164,2,2026,82,"API"
9165,2,2026,34,"API"
9166,2,2026,57,"API"
9187,2,2026,34,"API"
9188,2,2026,100,"API"
9189,2,2026,63,"API"
9190,2,2026,47,"API"
9195,2,2026,26,"API"
9196,2,2026,55,"API"
9197,2,2026,45,"API"
9198,2,2026,35,"API"
9203,2,2026,36,"API"
9204,2,2026,105,"API"
9205,2,2026,68,"API"
9206,2,2026,47,"API"
9207,2,2026,73,"API"
9208,2,2026,36,"API"
9209,2,2026,13,"API"
9210,2,2026,33,"API"
9211,2,2026,33,"API"
9212,2,2026,24,"API"
9221,2,2026,25,"API"
9222,2,2026,51,"API"
9316,2,2026,26,"API"
9317,2,2026,55,"API"
9318,2,2026,39,"API"
9619,2,2026,92,"API"
9620,2,2026,96,"API"
9621,2,2026,65,"API"
9652,2,2026,35,"API"
9666,2,2026,71,"API"
9667,2,2026,145,"API"
9668,2,2026,158,"API"
9669,2,2026,118,"API"
9674,2,2026,20,"API"
9675,2,2026,62,"API"
9676,2,2026,84,"API"
9677,2,2026,45,"API"
9812,2,2026,104,"API"
9813,2,2026,156,"API"
9814,2,2026,131,"API"
9815,2,2026,78,"API"
9816,2,2026,108,"API"
9817,2,2026,87,"API"
9868,2,2026,150,"API"
9869,2,2026,268,"API"
9870,2,2026,207,"API"
9892,2,2026,177,"API"
9893,2,2026,348,"API"
9894,2,2026,288,"API"
9898,2,2026,106,"API"
9899,2,2026,175,"API"
9900,2,2026,142,"API"
9953,2,2026,79,"API"
9954,2,2026,145,"API"
9955,2,2026,168,"API"
9956,2,2026,120,"API"
9957,2,2026,83,"API"
9958,2,2026,160,"API"
9959,2,2026,183,"API"
9960,2,2026,137,"API"
9981,2,2026,45,"API"
9982,2,2026,119,"API"
9983,2,2026,134,"API"
9984,2,2026,111,"API"
10430,3,2026,166,"API"
10431,3,2026,139,"API"
10458,3,2026,72,"API"
10464,3,2026,129,"API"
10476,3,2026,165,"API"
10477,3,2026,223,"API"
10478,3,2026,183,"API"
10479,3,2026,144,"API"
10480,3,2026,141,"API"
10481,3,2026,205,"API"
10482,3,2026,172,"API"
10483,3,2026,108,"API"
10494,3,2026,159,"API"
10495,3,2026,272,"API"
10496,3,2026,246,"API"
10497,3,2026,100,"API"
10498,3,2026,159,"API"
10499,3,2026,136,"API"
10783,3,2026,28,"API"
10784,3,2026,56,"API"
10785,3,2026,51,"API"
10786,3,2026,41,"API"
10787,3,2026,70,"API"
10788,3,2026,77,"API"
13561,3,2026,86,"API"
13562,3,2026,63,"API"
13576,3,2026,137,"API"
13586,3,2026,192,"API"
13587,3,2026,180,"API"
13588,3,2026,133,"API"
13589,3,2026,106,"API"
13595,3,2026,139,"API"
16030,3,2026,32,"API"
16031,3,2026,40,"API"
16032,3,2026,37,"API"
16033,3,2026,26,"API"
16034,3,2026,29,"API"
16035,3,2026,31,"API"
16036,3,2026,30,"API"
16037,3,2026,22,"API"
16042,3,2026,112,"API"
16043,3,2026,115,"API"
16044,3,2026,63,"API"
16045,3,2026,50,"API"
16046,3,2026,153,"API"
16047,3,2026,167,"API"
16048,3,2026,84,"API"
16049,3,2026,60,"API"
16050,3,2026,64,"API"
16051,3,2026,104,"API"
16052,3,2026,65,"API"
16053,3,2026,168,"API"
16054,3,2026,191,"API"
16055,3,2026,157,"API"
16056,3,2026,49,"API"
16057,3,2026,59,"API"
16058,3,2026,48,"API"
16059,3,2026,37,"API"
16064,3,2026,59,"API"
16065,3,2026,75,"API"
16066,3,2026,55,"API"
16067,3,2026,42,"API"
16433,3,2026,145,"API"
16434,3,2026,230,"API"
16435,3,2026,161,"API"
16436,3,2026,33,"API"
16437,3,2026,559,"API"
16438,3,2026,882,"API"
16439,3,2026,534,"API"
16440,3,2026,21,"API"
16441,3,2026,656,"API"
16442,3,2026,1054,"API"
16443,3,2026,612,"API"
16444,3,2026,139,"API"
16453,3,2026,239,"API"
16454,3,2026,413,"API"
16455,3,2026,255,"API"
16456,3,2026,122,"API"
16457,3,2026,618,"API"
16458,3,2026,1150,"API"
16459,3,2026,777,"API"
16460,3,2026,303,"API"
16461,3,2026,782,"API"
16462,3,2026,1493,"API"
16463,3,2026,947,"API"
16464,3,2026,368,"API"
16664,3,2026,61,"API"
16665,3,2026,65,"API"
16666,3,2026,45,"API"
16667,3,2026,31,"API"
16694,3,2026,17,"API"
16695,3,2026,65,"API"
16696,3,2026,70,"API"
16697,3,2026,51,"API"
16698,3,2026,19,"API"
16699,3,2026,67,"API"
16700,3,2026,108,"API"
16701,3,2026,56,"API"
16713,3,2026,409,"API"
16714,3,2026,764,"API"
16715,3,2026,703,"API"
16716,3,2026,427,"API"
16748,3,2026,60,"API"
16749,3,2026,238,"API"
16750,3,2026,199,"API"
16751,3,2026,90,"API"
16756,3,2026,95,"API"
16757,3,2026,360,"API"
16758,3,2026,334,"API"
16759,3,2026,164,"API"
16855,3,2026,417,"API"
16856,3,2026,652,"API"
16857,3,2026,381,"API"
16858,3,2026,89,"API"
16863,3,2026,54,"API"
16864,3,2026,196,"API"
16865,3,2026,172,"API"
16866,3,2026,69,"API"
16879,3,2026,450,"API"
16880,3,2026,882,"API"
16881,3,2026,554,"API"
16882,3,2026,209,"API"
16912,3,2026,42,"API"
16913,3,2026,82,"API"
16914,3,2026,71,"API"
16915,3,2026,44,"API"
16916,3,2026,14,"API"
16917,3,2026,23,"API"
16918,3,2026,22,"API"
16919,3,2026,20,"API"
16933,3,2026,106,"API"
16934,3,2026,104,"API"
16935,3,2026,57,"API"
16936,3,2026,40,"API"
16976,3,2026,42,"API"
16977,3,2026,124,"API"
16978,3,2026,105,"API"
16979,3,2026,46,"API"
17581,3,2026,87,"API"
17582,3,2026,163,"API"
17583,3,2026,146,"API"
17584,3,2026,75,"API"
17585,3,2026,93,"API"
17586,3,2026,187,"API"
17587,3,2026,151,"API"
17588,3,2026,75,"API"
17626,3,2026,137,"API"
17627,3,2026,139,"API"
17628,3,2026,91,"API"
17681,3,2026,110,"API"
17682,3,2026,225,"API"
17683,3,2026,204,"API"
17684,3,2026,250,"API"
17685,3,2026,634,"API"
17686,3,2026,600,"API"
17687,3,2026,153,"API"
17688,3,2026,405,"API"
17689,3,2026,387,"API"
17690,3,2026,261,"API"
17691,3,2026,633,"API"
17692,3,2026,583,"API"
17748,3,2026,38,"API"
17749,3,2026,71,"API"
17750,3,2026,55,"API"
17754,3,2026,40,"API"
17755,3,2026,59,"API"
17756,3,2026,65,"API"
17766,3,2026,74,"API"
17767,3,2026,93,"API"
17768,3,2026,129,"API"
17781,3,2026,81,"API"
17782,3,2026,148,"API"
17783,3,2026,135,"API"
17784,3,2026,60,"API"
17987,3,2026,19,"API"
17988,3,2026,102,"API"
17989,3,2026,105,"API"
17990,3,2026,55,"API"
18030,3,2026,41,"API"
18031,3,2026,57,"API"
18032,3,2026,57,"API"
18033,3,2026,44,"API"
18034,3,2026,74,"API"
18035,3,2026,129,"API"
18036,3,2026,126,"API"
18037,3,2026,69,"API"
18038,3,2026,45,"API"
18039,3,2026,57,"API"
18040,3,2026,50,"API"
18041,3,2026,43,"API"
18058,3,2026,174,"API"
18059,3,2026,356,"API"
18060,3,2026,427,"API"
18061,3,2026,341,"API"
18062,3,2026,225,"API"
18063,3,2026,553,"API"
18064,3,2026,665,"API"
18065,3,2026,501,"API"
18066,3,2026,123,"API"
18067,3,2026,237,"API"
18068,3,2026,297,"API"
18069,3,2026,222,"API"
18078,3,2026,127,"API"
18079,3,2026,250,"API"
18080,3,2026,270,"API"
18081,3,2026,182,"API"
18082,3,2026,409,"API"
18083,3,2026,448,"API"
18084,3,2026,112,"API"
18085,3,2026,223,"API"
18086,3,2026,237,"API"
18093,3,2026,43,"API"
18094,3,2026,83,"API"
18095,3,2026,99,"API"
18096,3,2026,74,"API"
18097,3,2026,70,"API"
18098,3,2026,161,"API"
18099,3,2026,190,"API"
18100,3,2026,165,"API"
18101,3,2026,27,"API"
18102,3,2026,53,"API"
18103,3,2026,64,"API"
18104,3,2026,49,"API"
18170,3,2026,84,"API"
18171,3,2026,185,"API"
18172,3,2026,219,"API"
18173,3,2026,180,"API"
18277,3,2026,130,"API"
18278,3,2026,327,"API"
18279,3,2026,222,"API"
18280,3,2026,382,"API"
18281,3,2026,20,"API"
18282,3,2026,35,"API"
18283,3,2026,41,"API"
18284,3,2026,29,"API"
18632,3,2026,21,"API"
18633,3,2026,44,"API"
18634,3,2026,53,"API"
18635,3,2026,46,"API"
18640,3,2026,35,"API"
18641,3,2026,74,"API"
18642,3,2026,127,"API"
18643,3,2026,70,"API"
18973,3,2026,16,"API"
18974,3,2026,30,"API"
18975,3,2026,24,"API"
18976,3,2026,17,"API"
18977,3,2026,19,"API"
18978,3,2026,26,"API"
18979,3,2026,22,"API"
18980,3,2026,12,"API"
18985,3,2026,15,"API"
18986,3,2026,25,"API"
18987,3,2026,20,"API"
18988,3,2026,12,"API"
19278,3,2026,34,"API"
19279,3,2026,58,"API"
19280,3,2026,57,"API"
19281,3,2026,33,"API"
19282,3,2026,55,"API"
19283,3,2026,120,"API"
19284,3,2026,85,"API"
19285,3,2026,55,"API"
19298,3,2026,69,"API"
19299,3,2026,192,"API"
19300,3,2026,159,"API"
19307,3,2026,76,"API"
19308,3,2026,183,"API"
19309,3,2026,144,"API"
19310,3,2026,78,"API"
19311,3,2026,162,"API"
19312,3,2026,95,"API"
19319,3,2026,62,"API"
19320,3,2026,146,"API"
19321,3,2026,74,"API"
19350,3,2026,13,"API"
19351,3,2026,11,"API"
19352,3,2026,14,"API"
19353,3,2026,8,"API"
19354,3,2026,15,"API"
19355,3,2026,22,"API"
19356,3,2026,21,"API"
19357,3,2026,11,"API"
19358,3,2026,21,"API"
19359,3,2026,30,"API"
19360,3,2026,13,"API"
19361,3,2026,23,"API"
19362,3,2026,27,"API"
19363,3,2026,16,"API"
19364,3,2026,12,"API"
19366,3,2026,8,"API"
19367,3,2026,56,"API"
19368,3,2026,43,"API"
19369,3,2026,21,"API"
19370,3,2026,29,"API"
19371,3,2026,12,"API"
19372,3,2026,59,"API"
19373,3,2026,85,"API"
19374,3,2026,34,"API"
19375,3,2026,68,"API"
19376,3,2026,111,"API"
19377,3,2026,70,"API"
19378,3,2026,45,"API"
19379,3,2026,31,"API"
19381,3,2026,30,"API"
19382,3,2026,213,"API"
19383,3,2026,175,"API"
19384,3,2026,109,"API"
19385,3,2026,101,"API"
19386,3,2026,38,"API"
19387,3,2026,258,"API"
19388,3,2026,294,"API"
19389,3,2026,142,"API"
19390,3,2026,249,"API"
19391,3,2026,268,"API"
19392,3,2026,17,"API"
19394,3,2026,24,"API"
19395,3,2026,43,"API"
19396,3,2026,22,"API"
19397,3,2026,20,"API"
19398,3,2026,46,"API"
19399,3,2026,73,"API"
19400,3,2026,36,"API"
19401,3,2026,14,"API"
19402,3,2026,45,"API"
19403,3,2026,75,"API"
19404,3,2026,24,"API"
19405,3,2026,46,"API"
19406,3,2026,26,"API"
19408,3,2026,64,"API"
19409,3,2026,87,"API"
19410,3,2026,53,"API"
19411,3,2026,31,"API"
19412,3,2026,134,"API"
19413,3,2026,145,"API"
19414,3,2026,62,"API"
19415,3,2026,27,"API"
19416,3,2026,107,"API"
19417,3,2026,122,"API"
19418,3,2026,46,"API"
19419,3,2026,82,"API"
19598,3,2026,15,"API"
19599,3,2026,20,"API"
19618,3,2026,134,"API"
19620,3,2026,60,"API"
19621,3,2026,64,"API"
19622,3,2026,25,"API"
19623,3,2026,37,"API"
19655,3,2026,275,"API"
19657,3,2026,154,"API"
19658,3,2026,177,"API"
21350,3,2026,32,"API"
21351,3,2026,46,"API"
21352,3,2026,42,"API"
21353,3,2026,45,"API"
21354,3,2026,72,"API"
21355,3,2026,43,"API"
21359,3,2026,29,"API"
21360,3,2026,42,"API"
21361,3,2026,19,"API"
21365,3,2026,121,"API"
21366,3,2026,204,"API"
21367,3,2026,177,"API"
21368,3,2026,124,"API"
21369,3,2026,211,"API"
21370,3,2026,166,"API"
22358,3,2026,77,"API"
22359,3,2026,175,"API"
22360,3,2026,196,"API"
22361,3,2026,166,"API"
22362,3,2026,91,"API"
22760,3,2026,8,"API"
22761,3,2026,9,"API"
22763,3,2026,20,"API"
22764,3,2026,19,"API"
22765,3,2026,15,"API"
22766,3,2026,8,"API"
22767,3,2026,17,"API"
22768,3,2026,23,"API"
22770,3,2026,15,"API"
22771,3,2026,20,"API"
22772,3,2026,21,"API"
22773,3,2026,12,"API"
22774,3,2026,6,"API"
22775,3,2026,12,"API"
22776,3,2026,7,"API"
22778,3,2026,11,"API"
22779,3,2026,14,"API"
22780,3,2026,7,"API"
22781,3,2026,39,"API"
22782,3,2026,39,"API"
22783,3,2026,18,"API"
22784,3,2026,9,"API"
22785,3,2026,51,"API"
22786,3,2026,43,"API"
22788,3,2026,19,"API"
22789,3,2026,47,"API"
22790,3,2026,37,"API"
22791,3,2026,12,"API"
22792,3,2026,15,"API"
22793,3,2026,26,"API"
22794,3,2026,12,"API"
23091,3,2026,144,"API"
23092,3,2026,202,"API"
23387,3,2026,27,"API"
23388,3,2026,83,"API"
23389,3,2026,87,"API"
23390,3,2026,60,"API"
23391,3,2026,13,"API"
23392,3,2026,28,"API"
23393,3,2026,31,"API"
23394,3,2026,27,"API"
24079,3,2026,13,"API"
24080,3,2026,9,"API"
24081,3,2026,9,"API"
24082,3,2026,19,"API"
24083,3,2026,19,"API"
24084,3,2026,9,"API"
24085,3,2026,11,"API"
24086,3,2026,23,"API"
24087,3,2026,20,"API"
24088,3,2026,9,"API"
24089,3,2026,8,"API"
24090,3,2026,19,"API"
24091,3,2026,16,"API"
24092,3,2026,15,"API"
24093,3,2026,12,"API"
24094,3,2026,18,"API"
24095,3,2026,18,"API"
24096,3,2026,10,"API"
24097,3,2026,31,"API"
24098,3,2026,34,"API"
24099,3,2026,15,"API"
24100,3,2026,8,"API"
24101,3,2026,39,"API"
24102,3,2026,36,"API"
24103,3,2026,11,"API"
24104,3,2026,13,"API"
24105,3,2026,31,"API"
24106,3,2026,26,"API"
24107,3,2026,22,"API"
24108,3,2026,17,"API"
24234,3,2026,76,"API"
24235,3,2026,79,"API"
24236,3,2026,68,"API"
24237,3,2026,43,"API"
25620,3,2026,246,"API"
25621,3,2026,516,"API"
25622,3,2026,357,"API"
25623,3,2026,138,"API"
25624,3,2026,234,"API"
25625,3,2026,479,"API"
25626,3,2026,336,"API"
25627,3,2026,143,"API"
25628,3,2026,175,"API"
25629,3,2026,347,"API"
25630,3,2026,249,"API"
25631,3,2026,75,"API"
25640,3,2026,175,"API"
25641,3,2026,463,"API"
25642,3,2026,395,"API"
25643,3,2026,212,"API"
25644,3,2026,203,"API"
25645,3,2026,498,"API"
25646,3,2026,401,"API"
25647,3,2026,209,"API"
25648,3,2026,156,"API"
25649,3,2026,376,"API"
25650,3,2026,302,"API"
25651,3,2026,155,"API"
25660,3,2026,305,"API"
25661,3,2026,636,"API"
25662,3,2026,402,"API"
25663,3,2026,152,"API"
25664,3,2026,171,"API"
25665,3,2026,364,"API"
25666,3,2026,226,"API"
25667,3,2026,72,"API"
25668,3,2026,246,"API"
25669,3,2026,504,"API"
25670,3,2026,311,"API"
25671,3,2026,130,"API"
25721,3,2026,24,"API"
25722,3,2026,27,"API"
25723,3,2026,26,"API"
25724,3,2026,19,"API"
25725,3,2026,23,"API"
25726,3,2026,37,"API"
25727,3,2026,32,"API"
25728,3,2026,20,"API"
25729,3,2026,19,"API"
25730,3,2026,30,"API"
25731,3,2026,28,"API"
25732,3,2026,18,"API"
25737,3,2026,37,"API"
25738,3,2026,60,"API"
25739,3,2026,46,"API"
25740,3,2026,27,"API"
25745,3,2026,26,"API"
25746,3,2026,44,"API"
25747,3,2026,36,"API"
25748,3,2026,24,"API"
25753,3,2026,50,"API"
25754,3,2026,92,"API"
25755,3,2026,57,"API"
25756,3,2026,33,"API"
25761,3,2026,37,"API"
25762,3,2026,63,"API"
25763,3,2026,50,"API"
25764,3,2026,31,"API"
25963,3,2026,40,"API"
25964,3,2026,46,"API"
25965,3,2026,41,"API"
25967,3,2026,30,"API"
25968,3,2026,27,"API"
25969,3,2026,19,"API"
25986,3,2026,38,"API"
25987,3,2026,91,"API"
25988,3,2026,84,"API"
25989,3,2026,55,"API"
25990,3,2026,20,"API"
25991,3,2026,43,"API"
25992,3,2026,24,"API"
25993,3,2026,27,"API"
26019,3,2026,9,"API"
26020,3,2026,11,"API"
26021,3,2026,10,"API"
26022,3,2026,9,"API"
26318,3,2026,25,"API"
26320,3,2026,22,"API"
27047,3,2026,143,"API"
27048,3,2026,244,"API"
27049,3,2026,180,"API"
27050,3,2026,58,"API"
27051,3,2026,146,"API"
27052,3,2026,300,"API"
27053,3,2026,195,"API"
27054,3,2026,72,"API"
27055,3,2026,105,"API"
27056,3,2026,232,"API"
27057,3,2026,180,"API"
27058,3,2026,105,"API"
27099,3,2026,61,"API"
27100,3,2026,95,"API"
27101,3,2026,53,"API"
27102,3,2026,35,"API"
27103,3,2026,21,"API"
27104,3,2026,71,"API"
27105,3,2026,114,"API"
27106,3,2026,67,"API"
27107,3,2026,54,"API"
27108,3,2026,34,"API"
27600,3,2026,45,"API"
27601,3,2026,131,"API"
27602,3,2026,79,"API"
27603,3,2026,43,"API"
27604,3,2026,76,"API"
27605,3,2026,54,"API"
27677,3,2026,24,"API"
27678,3,2026,69,"API"
27679,3,2026,79,"API"
27680,3,2026,55,"API"
27681,3,2026,30,"API"
27682,3,2026,113,"API"
27683,3,2026,117,"API"
27684,3,2026,61,"API"
27969,3,2026,89,"API"
27970,3,2026,120,"API"
27971,3,2026,89,"API"
27972,3,2026,41,"API"
27973,3,2026,52,"API"
27974,3,2026,65,"API"
27975,3,2026,43,"API"
27976,3,2026,20,"API"
27977,3,2026,105,"API"
27978,3,2026,148,"API"
27979,3,2026,126,"API"
27980,3,2026,57,"API"
28606,3,2026,61,"API"
28607,3,2026,59,"API"
28608,3,2026,39,"API"
28609,3,2026,27,"API"
28610,3,2026,18,"API"
28612,3,2026,63,"API"
28613,3,2026,62,"API"
28614,3,2026,42,"API"
28615,3,2026,30,"API"
28625,3,2026,67,"API"
28626,3,2026,226,"API"
28627,3,2026,269,"API"
28628,3,2026,193,"API"
28629,3,2026,155,"API"
28630,3,2026,286,"API"
28631,3,2026,269,"API"
28632,3,2026,162,"API"
28633,3,2026,88,"API"
28634,3,2026,213,"API"
28635,3,2026,257,"API"
28636,3,2026,199,"API"
28637,3,2026,155,"API"
28638,3,2026,416,"API"
28639,3,2026,393,"API"
28640,3,2026,233,"API"
28641,3,2026,229,"API"
28642,3,2026,856,"API"
28643,3,2026,928,"API"
28644,3,2026,596,"API"
28645,3,2026,172,"API"
28646,3,2026,348,"API"
28647,3,2026,251,"API"
28648,3,2026,75,"API"
28649,3,2026,189,"API"
28650,3,2026,388,"API"
28651,3,2026,242,"API"
28652,3,2026,102,"API"
28653,3,2026,154,"API"
28654,3,2026,353,"API"
28655,3,2026,285,"API"
28656,3,2026,157,"API"
29094,3,2026,27,"API"
29095,3,2026,41,"API"
29096,3,2026,37,"API"
29097,3,2026,25,"API"
29141,3,2026,55,"API"
29142,3,2026,42,"API"
29143,3,2026,23,"API"
29144,3,2026,18,"API"
29145,3,2026,28,"API"
29146,3,2026,26,"API"
29147,3,2026,18,"API"
29148,3,2026,15,"API"
29415,3,2026,125,"API"
29416,3,2026,119,"API"
29417,3,2026,89,"API"
29418,3,2026,82,"API"
29419,3,2026,78,"API"
29420,3,2026,77,"API"
29424,3,2026,79,"API"
29425,3,2026,62,"API"
29426,3,2026,65,"API"
29427,3,2026,104,"API"
29428,3,2026,114,"API"
29429,3,2026,84,"API"
29430,3,2026,28,"API"
29431,3,2026,21,"API"
29432,3,2026,19,"API"
29433,3,2026,43,"API"
29434,3,2026,31,"API"
29435,3,2026,25,"API"
29448,3,2026,53,"API"
29449,3,2026,37,"API"
29450,3,2026,32,"API"
29454,3,2026,59,"API"
29455,3,2026,45,"API"
29456,3,2026,36,"API"
29552,3,2026,63,"API"
29553,3,2026,21,"API"
29617,3,2026,11,"API"
29618,3,2026,18,"API"
29619,3,2026,19,"API"
29620,3,2026,18,"API"
29875,3,2026,115,"API"
29876,3,2026,114,"API"
29877,3,2026,74,"API"
29881,3,2026,57,"API"
29882,3,2026,56,"API"
29883,3,2026,47,"API"
30003,3,2026,42,"API"
30004,3,2026,40,"API"
30005,3,2026,29,"API"
30006,3,2026,24,"API"
30007,3,2026,24,"API"
30008,3,2026,20,"API"
30061,3,2026,288,"API"
30062,3,2026,390,"API"
30063,3,2026,296,"API"
30064,3,2026,173,"API"
30065,3,2026,158,"API"
30066,3,2026,207,"API"
30067,3,2026,177,"API"
30068,3,2026,117,"API"
30097,3,2026,62,"API"
30101,3,2026,94,"API"
30105,3,2026,127,"API"
30109,3,2026,66,"API"
30150,3,2026,10,"API"
30151,3,2026,11,"API"
30153,3,2026,26,"API"
30154,3,2026,35,"API"
30157,3,2026,35,"API"
30158,3,2026,50,"API"
30160,3,2026,26,"API"
30161,3,2026,45,"API"
30286,3,2026,153,"API"
30287,3,2026,214,"API"
30288,3,2026,192,"API"
30289,3,2026,118,"API"
30290,3,2026,185,"API"
30291,3,2026,176,"API"
30581,3,2026,67,"API"
30582,3,2026,115,"API"
30583,3,2026,96,"API"
30584,3,2026,47,"API"
30745,3,2026,34,"API"
30746,3,2026,53,"API"
30747,3,2026,46,"API"
30748,3,2026,32,"API"
30749,3,2026,21,"API"
30750,3,2026,38,"API"
30751,3,2026,39,"API"
30752,3,2026,25,"API"
30893,3,2026,62,"API"
30894,3,2026,70,"API"
30895,3,2026,67,"API"
30896,3,2026,50,"API"
30897,3,2026,27,"API"
30898,3,2026,30,"API"
30899,3,2026,28,"API"
30900,3,2026,24,"API"
30901,3,2026,126,"API"
30902,3,2026,134,"API"
30903,3,2026,120,"API"
30904,3,2026,65,"API"
30905,3,2026,46,"API"
30906,3,2026,61,"API"
30907,3,2026,72,"API"
30908,3,2026,62,"API"
30909,3,2026,35,"API"
30910,3,2026,24,"API"
30945,3,2026,24,"API"
30946,3,2026,36,"API"
30947,3,2026,30,"API"
30948,3,2026,16,"API"
30949,3,2026,15,"API"
31047,3,2026,78,"API"
31049,3,2026,39,"API"
31050,3,2026,134,"API"
31068,3,2026,205,"API"
31069,3,2026,65,"API"
31070,3,2026,127,"API"
31072,3,2026,124,"API"
31073,3,2026,68,"API"
31074,3,2026,90,"API"
31075,3,2026,111,"API"
31076,3,2026,64,"API"
31097,3,2026,33,"API"
31101,3,2026,45,"API"
31108,3,2026,114,"API"
31109,3,2026,55,"API"
31110,3,2026,79,"API"
31111,3,2026,67,"API"
31112,3,2026,45,"API"
31113,3,2026,52,"API"
31114,3,2026,98,"API"
31115,3,2026,83,"API"
31116,3,2026,50,"API"
31117,3,2026,42,"API"
31118,3,2026,97,"API"
31119,3,2026,102,"API"
31120,3,2026,74,"API"
31121,3,2026,166,"API"
31122,3,2026,300,"API"
31123,3,2026,252,"API"
31124,3,2026,143,"API"
31125,3,2026,78,"API"
31126,3,2026,171,"API"
31127,3,2026,168,"API"
31128,3,2026,132,"API"
31129,3,2026,78,"API"
31130,3,2026,117,"API"
31131,3,2026,74,"API"
31132,3,2026,47,"API"
31138,3,2026,27,"API"
31139,3,2026,37,"API"
31140,3,2026,30,"API"
31141,3,2026,75,"API"
31142,3,2026,120,"API"
31143,3,2026,106,"API"
31144,3,2026,51,"API"
31145,3,2026,71,"API"
31146,3,2026,63,"API"
31147,3,2026,39,"API"
31351,3,2026,153,"API"
31353,3,2026,112,"API"
31359,3,2026,46,"API"
31361,3,2026,153,"API"
31368,3,2026,21,"API"
31370,3,2026,14,"API"
31375,3,2026,50,"API"
31376,3,2026,26,"API"
31378,3,2026,14,"API"
31379,3,2026,59,"API"
31380,3,2026,107,"API"
31381,3,2026,67,"API"
31382,3,2026,51,"API"
31383,3,2026,28,"API"
31387,3,2026,28,"API"
31388,3,2026,37,"API"
31389,3,2026,97,"API"
31396,3,2026,70,"API"
31397,3,2026,15,"API"
31398,3,2026,28,"API"
31943,3,2026,20,"API"
31944,3,2026,24,"API"
31945,3,2026,19,"API"
31946,3,2026,13,"API"
32056,3,2026,16,"API"
32057,3,2026,63,"API"
32058,3,2026,71,"API"
32059,3,2026,51,"API"
32076,3,2026,19,"API"
32077,3,2026,65,"API"
32078,3,2026,77,"API"
32079,3,2026,63,"API"
32164,3,2026,57,"API"
32165,3,2026,51,"API"
32166,3,2026,44,"API"
32170,3,2026,39,"API"
32171,3,2026,32,"API"
32172,3,2026,24,"API"
32200,3,2026,47,"API"
32201,3,2026,43,"API"
32202,3,2026,30,"API"
32203,3,2026,17,"API"
32212,3,2026,65,"API"
32213,3,2026,54,"API"
32214,3,2026,41,"API"
32302,3,2026,63,"API"
32303,3,2026,137,"API"
32304,3,2026,117,"API"
32305,3,2026,57,"API"
32306,3,2026,116,"API"
32307,3,2026,252,"API"
32308,3,2026,219,"API"
32309,3,2026,120,"API"
32310,3,2026,79,"API"
32311,3,2026,191,"API"
32312,3,2026,157,"API"
32313,3,2026,71,"API"
32314,3,2026,86,"API"
32315,3,2026,191,"API"
32316,3,2026,165,"API"
32317,3,2026,81,"API"
32318,3,2026,120,"API"
32319,3,2026,266,"API"
32320,3,2026,228,"API"
32321,3,2026,115,"API"
32344,3,2026,32,"API"
32345,3,2026,54,"API"
32346,3,2026,48,"API"
32347,3,2026,32,"API"
32353,3,2026,17,"API"
32354,3,2026,30,"API"
32355,3,2026,32,"API"
32356,3,2026,23,"API"
32565,3,2026,153,"API"
32566,3,2026,387,"API"
32567,3,2026,443,"API"
32568,3,2026,346,"API"
32569,3,2026,241,"API"
32575,3,2026,98,"API"
32576,3,2026,263,"API"
32577,3,2026,311,"API"
32578,3,2026,234,"API"
32579,3,2026,163,"API"
32580,3,2026,249,"API"
32581,3,2026,598,"API"
32582,3,2026,760,"API"
32583,3,2026,623,"API"
32584,3,2026,409,"API"
32585,3,2026,68,"API"
32586,3,2026,148,"API"
32587,3,2026,169,"API"
32588,3,2026,131,"API"
32589,3,2026,75,"API"
32595,3,2026,59,"API"
32596,3,2026,144,"API"
32597,3,2026,164,"API"
32598,3,2026,150,"API"
32599,3,2026,107,"API"
32798,3,2026,20,"API"
32799,3,2026,20,"API"
32800,3,2026,12,"API"
32801,3,2026,7,"API"
32802,3,2026,6,"API"
32803,3,2026,25,"API"
32804,3,2026,32,"API"
32805,3,2026,18,"API"
32806,3,2026,18,"API"
32807,3,2026,13,"API"
32808,3,2026,31,"API"
32809,3,2026,17,"API"
32810,3,2026,11,"API"
32812,3,2026,51,"API"
32813,3,2026,30,"API"
32814,3,2026,23,"API"
32893,3,2026,22,"API"
32894,3,2026,45,"API"
32895,3,2026,38,"API"
32896,3,2026,18,"API"
32897,3,2026,28,"API"
32898,3,2026,48,"API"
32899,3,2026,46,"API"
32900,3,2026,23,"API"
32901,3,2026,127,"API"
32902,3,2026,236,"API"
32903,3,2026,214,"API"
32904,3,2026,123,"API"
32905,3,2026,102,"API"
32906,3,2026,188,"API"
32907,3,2026,173,"API"
32908,3,2026,98,"API"
32918,3,2026,18,"API"
32919,3,2026,16,"API"
32920,3,2026,13,"API"
32921,3,2026,13,"API"
32922,3,2026,12,"API"
32923,3,2026,12,"API"
32924,3,2026,8,"API"
32925,3,2026,9,"API"
32952,3,2026,53,"API"
32953,3,2026,43,"API"
32954,3,2026,37,"API"
33102,3,2026,20,"API"
33103,3,2026,45,"API"
33104,3,2026,36,"API"
33105,3,2026,23,"API"
33114,3,2026,27,"API"
33115,3,2026,39,"API"
33116,3,2026,33,"API"
33117,3,2026,27,"API"
33156,3,2026,23,"API"
33157,3,2026,50,"API"
33158,3,2026,37,"API"
33159,3,2026,18,"API"
33215,3,2026,23,"API"
33216,3,2026,94,"API"
33217,3,2026,89,"API"
33218,3,2026,76,"API"
33227,3,2026,39,"API"
33228,3,2026,50,"API"
33229,3,2026,41,"API"
33230,3,2026,21,"API"
33534,3,2026,38,"API"
33535,3,2026,25,"API"
33538,3,2026,75,"API"
33539,3,2026,53,"API"
33574,3,2026,44,"API"
33575,3,2026,40,"API"
33576,3,2026,30,"API"
33577,3,2026,78,"API"
33578,3,2026,77,"API"
33579,3,2026,57,"API"
33628,3,2026,52,"API"
33629,3,2026,59,"API"
33630,3,2026,66,"API"
33631,3,2026,43,"API"
33632,3,2026,91,"API"
33633,3,2026,106,"API"
33634,3,2026,116,"API"
33635,3,2026,75,"API"
33719,3,2026,68,"API"
33720,3,2026,38,"API"
33724,3,2026,13,"API"
33725,3,2026,30,"API"
33726,3,2026,28,"API"
33727,3,2026,13,"API"
33728,3,2026,13,"API"
33729,3,2026,33,"API"
33730,3,2026,27,"API"
33731,3,2026,14,"API"
33740,3,2026,97,"API"
33741,3,2026,162,"API"
33742,3,2026,146,"API"
33743,3,2026,77,"API"
33930,3,2026,12,"API"
33931,3,2026,24,"API"
33932,3,2026,13,"API"
33933,3,2026,9,"API"
33934,3,2026,12,"API"
33935,3,2026,28,"API"
33936,3,2026,34,"API"
33937,3,2026,22,"API"
34023,3,2026,8,"API"
34024,3,2026,23,"API"
34025,3,2026,27,"API"
34026,3,2026,19,"API"
34027,3,2026,14,"API"
34028,3,2026,31,"API"
34029,3,2026,40,"API"
34030,3,2026,31,"API"
34031,3,2026,49,"API"
34034,3,2026,33,"API"
34036,3,2026,31,"API"
34037,3,2026,36,"API"
34038,3,2026,33,"API"
34039,3,2026,15,"API"
34040,3,2026,17,"API"
34041,3,2026,30,"API"
34042,3,2026,27,"API"
34043,3,2026,18,"API"
34044,3,2026,17,"API"
34045,3,2026,26,"API"
34046,3,2026,19,"API"
34047,3,2026,13,"API"
34074,3,2026,24,"API"
34075,3,2026,42,"API"
34076,3,2026,38,"API"
34077,3,2026,17,"API"
34078,3,2026,31,"API"
34079,3,2026,44,"API"
34080,3,2026,39,"API"
34081,3,2026,24,"API"
34082,3,2026,17,"API"
34083,3,2026,24,"API"
34084,3,2026,23,"API"
34085,3,2026,16,"API"
34124,3,2026,23,"API"
34125,3,2026,34,"API"
34126,3,2026,33,"API"
34127,3,2026,21,"API"
34128,3,2026,10,"API"
34129,3,2026,20,"API"
34130,3,2026,18,"API"
34131,3,2026,11,"API"
34132,3,2026,6,"API"
34133,3,2026,17,"API"
34134,3,2026,17,"API"
34135,3,2026,9,"API"
34136,3,2026,21,"API"
34137,3,2026,32,"API"
34138,3,2026,30,"API"
34139,3,2026,24,"API"
34140,3,2026,32,"API"
34141,3,2026,40,"API"
34142,3,2026,40,"API"
34143,3,2026,30,"API"
34144,3,2026,44,"API"
34145,3,2026,33,"API"
34146,3,2026,31,"API"
34147,3,2026,234,"API"
34148,3,2026,190,"API"
34149,3,2026,65,"API"
34150,3,2026,56,"API"
34159,3,2026,36,"API"
34160,3,2026,33,"API"
34161,3,2026,28,"API"
34162,3,2026,22,"API"
34163,3,2026,46,"API"
34164,3,2026,37,"API"
34165,3,2026,28,"API"
34166,3,2026,20,"API"
34167,3,2026,23,"API"
34168,3,2026,22,"API"
34169,3,2026,12,"API"
34170,3,2026,11,"API"
34171,3,2026,93,"API"
34172,3,2026,79,"API"
34173,3,2026,66,"API"
34174,3,2026,42,"API"
34205,3,2026,45,"API"
34206,3,2026,59,"API"
34207,3,2026,57,"API"
34208,3,2026,28,"API"
34209,3,2026,25,"API"
34210,3,2026,55,"API"
34211,3,2026,42,"API"
34212,3,2026,19,"API"
34213,3,2026,24,"API"
34214,3,2026,86,"API"
34215,3,2026,77,"API"
34216,3,2026,75,"API"
34280,3,2026,184,"API"
34281,3,2026,422,"API"
34282,3,2026,308,"API"
34283,3,2026,111,"API"
34284,3,2026,165,"API"
34285,3,2026,257,"API"
34286,3,2026,172,"API"
34287,3,2026,17,"API"
34337,3,2026,33,"API"
34338,3,2026,83,"API"
34339,3,2026,83,"API"
34340,3,2026,64,"API"
34341,3,2026,36,"API"
34343,3,2026,43,"API"
34397,3,2026,50,"API"
34398,3,2026,52,"API"
34399,3,2026,57,"API"
34400,3,2026,40,"API"
34402,3,2026,21,"API"
34403,3,2026,28,"API"
34404,3,2026,30,"API"
34405,3,2026,27,"API"
34407,3,2026,21,"API"
34408,3,2026,22,"API"
34409,3,2026,24,"API"
34410,3,2026,22,"API"
34412,3,2026,68,"API"
34413,3,2026,69,"API"
34414,3,2026,56,"API"
34415,3,2026,40,"API"
34416,3,2026,30,"API"
34417,3,2026,24,"API"
34418,3,2026,30,"API"
34419,3,2026,24,"API"
34420,3,2026,16,"API"
34421,3,2026,11,"API"
34422,3,2026,26,"API"
34423,3,2026,23,"API"
34424,3,2026,23,"API"
34425,3,2026,19,"API"
34426,3,2026,11,"API"
34427,3,2026,7,"API"
34428,3,2026,9,"API"
34429,3,2026,18,"API"
34430,3,2026,19,"API"
34431,3,2026,26,"API"
34432,3,2026,22,"API"
34433,3,2026,26,"API"
34441,3,2026,37,"API"
34442,3,2026,49,"API"
34443,3,2026,42,"API"
34444,3,2026,56,"API"
34445,3,2026,71,"API"
34446,3,2026,54,"API"
34450,3,2026,24,"API"
34451,3,2026,12,"API"
34459,3,2026,28,"API"
34460,3,2026,46,"API"
34461,3,2026,41,"API"
34462,3,2026,27,"API"
34463,3,2026,15,"API"
34464,3,2026,32,"API"
34465,3,2026,31,"API"
34466,3,2026,15,"API"
34467,3,2026,21,"API"
34468,3,2026,42,"API"
34469,3,2026,38,"API"
34470,3,2026,26,"API"
34480,3,2026,6,"API"
34481,3,2026,6,"API"
34686,3,2026,8,"API"
34687,3,2026,14,"API"
34688,3,2026,15,"API"
34689,3,2026,7,"API"
34690,3,2026,10,"API"
34691,3,2026,32,"API"
34692,3,2026,32,"API"
34693,3,2026,22,"API"
34694,3,2026,3,"API"
34695,3,2026,9,"API"
34696,3,2026,13,"API"
34697,3,2026,10,"API"
34698,3,2026,3,"API"
34699,3,2026,7,"API"
34700,3,2026,33,"API"
34701,3,2026,39,"API"
34702,3,2026,35,"API"
34703,3,2026,14,"API"
34704,3,2026,5,"API"
34705,3,2026,23,"API"
34706,3,2026,19,"API"
34707,3,2026,23,"API"
34708,3,2026,18,"API"
34709,3,2026,5,"API"
34710,3,2026,32,"API"
34711,3,2026,33,"API"
34712,3,2026,27,"API"
34713,3,2026,21,"API"
34718,3,2026,9,"API"
34719,3,2026,25,"API"
34720,3,2026,22,"API"
34721,3,2026,20,"API"
34722,3,2026,22,"API"
34723,3,2026,61,"API"
34724,3,2026,70,"API"
34725,3,2026,64,"API"
34726,3,2026,11,"API"
34727,3,2026,13,"API"
34728,3,2026,14,"API"
34729,3,2026,12,"API"
34730,3,2026,5,"API"
34731,3,2026,12,"API"
34732,3,2026,10,"API"
34733,3,2026,7,"API"
34734,3,2026,11,"API"
34735,3,2026,19,"API"
34736,3,2026,33,"API"
34737,3,2026,48,"API"
34738,3,2026,49,"API"
34739,3,2026,54,"API"
34740,3,2026,47,"API"
34773,3,2026,224,"API"
34774,3,2026,336,"API"
34775,3,2026,245,"API"
34776,3,2026,145,"API"
34777,3,2026,215,"API"
34778,3,2026,161,"API"
34779,3,2026,124,"API"
34780,3,2026,180,"API"
34781,3,2026,122,"API"
34782,3,2026,192,"API"
34783,3,2026,278,"API"
34784,3,2026,198,"API"
34785,3,2026,84,"API"
34786,3,2026,130,"API"
34787,3,2026,98,"API"
34788,3,2026,59,"API"
34789,3,2026,116,"API"
34790,3,2026,176,"API"
34791,3,2026,138,"API"
34792,3,2026,81,"API"
34793,3,2026,13,"API"
34794,3,2026,21,"API"
34795,3,2026,16,"API"
34796,3,2026,10,"API"
34797,3,2026,21,"API"
34798,3,2026,31,"API"
34799,3,2026,28,"API"
34800,3,2026,13,"API"
34804,3,2026,92,"API"
34805,3,2026,128,"API"
34806,3,2026,84,"API"
34807,3,2026,163,"API"
34808,3,2026,214,"API"
34809,3,2026,136,"API"
34810,3,2026,170,"API"
34811,3,2026,227,"API"
34812,3,2026,170,"API"
34813,3,2026,129,"API"
34814,3,2026,185,"API"
34815,3,2026,137,"API"
34816,3,2026,151,"API"
34817,3,2026,201,"API"
34818,3,2026,153,"API"
34819,3,2026,94,"API"
34820,3,2026,128,"API"
34821,3,2026,92,"API"
34828,3,2026,73,"API"
34829,3,2026,110,"API"
34830,3,2026,98,"API"
34831,3,2026,55,"API"
34832,3,2026,62,"API"
34833,3,2026,89,"API"
34834,3,2026,81,"API"
34835,3,2026,46,"API"
34836,3,2026,60,"API"
34837,3,2026,83,"API"
34838,3,2026,78,"API"
34839,3,2026,45,"API"
34840,3,2026,46,"API"
34841,3,2026,60,"API"
34842,3,2026,55,"API"
34843,3,2026,27,"API"
34900,3,2026,50,"API"
34901,3,2026,75,"API"
34902,3,2026,64,"API"
34903,3,2026,30,"API"
34904,3,2026,88,"API"
34905,3,2026,136,"API"
34906,3,2026,121,"API"
34907,3,2026,54,"API"
34916,3,2026,13,"API"
34917,3,2026,17,"API"
34918,3,2026,13,"API"
34919,3,2026,34,"API"
34920,3,2026,42,"API"
34921,3,2026,30,"API"
34936,3,2026,35,"API"
34937,3,2026,69,"API"
34938,3,2026,62,"API"
34939,3,2026,46,"API"
34940,3,2026,44,"API"
34941,3,2026,119,"API"
34942,3,2026,122,"API"
34943,3,2026,98,"API"
34948,3,2026,90,"API"
34949,3,2026,108,"API"
34950,3,2026,90,"API"
34951,3,2026,43,"API"
34956,3,2026,56,"API"
34957,3,2026,80,"API"
34958,3,2026,78,"API"
34959,3,2026,36,"API"
34960,3,2026,50,"API"
34961,3,2026,99,"API"
34962,3,2026,104,"API"
34963,3,2026,80,"API"
34968,3,2026,70,"API"
34969,3,2026,103,"API"
34970,3,2026,90,"API"
34971,3,2026,48,"API"
34976,3,2026,115,"API"
34977,3,2026,172,"API"
34978,3,2026,134,"API"
34986,3,2026,54,"API"
34987,3,2026,90,"API"
34988,3,2026,57,"API"
34989,3,2026,32,"API"
34990,3,2026,92,"API"
34991,3,2026,148,"API"
34992,3,2026,105,"API"
34993,3,2026,62,"API"
34994,3,2026,54,"API"
34995,3,2026,90,"API"
34996,3,2026,94,"API"
34997,3,2026,71,"API"
34998,3,2026,85,"API"
34999,3,2026,130,"API"
35000,3,2026,133,"API"
35001,3,2026,105,"API"
35007,3,2026,106,"API"
35008,3,2026,170,"API"
35009,3,2026,99,"API"
35010,3,2026,37,"API"
35011,3,2026,59,"API"
35012,3,2026,56,"API"
35013,3,2026,39,"API"
35014,3,2026,48,"API"
35015,3,2026,93,"API"
35016,3,2026,86,"API"
35017,3,2026,54,"API"
35019,3,2026,98,"API"
35020,3,2026,148,"API"
35021,3,2026,105,"API"
35022,3,2026,114,"API"
35023,3,2026,172,"API"
35024,3,2026,137,"API"
35025,3,2026,82,"API"
35026,3,2026,123,"API"
35027,3,2026,89,"API"
35028,3,2026,93,"API"
35029,3,2026,134,"API"
35030,3,2026,96,"API"
35042,3,2026,102,"API"
35043,3,2026,125,"API"
35044,3,2026,116,"API"
35045,3,2026,83,"API"
35051,3,2026,22,"API"
35052,3,2026,35,"API"
35053,3,2026,32,"API"
35054,3,2026,17,"API"
35059,3,2026,28,"API"
35060,3,2026,59,"API"
35061,3,2026,69,"API"
35062,3,2026,54,"API"
35067,3,2026,171,"API"
35068,3,2026,269,"API"
35069,3,2026,227,"API"
35070,3,2026,142,"API"
35075,3,2026,67,"API"
35076,3,2026,88,"API"
35077,3,2026,76,"API"
35078,3,2026,42,"API"
35083,3,2026,82,"API"
35084,3,2026,185,"API"
35085,3,2026,208,"API"
35086,3,2026,161,"API"
35091,3,2026,31,"API"
35092,3,2026,53,"API"
35093,3,2026,24,"API"
35094,3,2026,13,"API"
35099,3,2026,72,"API"
35100,3,2026,104,"API"
35101,3,2026,90,"API"
35102,3,2026,61,"API"
35107,3,2026,105,"API"
35108,3,2026,140,"API"
35109,3,2026,109,"API"
35110,3,2026,58,"API"
35123,3,2026,59,"API"
35124,3,2026,91,"API"
35125,3,2026,93,"API"
35126,3,2026,59,"API"
35131,3,2026,23,"API"
35132,3,2026,95,"API"
35133,3,2026,106,"API"
35134,3,2026,77,"API"
35135,3,2026,57,"API"
35136,3,2026,67,"API"
35137,3,2026,51,"API"
35138,3,2026,31,"API"
35140,3,2026,69,"API"
35141,3,2026,84,"API"
35142,3,2026,68,"API"
35143,3,2026,46,"API"
35144,3,2026,37,"API"
35150,3,2026,32,"API"
35151,3,2026,38,"API"
35152,3,2026,27,"API"
35153,3,2026,23,"API"
35154,3,2026,17,"API"
35159,3,2026,32,"API"
35160,3,2026,25,"API"
35161,3,2026,17,"API"
35162,3,2026,12,"API"
35163,3,2026,37,"API"
35164,3,2026,22,"API"
35165,3,2026,15,"API"
35166,3,2026,76,"API"
35167,3,2026,53,"API"
35168,3,2026,35,"API"
35169,3,2026,58,"API"
35170,3,2026,46,"API"
35171,3,2026,43,"API"
35172,3,2026,103,"API"
35173,3,2026,85,"API"
35174,3,2026,68,"API"
35200,3,2026,192,"API"
35201,3,2026,284,"API"
35202,3,2026,182,"API"
35204,3,2026,171,"API"
35205,3,2026,251,"API"
35206,3,2026,173,"API"
35208,3,2026,221,"API"
35209,3,2026,327,"API"
35210,3,2026,237,"API"
35216,3,2026,184,"API"
35217,3,2026,309,"API"
35218,3,2026,243,"API"
35219,3,2026,133,"API"
35220,3,2026,207,"API"
35221,3,2026,350,"API"
35222,3,2026,279,"API"
35223,3,2026,145,"API"
35224,3,2026,243,"API"
35225,3,2026,396,"API"
35226,3,2026,324,"API"
35227,3,2026,184,"API"
35232,3,2026,55,"API"
35233,3,2026,89,"API"
35234,3,2026,89,"API"
35235,3,2026,61,"API"
35236,3,2026,76,"API"
35237,3,2026,129,"API"
35238,3,2026,124,"API"
35239,3,2026,91,"API"
35240,3,2026,47,"API"
35241,3,2026,73,"API"
35242,3,2026,78,"API"
35243,3,2026,50,"API"
35252,3,2026,87,"API"
35253,3,2026,220,"API"
35254,3,2026,260,"API"
35255,3,2026,199,"API"
35256,3,2026,92,"API"
35257,3,2026,244,"API"
35258,3,2026,268,"API"
35259,3,2026,205,"API"
35268,3,2026,99,"API"
35269,3,2026,241,"API"
35270,3,2026,284,"API"
35271,3,2026,249,"API"
35276,3,2026,79,"API"
35277,3,2026,179,"API"
35278,3,2026,214,"API"
35279,3,2026,191,"API"
35285,3,2026,132,"API"
35286,3,2026,253,"API"
35287,3,2026,263,"API"
35288,3,2026,185,"API"
35290,3,2026,149,"API"
35291,3,2026,310,"API"
35292,3,2026,330,"API"
35293,3,2026,242,"API"
35305,3,2026,146,"API"
35306,3,2026,288,"API"
35307,3,2026,343,"API"
35308,3,2026,305,"API"
35309,3,2026,217,"API"
35315,3,2026,77,"API"
35316,3,2026,159,"API"
35317,3,2026,191,"API"
35318,3,2026,171,"API"
35319,3,2026,119,"API"
35328,3,2026,239,"API"
35329,3,2026,398,"API"
35330,3,2026,320,"API"
35331,3,2026,146,"API"
35332,3,2026,185,"API"
35333,3,2026,297,"API"
35334,3,2026,242,"API"
35335,3,2026,110,"API"
35340,3,2026,190,"API"
35341,3,2026,550,"API"
35342,3,2026,565,"API"
35343,3,2026,433,"API"
35348,3,2026,146,"API"
35349,3,2026,458,"API"
35350,3,2026,473,"API"
35351,3,2026,359,"API"
35352,3,2026,136,"API"
35353,3,2026,377,"API"
35354,3,2026,363,"API"
35355,3,2026,216,"API"
35360,3,2026,159,"API"
35361,3,2026,374,"API"
35362,3,2026,370,"API"
35363,3,2026,241,"API"
35376,3,2026,162,"API"
35377,3,2026,270,"API"
35378,3,2026,252,"API"
35379,3,2026,135,"API"
35380,3,2026,110,"API"
35381,3,2026,192,"API"
35382,3,2026,171,"API"
35383,3,2026,88,"API"
35392,3,2026,137,"API"
35393,3,2026,297,"API"
35394,3,2026,277,"API"
35395,3,2026,175,"API"
35396,3,2026,115,"API"
35397,3,2026,248,"API"
35398,3,2026,231,"API"
35399,3,2026,146,"API"
35400,3,2026,57,"API"
35401,3,2026,70,"API"
35402,3,2026,56,"API"
35403,3,2026,38,"API"
35404,3,2026,80,"API"
35405,3,2026,98,"API"
35406,3,2026,81,"API"
35407,3,2026,53,"API"
35408,3,2026,23,"API"
35409,3,2026,22,"API"
35410,3,2026,19,"API"
35411,3,2026,66,"API"
35412,3,2026,51,"API"
35413,3,2026,29,"API"
35414,3,2026,70,"API"
35415,3,2026,101,"API"
35416,3,2026,80,"API"
35417,3,2026,46,"API"
35428,3,2026,128,"API"
35429,3,2026,252,"API"
35430,3,2026,213,"API"
35431,3,2026,101,"API"
35436,3,2026,156,"API"
35437,3,2026,306,"API"
35438,3,2026,251,"API"
35439,3,2026,127,"API"
35466,3,2026,11,"API"
35467,3,2026,7,"API"
35468,3,2026,4,"API"
35470,3,2026,8,"API"
35471,3,2026,27,"API"
35472,3,2026,30,"API"
35473,3,2026,14,"API"
35474,3,2026,11,"API"
35475,3,2026,9,"API"
35476,3,2026,41,"API"
35477,3,2026,37,"API"
35478,3,2026,14,"API"
35481,3,2026,31,"API"
35482,3,2026,39,"API"
35486,3,2026,49,"API"
35502,3,2026,8,"API"
35504,3,2026,13,"API"
35505,3,2026,20,"API"
35506,3,2026,10,"API"
35507,3,2026,8,"API"
35508,3,2026,23,"API"
35509,3,2026,28,"API"
35510,3,2026,16,"API"
35511,3,2026,10,"API"
35512,3,2026,18,"API"
35513,3,2026,21,"API"
35514,3,2026,12,"API"
35515,3,2026,25,"API"
35528,3,2026,2,"API"
35529,3,2026,5,"API"
35531,3,2026,12,"API"
35532,3,2026,18,"API"
35535,3,2026,20,"API"
35536,3,2026,28,"API"
35538,3,2026,19,"API"
35539,3,2026,27,"API"
35682,3,2026,40,"API"
35683,3,2026,73,"API"
35684,3,2026,69,"API"
35685,3,2026,48,"API"
35686,3,2026,31,"API"
35687,3,2026,50,"API"
35688,3,2026,85,"API"
35689,3,2026,71,"API"
35690,3,2026,48,"API"
35691,3,2026,16,"API"
35692,3,2026,32,"API"
35693,3,2026,32,"API"
35694,3,2026,26,"API"
35695,3,2026,26,"API"
35696,3,2026,44,"API"
35697,3,2026,41,"API"
35698,3,2026,24,"API"
35699,3,2026,15,"API"
35700,3,2026,30,"API"
35701,3,2026,29,"API"
35702,3,2026,23,"API"
35709,3,2026,14,"API"
35710,3,2026,36,"API"
35711,3,2026,39,"API"
35712,3,2026,35,"API"
35713,3,2026,30,"API"
35714,3,2026,51,"API"
35715,3,2026,42,"API"
35716,3,2026,25,"API"
35717,3,2026,22,"API"
35718,3,2026,32,"API"
35719,3,2026,26,"API"
35720,3,2026,16,"API"
35721,3,2026,38,"API"
35722,3,2026,57,"API"
35723,3,2026,51,"API"
35724,3,2026,34,"API"
35729,3,2026,53,"API"
35730,3,2026,85,"API"
35731,3,2026,73,"API"
35732,3,2026,46,"API"
35733,3,2026,40,"API"
35734,3,2026,64,"API"
35735,3,2026,56,"API"
35736,3,2026,27,"API"
35746,3,2026,70,"API"
35747,3,2026,117,"API"
35748,3,2026,77,"API"
35749,3,2026,52,"API"
35750,3,2026,28,"API"
35751,3,2026,50,"API"
35752,3,2026,29,"API"
35753,3,2026,22,"API"
35758,3,2026,26,"API"
35759,3,2026,49,"API"
35760,3,2026,49,"API"
35761,3,2026,35,"API"
35770,3,2026,60,"API"
35771,3,2026,106,"API"
35772,3,2026,87,"API"
35773,3,2026,39,"API"
35774,3,2026,53,"API"
35775,3,2026,91,"API"
35776,3,2026,76,"API"
35777,3,2026,32,"API"
35814,3,2026,82,"API"
35815,3,2026,128,"API"
35816,3,2026,124,"API"
35817,3,2026,69,"API"
35818,3,2026,14,"API"
35819,3,2026,46,"API"
35820,3,2026,46,"API"
35821,3,2026,39,"API"
35834,3,2026,39,"API"
35835,3,2026,68,"API"
35836,3,2026,66,"API"
35837,3,2026,41,"API"
35838,3,2026,31,"API"
35839,3,2026,55,"API"
35840,3,2026,52,"API"
35841,3,2026,27,"API"
35846,3,2026,48,"API"
35847,3,2026,64,"API"
35848,3,2026,61,"API"
35849,3,2026,35,"API"
35862,3,2026,81,"API"
35863,3,2026,94,"API"
35864,3,2026,85,"API"
35865,3,2026,38,"API"
35866,3,2026,28,"API"
35867,3,2026,35,"API"
35868,3,2026,32,"API"
35869,3,2026,13,"API"
35870,3,2026,146,"API"
35871,3,2026,175,"API"
35872,3,2026,93,"API"
35873,3,2026,153,"API"
35874,3,2026,183,"API"
35875,3,2026,102,"API"
35876,3,2026,65,"API"
35877,3,2026,124,"API"
35878,3,2026,129,"API"
35879,3,2026,96,"API"
35880,3,2026,66,"API"
35881,3,2026,113,"API"
35882,3,2026,111,"API"
35883,3,2026,89,"API"
35884,3,2026,134,"API"
35885,3,2026,197,"API"
35886,3,2026,162,"API"
35887,3,2026,124,"API"
35888,3,2026,175,"API"
35889,3,2026,146,"API"
35890,3,2026,71,"API"
35891,3,2026,116,"API"
35892,3,2026,94,"API"
35893,3,2026,70,"API"
35894,3,2026,113,"API"
35895,3,2026,85,"API"
35896,3,2026,82,"API"
35897,3,2026,139,"API"
35898,3,2026,139,"API"
35899,3,2026,97,"API"
35900,3,2026,57,"API"
35901,3,2026,97,"API"
35902,3,2026,96,"API"
35903,3,2026,80,"API"
35904,3,2026,226,"API"
35905,3,2026,306,"API"
35906,3,2026,237,"API"
35907,3,2026,91,"API"
35908,3,2026,163,"API"
35909,3,2026,230,"API"
35910,3,2026,183,"API"
35911,3,2026,64,"API"
35912,3,2026,115,"API"
35913,3,2026,135,"API"
35914,3,2026,106,"API"
35915,3,2026,60,"API"
35916,3,2026,79,"API"
35917,3,2026,101,"API"
35918,3,2026,84,"API"
35919,3,2026,53,"API"
35920,3,2026,29,"API"
35921,3,2026,17,"API"
35922,3,2026,13,"API"
35923,3,2026,10,"API"
35924,3,2026,62,"API"
35925,3,2026,40,"API"
35926,3,2026,25,"API"
35927,3,2026,17,"API"
35928,3,2026,190,"API"
35929,3,2026,238,"API"
35930,3,2026,151,"API"
35931,3,2026,73,"API"
35932,3,2026,191,"API"
35933,3,2026,230,"API"
35934,3,2026,139,"API"
35935,3,2026,67,"API"
35936,3,2026,91,"API"
35937,3,2026,97,"API"
35938,3,2026,75,"API"
35939,3,2026,40,"API"
35940,3,2026,89,"API"
35941,3,2026,97,"API"
35942,3,2026,77,"API"
35943,3,2026,40,"API"
35944,3,2026,45,"API"
35945,3,2026,34,"API"
35946,3,2026,18,"API"
35947,3,2026,65,"API"
35948,3,2026,43,"API"
35949,3,2026,23,"API"
35950,3,2026,55,"API"
35951,3,2026,67,"API"
35952,3,2026,57,"API"
35953,3,2026,27,"API"
35954,3,2026,45,"API"
35955,3,2026,55,"API"
35956,3,2026,49,"API"
35957,3,2026,26,"API"
35958,3,2026,156,"API"
35959,3,2026,255,"API"
35960,3,2026,212,"API"
35961,3,2026,136,"API"
35962,3,2026,17,"API"
35963,3,2026,27,"API"
35964,3,2026,25,"API"
35965,3,2026,14,"API"
35968,3,2026,79,"API"
35969,3,2026,98,"API"
35970,3,2026,59,"API"
35972,3,2026,66,"API"
35973,3,2026,136,"API"
35974,3,2026,148,"API"
35975,3,2026,123,"API"
35976,3,2026,5,"API"
35977,3,2026,31,"API"
35978,3,2026,37,"API"
35979,3,2026,34,"API"
35980,3,2026,52,"API"
35981,3,2026,91,"API"
35982,3,2026,84,"API"
35983,3,2026,54,"API"
35984,3,2026,38,"API"
35985,3,2026,68,"API"
35986,3,2026,67,"API"
35987,3,2026,50,"API"
35988,3,2026,55,"API"
35989,3,2026,67,"API"
35990,3,2026,59,"API"
35991,3,2026,39,"API"
35992,3,2026,81,"API"
35993,3,2026,112,"API"
35994,3,2026,104,"API"
35995,3,2026,66,"API"
35996,3,2026,104,"API"
35997,3,2026,138,"API"
35998,3,2026,99,"API"
35999,3,2026,59,"API"
36000,3,2026,15,"API"
36001,3,2026,25,"API"
36002,3,2026,18,"API"
36003,3,2026,1,"API"
36041,3,2026,83,"API"
36042,3,2026,103,"API"
36043,3,2026,89,"API"
36044,3,2026,40,"API"
36045,3,2026,62,"API"
36046,3,2026,88,"API"
36047,3,2026,80,"API"
36048,3,2026,32,"API"
36049,3,2026,21,"API"
36050,3,2026,40,"API"
36051,3,2026,41,"API"
36052,3,2026,25,"API"
36053,3,2026,89,"API"
36054,3,2026,140,"API"
36055,3,2026,79,"API"
36056,3,2026,90,"API"
36057,3,2026,139,"API"
36058,3,2026,131,"API"
36059,3,2026,73,"API"
36060,3,2026,50,"API"
36061,3,2026,64,"API"
36062,3,2026,53,"API"
36063,3,2026,35,"API"
36065,3,2026,22,"API"
36066,3,2026,57,"API"
36067,3,2026,60,"API"
36068,3,2026,60,"API"
36077,3,2026,42,"API"
36078,3,2026,78,"API"
36079,3,2026,67,"API"
36085,3,2026,25,"API"
36086,3,2026,38,"API"
36087,3,2026,31,"API"
36089,3,2026,26,"API"
36090,3,2026,49,"API"
36091,3,2026,66,"API"
36092,3,2026,29,"API"
36093,3,2026,70,"API"
36094,3,2026,31,"API"
36095,3,2026,59,"API"
36096,3,2026,48,"API"
36097,3,2026,49,"API"
36098,3,2026,70,"API"
36099,3,2026,58,"API"
36100,3,2026,28,"API"
36105,3,2026,41,"API"
36106,3,2026,76,"API"
36107,3,2026,67,"API"
36108,3,2026,44,"API"
36113,3,2026,16,"API"
36114,3,2026,32,"API"
36115,3,2026,30,"API"
36116,3,2026,23,"API"
36121,3,2026,41,"API"
36122,3,2026,54,"API"
36123,3,2026,46,"API"
36124,3,2026,21,"API"
36125,3,2026,21,"API"
36126,3,2026,24,"API"
36127,3,2026,22,"API"
36128,3,2026,10,"API"
36129,3,2026,82,"API"
36130,3,2026,112,"API"
36131,3,2026,105,"API"
36132,3,2026,78,"API"
36141,3,2026,121,"API"
36142,3,2026,168,"API"
36143,3,2026,168,"API"
36144,3,2026,115,"API"
36145,3,2026,28,"API"
36146,3,2026,39,"API"
36147,3,2026,40,"API"
36148,3,2026,17,"API"
36149,3,2026,51,"API"
36150,3,2026,67,"API"
36151,3,2026,54,"API"
36152,3,2026,23,"API"
36153,3,2026,108,"API"
36154,3,2026,123,"API"
36155,3,2026,100,"API"
36156,3,2026,23,"API"
36157,3,2026,80,"API"
36158,3,2026,95,"API"
36159,3,2026,77,"API"
36160,3,2026,19,"API"
36161,3,2026,176,"API"
36162,3,2026,223,"API"
36163,3,2026,135,"API"
36164,3,2026,153,"API"
36165,3,2026,202,"API"
36166,3,2026,130,"API"
36167,3,2026,158,"API"
36168,3,2026,105,"API"
36169,3,2026,144,"API"
36170,3,2026,97,"API"
36171,3,2026,123,"API"
36172,3,2026,79,"API"
36173,3,2026,111,"API"
36174,3,2026,120,"API"
36175,3,2026,102,"API"
36176,3,2026,64,"API"
36177,3,2026,120,"API"
36178,3,2026,128,"API"
36179,3,2026,107,"API"
36180,3,2026,61,"API"
36205,3,2026,22,"API"
36206,3,2026,52,"API"
36207,3,2026,64,"API"
36208,3,2026,50,"API"
36209,3,2026,23,"API"
36210,3,2026,72,"API"
36211,3,2026,92,"API"
36212,3,2026,70,"API"
36246,3,2026,84,"API"
36247,3,2026,95,"API"
36248,3,2026,73,"API"
36249,3,2026,25,"API"
36250,3,2026,68,"API"
36251,3,2026,76,"API"
36252,3,2026,62,"API"
36253,3,2026,23,"API"
36560,3,2026,29,"API"
36561,3,2026,34,"API"
36562,3,2026,29,"API"
36563,3,2026,18,"API"
36564,3,2026,13,"API"
36565,3,2026,44,"API"
36566,3,2026,51,"API"
36567,3,2026,41,"API"
36568,3,2026,28,"API"
36569,3,2026,19,"API"
36583,3,2026,52,"API"
36584,3,2026,81,"API"
36585,3,2026,75,"API"
36586,3,2026,54,"API"
36587,3,2026,80,"API"
36588,3,2026,112,"API"
36589,3,2026,102,"API"
36590,3,2026,73,"API"
36595,3,2026,11,"API"
36596,3,2026,12,"API"
36597,3,2026,23,"API"
36598,3,2026,24,"API"
36599,3,2026,22,"API"
36600,3,2026,27,"API"
36601,3,2026,20,"API"
36602,3,2026,22,"API"
36603,3,2026,16,"API"
36604,3,2026,11,"API"
36605,3,2026,13,"API"
36606,3,2026,21,"API"
36607,3,2026,26,"API"
36608,3,2026,21,"API"
36609,3,2026,25,"API"
36610,3,2026,15,"API"
36611,3,2026,19,"API"
36612,3,2026,20,"API"
36613,3,2026,14,"API"
36614,3,2026,11,"API"
36615,3,2026,37,"API"
36616,3,2026,24,"API"
36617,3,2026,41,"API"
36618,3,2026,23,"API"
36619,3,2026,38,"API"
36620,3,2026,22,"API"
36621,3,2026,27,"API"
36622,3,2026,14,"API"
36623,3,2026,11,"API"
36624,3,2026,27,"API"
36625,3,2026,18,"API"
36626,3,2026,31,"API"
36627,3,2026,16,"API"
36628,3,2026,26,"API"
36629,3,2026,15,"API"
36630,3,2026,20,"API"
36632,3,2026,9,"API"
36633,3,2026,37,"API"
36634,3,2026,13,"API"
36635,3,2026,37,"API"
36636,3,2026,14,"API"
36637,3,2026,32,"API"
36638,3,2026,14,"API"
36639,3,2026,9,"API"
36640,3,2026,32,"API"
36641,3,2026,16,"API"
36642,3,2026,36,"API"
36643,3,2026,19,"API"
36644,3,2026,27,"API"
36645,3,2026,19,"API"
36648,3,2026,89,"API"
36652,3,2026,7,"API"
36653,3,2026,7,"API"
36655,3,2026,21,"API"
36656,3,2026,27,"API"
36659,3,2026,32,"API"
36660,3,2026,34,"API"
36662,3,2026,27,"API"
36663,3,2026,35,"API"
36673,3,2026,72,"API"
36674,3,2026,104,"API"
36675,3,2026,94,"API"
36676,3,2026,59,"API"
36677,3,2026,46,"API"
36678,3,2026,66,"API"
36679,3,2026,60,"API"
36680,3,2026,37,"API"
36681,3,2026,49,"API"
36682,3,2026,63,"API"
36683,3,2026,58,"API"
36684,3,2026,30,"API"
36685,3,2026,78,"API"
36686,3,2026,118,"API"
36687,3,2026,102,"API"
36688,3,2026,61,"API"
36689,3,2026,124,"API"
36690,3,2026,123,"API"
36691,3,2026,88,"API"
36692,3,2026,95,"API"
36693,3,2026,153,"API"
36694,3,2026,131,"API"
36695,3,2026,67,"API"
36696,3,2026,13,"API"
36697,3,2026,27,"API"
36698,3,2026,25,"API"
36699,3,2026,18,"API"
36700,3,2026,32,"API"
36701,3,2026,45,"API"
36702,3,2026,34,"API"
36703,3,2026,12,"API"
36704,3,2026,22,"API"
36705,3,2026,43,"API"
36706,3,2026,37,"API"
36707,3,2026,11,"API"
36716,3,2026,16,"API"
36717,3,2026,43,"API"
36718,3,2026,36,"API"
36719,3,2026,9,"API"
36720,3,2026,25,"API"
36721,3,2026,46,"API"
36722,3,2026,35,"API"
36723,3,2026,14,"API"
36724,3,2026,6,"API"
36725,3,2026,10,"API"
36726,3,2026,7,"API"
36728,3,2026,10,"API"
36730,3,2026,14,"API"
36731,3,2026,11,"API"
36732,3,2026,4,"API"
36733,3,2026,3,"API"
36734,3,2026,24,"API"
36735,3,2026,20,"API"
36736,3,2026,10,"API"
36737,3,2026,2,"API"
36738,3,2026,21,"API"
36739,3,2026,19,"API"
36740,3,2026,9,"API"
36741,3,2026,18,"API"
36742,3,2026,21,"API"
36743,3,2026,34,"API"
36744,3,2026,33,"API"
36745,3,2026,23,"API"
36748,3,2026,32,"API"
36749,3,2026,43,"API"
36750,3,2026,41,"API"
36751,3,2026,26,"API"
36761,3,2026,6,"API"
36763,3,2026,10,"API"
36922,3,2026,85,"API"
36923,3,2026,80,"API"
36924,3,2026,61,"API"
36925,3,2026,13,"API"
36926,3,2026,8,"API"
36927,3,2026,5,"API"
36932,3,2026,44,"API"
36933,3,2026,41,"API"
36934,3,2026,38,"API"
36935,3,2026,31,"API"
36941,3,2026,38,"API"
36942,3,2026,41,"API"
36943,3,2026,35,"API"
36944,3,2026,27,"API"
36945,3,2026,22,"API"
36946,3,2026,15,"API"
36947,3,2026,22,"API"
36948,3,2026,23,"API"
36949,3,2026,19,"API"
36950,3,2026,11,"API"
4023,3,2026,102,"API"
4024,3,2026,153,"API"
4025,3,2026,143,"API"
4026,3,2026,159,"API"
4027,3,2026,227,"API"
4028,3,2026,203,"API"
4106,3,2026,167,"API"
4107,3,2026,314,"API"
4108,3,2026,314,"API"
4109,3,2026,186,"API"
4124,3,2026,296,"API"
4125,3,2026,559,"API"
4126,3,2026,550,"API"
4127,3,2026,336,"API"
4128,3,2026,407,"API"
4129,3,2026,795,"API"
4130,3,2026,753,"API"
4131,3,2026,407,"API"
4138,3,2026,235,"API"
4139,3,2026,433,"API"
4140,3,2026,409,"API"
4141,3,2026,226,"API"
5851,3,2026,335,"API"
5852,3,2026,596,"API"
5853,3,2026,459,"API"
5854,3,2026,111,"API"
5855,3,2026,185,"API"
5856,3,2026,140,"API"
6347,3,2026,47,"API"
6348,3,2026,96,"API"
6349,3,2026,88,"API"
6350,3,2026,40,"API"
6399,3,2026,44,"API"
6400,3,2026,123,"API"
6401,3,2026,107,"API"
6402,3,2026,53,"API"
6442,3,2026,400,"API"
6443,3,2026,1367,"API"
6444,3,2026,1416,"API"
6445,3,2026,857,"API"
6474,3,2026,294,"API"
6475,3,2026,1044,"API"
6476,3,2026,1128,"API"
6477,3,2026,743,"API"
6482,3,2026,125,"API"
6483,3,2026,420,"API"
6484,3,2026,429,"API"
6485,3,2026,267,"API"
6499,3,2026,243,"API"
6500,3,2026,890,"API"
6501,3,2026,965,"API"
6502,3,2026,604,"API"
6708,3,2026,37,"API"
6709,3,2026,81,"API"
6710,3,2026,110,"API"
6711,3,2026,68,"API"
6712,3,2026,20,"API"
6713,3,2026,35,"API"
6714,3,2026,43,"API"
6715,3,2026,35,"API"
6734,3,2026,149,"API"
6735,3,2026,151,"API"
6736,3,2026,77,"API"
6743,3,2026,152,"API"
6744,3,2026,322,"API"
6745,3,2026,326,"API"
6746,3,2026,218,"API"
6747,3,2026,62,"API"
6762,3,2026,37,"API"
6763,3,2026,82,"API"
6764,3,2026,74,"API"
6765,3,2026,58,"API"
6766,3,2026,79,"API"
6767,3,2026,159,"API"
6768,3,2026,161,"API"
6769,3,2026,103,"API"
6823,3,2026,174,"API"
6824,3,2026,191,"API"
6825,3,2026,140,"API"
6827,3,2026,107,"API"
6828,3,2026,124,"API"
6829,3,2026,102,"API"
6869,3,2026,487,"API"
6870,3,2026,1089,"API"
6871,3,2026,1103,"API"
6872,3,2026,758,"API"
6873,3,2026,70,"API"
6874,3,2026,207,"API"
6875,3,2026,223,"API"
6876,3,2026,181,"API"
7024,3,2026,65,"API"
7025,3,2026,180,"API"
7026,3,2026,178,"API"
7027,3,2026,117,"API"
7032,3,2026,37,"API"
7033,3,2026,105,"API"
7034,3,2026,79,"API"
7035,3,2026,62,"API"
7108,3,2026,150,"API"
7109,3,2026,232,"API"
7110,3,2026,231,"API"
7111,3,2026,154,"API"
8028,3,2026,70,"API"
8029,3,2026,194,"API"
8047,3,2026,230,"API"
8048,3,2026,162,"API"
8053,3,2026,217,"API"
8054,3,2026,631,"API"
8055,3,2026,736,"API"
8056,3,2026,497,"API"
8057,3,2026,141,"API"
8058,3,2026,364,"API"
8059,3,2026,439,"API"
8060,3,2026,321,"API"
8064,3,2026,126,"API"
8065,3,2026,323,"API"
8066,3,2026,390,"API"
8067,3,2026,272,"API"
8899,3,2026,32,"API"
8900,3,2026,63,"API"
8901,3,2026,51,"API"
8902,3,2026,40,"API"
8947,3,2026,47,"API"
8948,3,2026,138,"API"
8949,3,2026,159,"API"
8950,3,2026,138,"API"
9066,3,2026,62,"API"
9067,3,2026,127,"API"
9068,3,2026,118,"API"
9069,3,2026,67,"API"
9070,3,2026,53,"API"
9071,3,2026,31,"API"
9072,3,2026,40,"API"
9073,3,2026,38,"API"
9074,3,2026,31,"API"
9075,3,2026,23,"API"
9144,3,2026,66,"API"
9145,3,2026,52,"API"
9161,3,2026,142,"API"
9162,3,2026,205,"API"
9163,3,2026,170,"API"
9164,3,2026,112,"API"
9165,3,2026,47,"API"
9166,3,2026,79,"API"
9187,3,2026,47,"API"
9188,3,2026,138,"API"
9189,3,2026,87,"API"
9190,3,2026,65,"API"
9195,3,2026,36,"API"
9196,3,2026,76,"API"
9197,3,2026,61,"API"
9198,3,2026,48,"API"
9203,3,2026,50,"API"
9204,3,2026,144,"API"
9205,3,2026,94,"API"
9206,3,2026,64,"API"
9207,3,2026,100,"API"
9208,3,2026,50,"API"
9209,3,2026,18,"API"
9210,3,2026,45,"API"
9211,3,2026,46,"API"
9212,3,2026,34,"API"
9221,3,2026,34,"API"
9222,3,2026,71,"API"
9316,3,2026,36,"API"
9317,3,2026,75,"API"
9318,3,2026,54,"API"
9619,3,2026,126,"API"
9620,3,2026,132,"API"
9621,3,2026,90,"API"
9652,3,2026,49,"API"
9666,3,2026,97,"API"
9667,3,2026,200,"API"
9668,3,2026,218,"API"
9669,3,2026,162,"API"
9674,3,2026,27,"API"
9675,3,2026,85,"API"
9676,3,2026,116,"API"
9677,3,2026,62,"API"
9812,3,2026,144,"API"
9813,3,2026,215,"API"
9814,3,2026,180,"API"
9815,3,2026,107,"API"
9816,3,2026,148,"API"
9817,3,2026,120,"API"
9868,3,2026,207,"API"
9869,3,2026,368,"API"
9870,3,2026,285,"API"
9892,3,2026,244,"API"
9893,3,2026,479,"API"
9894,3,2026,397,"API"
9898,3,2026,146,"API"
9899,3,2026,240,"API"
9900,3,2026,195,"API"
9953,3,2026,109,"API"
9954,3,2026,200,"API"
9955,3,2026,231,"API"
9956,3,2026,166,"API"
9957,3,2026,114,"API"
9958,3,2026,221,"API"
9959,3,2026,252,"API"
9960,3,2026,189,"API"
9981,3,2026,62,"API"
9982,3,2026,164,"API"
9983,3,2026,185,"API"
9984,3,2026,153,"API"
10430,4,2026,117,"API"
10431,4,2026,98,"API"
10458,4,2026,51,"API"
10464,4,2026,91,"API"
10476,4,2026,116,"API"
10477,4,2026,157,"API"
10478,4,2026,129,"API"
10479,4,2026,102,"API"
10480,4,2026,100,"API"
10481,4,2026,144,"API"
10482,4,2026,122,"API"
10483,4,2026,76,"API"
10494,4,2026,112,"API"
10495,4,2026,192,"API"
10496,4,2026,173,"API"
10497,4,2026,71,"API"
10498,4,2026,112,"API"
10499,4,2026,96,"API"
10783,4,2026,20,"API"
10784,4,2026,39,"API"
10785,4,2026,36,"API"
10786,4,2026,29,"API"
10787,4,2026,50,"API"
10788,4,2026,54,"API"
13561,4,2026,61,"API"
13562,4,2026,45,"API"
13576,4,2026,97,"API"
13586,4,2026,136,"API"
13587,4,2026,127,"API"
13588,4,2026,94,"API"
13589,4,2026,75,"API"
13595,4,2026,98,"API"
16030,4,2026,22,"API"
16031,4,2026,28,"API"
16032,4,2026,26,"API"
16033,4,2026,19,"API"
16034,4,2026,20,"API"
16035,4,2026,22,"API"
16036,4,2026,21,"API"
16037,4,2026,16,"API"
16042,4,2026,79,"API"
16043,4,2026,81,"API"
16044,4,2026,45,"API"
16045,4,2026,35,"API"
16046,4,2026,108,"API"
16047,4,2026,118,"API"
16048,4,2026,59,"API"
16049,4,2026,42,"API"
16050,4,2026,45,"API"
16051,4,2026,73,"API"
16052,4,2026,46,"API"
16053,4,2026,119,"API"
16054,4,2026,135,"API"
16055,4,2026,111,"API"
16056,4,2026,34,"API"
16057,4,2026,41,"API"
16058,4,2026,34,"API"
16059,4,2026,26,"API"
16064,4,2026,42,"API"
16065,4,2026,53,"API"
16066,4,2026,39,"API"
16067,4,2026,30,"API"
16433,4,2026,103,"API"
16434,4,2026,162,"API"
16435,4,2026,114,"API"
16436,4,2026,23,"API"
16437,4,2026,394,"API"
16438,4,2026,623,"API"
16439,4,2026,377,"API"
16440,4,2026,15,"API"
16441,4,2026,463,"API"
16442,4,2026,743,"API"
16443,4,2026,432,"API"
16444,4,2026,98,"API"
16453,4,2026,168,"API"
16454,4,2026,291,"API"
16455,4,2026,180,"API"
16456,4,2026,86,"API"
16457,4,2026,436,"API"
16458,4,2026,812,"API"
16459,4,2026,549,"API"
16460,4,2026,213,"API"
16461,4,2026,552,"API"
16462,4,2026,1053,"API"
16463,4,2026,669,"API"
16464,4,2026,260,"API"
16664,4,2026,43,"API"
16665,4,2026,46,"API"
16666,4,2026,32,"API"
16667,4,2026,22,"API"
16694,4,2026,12,"API"
16695,4,2026,46,"API"
16696,4,2026,49,"API"
16697,4,2026,36,"API"
16698,4,2026,13,"API"
16699,4,2026,47,"API"
16700,4,2026,76,"API"
16701,4,2026,39,"API"
16713,4,2026,289,"API"
16714,4,2026,539,"API"
16715,4,2026,496,"API"
16716,4,2026,301,"API"
16748,4,2026,42,"API"
16749,4,2026,168,"API"
16750,4,2026,141,"API"
16751,4,2026,63,"API"
16756,4,2026,67,"API"
16757,4,2026,254,"API"
16758,4,2026,236,"API"
16759,4,2026,116,"API"
16855,4,2026,294,"API"
16856,4,2026,460,"API"
16857,4,2026,269,"API"
16858,4,2026,62,"API"
16863,4,2026,38,"API"
16864,4,2026,139,"API"
16865,4,2026,121,"API"
16866,4,2026,48,"API"
16879,4,2026,317,"API"
16880,4,2026,623,"API"
16881,4,2026,391,"API"
16882,4,2026,148,"API"
16912,4,2026,30,"API"
16913,4,2026,58,"API"
16914,4,2026,50,"API"
16915,4,2026,31,"API"
16916,4,2026,10,"API"
16917,4,2026,17,"API"
16918,4,2026,16,"API"
16919,4,2026,14,"API"
16933,4,2026,75,"API"
16934,4,2026,73,"API"
16935,4,2026,40,"API"
16936,4,2026,28,"API"
16976,4,2026,30,"API"
16977,4,2026,88,"API"
16978,4,2026,74,"API"
16979,4,2026,33,"API"
17581,4,2026,61,"API"
17582,4,2026,115,"API"
17583,4,2026,103,"API"
17584,4,2026,53,"API"
17585,4,2026,66,"API"
17586,4,2026,132,"API"
17587,4,2026,106,"API"
17588,4,2026,53,"API"
17626,4,2026,97,"API"
17627,4,2026,98,"API"
17628,4,2026,64,"API"
17681,4,2026,78,"API"
17682,4,2026,159,"API"
17683,4,2026,144,"API"
17684,4,2026,176,"API"
17685,4,2026,447,"API"
17686,4,2026,423,"API"
17687,4,2026,108,"API"
17688,4,2026,286,"API"
17689,4,2026,273,"API"
17690,4,2026,184,"API"
17691,4,2026,446,"API"
17692,4,2026,411,"API"
17748,4,2026,27,"API"
17749,4,2026,50,"API"
17750,4,2026,39,"API"
17754,4,2026,28,"API"
17755,4,2026,42,"API"
17756,4,2026,46,"API"
17766,4,2026,52,"API"
17767,4,2026,66,"API"
17768,4,2026,91,"API"
17781,4,2026,57,"API"
17782,4,2026,104,"API"
17783,4,2026,96,"API"
17784,4,2026,43,"API"
17987,4,2026,13,"API"
17988,4,2026,72,"API"
17989,4,2026,74,"API"
17990,4,2026,39,"API"
18030,4,2026,29,"API"
18031,4,2026,40,"API"
18032,4,2026,40,"API"
18033,4,2026,31,"API"
18034,4,2026,52,"API"
18035,4,2026,91,"API"
18036,4,2026,89,"API"
18037,4,2026,49,"API"
18038,4,2026,32,"API"
18039,4,2026,40,"API"
18040,4,2026,35,"API"
18041,4,2026,30,"API"
18058,4,2026,123,"API"
18059,4,2026,251,"API"
18060,4,2026,301,"API"
18061,4,2026,241,"API"
18062,4,2026,158,"API"
18063,4,2026,390,"API"
18064,4,2026,470,"API"
18065,4,2026,354,"API"
18066,4,2026,87,"API"
18067,4,2026,168,"API"
18068,4,2026,209,"API"
18069,4,2026,157,"API"
18078,4,2026,90,"API"
18079,4,2026,177,"API"
18080,4,2026,190,"API"
18081,4,2026,128,"API"
18082,4,2026,288,"API"
18083,4,2026,316,"API"
18084,4,2026,79,"API"
18085,4,2026,158,"API"
18086,4,2026,168,"API"
18093,4,2026,30,"API"
18094,4,2026,59,"API"
18095,4,2026,70,"API"
18096,4,2026,52,"API"
18097,4,2026,50,"API"
18098,4,2026,114,"API"
18099,4,2026,134,"API"
18100,4,2026,116,"API"
18101,4,2026,19,"API"
18102,4,2026,37,"API"
18103,4,2026,45,"API"
18104,4,2026,35,"API"
18170,4,2026,59,"API"
18171,4,2026,130,"API"
18172,4,2026,154,"API"
18173,4,2026,127,"API"
18277,4,2026,92,"API"
18278,4,2026,231,"API"
18279,4,2026,157,"API"
18280,4,2026,270,"API"
18281,4,2026,14,"API"
18282,4,2026,25,"API"
18283,4,2026,29,"API"
18284,4,2026,21,"API"
18632,4,2026,15,"API"
18633,4,2026,31,"API"
18634,4,2026,37,"API"
18635,4,2026,32,"API"
18640,4,2026,24,"API"
18641,4,2026,52,"API"
18642,4,2026,89,"API"
18643,4,2026,49,"API"
18973,4,2026,11,"API"
18974,4,2026,21,"API"
18975,4,2026,17,"API"
18976,4,2026,12,"API"
18977,4,2026,13,"API"
18978,4,2026,18,"API"
18979,4,2026,15,"API"
18980,4,2026,8,"API"
18985,4,2026,11,"API"
18986,4,2026,18,"API"
18987,4,2026,14,"API"
18988,4,2026,9,"API"
19278,4,2026,24,"API"
19279,4,2026,41,"API"
19280,4,2026,40,"API"
19281,4,2026,23,"API"
19282,4,2026,39,"API"
19283,4,2026,85,"API"
19284,4,2026,60,"API"
19285,4,2026,39,"API"
19298,4,2026,49,"API"
19299,4,2026,136,"API"
19300,4,2026,112,"API"
19307,4,2026,53,"API"
19308,4,2026,129,"API"
19309,4,2026,102,"API"
19310,4,2026,55,"API"
19311,4,2026,115,"API"
19312,4,2026,67,"API"
19319,4,2026,44,"API"
19320,4,2026,103,"API"
19321,4,2026,52,"API"
19350,4,2026,9,"API"
19351,4,2026,7,"API"
19352,4,2026,10,"API"
19353,4,2026,6,"API"
19354,4,2026,11,"API"
19355,4,2026,16,"API"
19356,4,2026,15,"API"
19357,4,2026,8,"API"
19358,4,2026,15,"API"
19359,4,2026,21,"API"
19360,4,2026,9,"API"
19361,4,2026,16,"API"
19362,4,2026,19,"API"
19363,4,2026,11,"API"
19364,4,2026,9,"API"
19366,4,2026,6,"API"
19367,4,2026,39,"API"
19368,4,2026,31,"API"
19369,4,2026,15,"API"
19370,4,2026,21,"API"
19371,4,2026,9,"API"
19372,4,2026,42,"API"
19373,4,2026,60,"API"
19374,4,2026,24,"API"
19375,4,2026,48,"API"
19376,4,2026,78,"API"
19377,4,2026,50,"API"
19378,4,2026,32,"API"
19379,4,2026,22,"API"
19381,4,2026,21,"API"
19382,4,2026,150,"API"
19383,4,2026,124,"API"
19384,4,2026,77,"API"
19385,4,2026,71,"API"
19386,4,2026,27,"API"
19387,4,2026,182,"API"
19388,4,2026,208,"API"
19389,4,2026,100,"API"
19390,4,2026,176,"API"
19391,4,2026,189,"API"
19392,4,2026,12,"API"
19394,4,2026,17,"API"
19395,4,2026,30,"API"
19396,4,2026,16,"API"
19397,4,2026,14,"API"
19398,4,2026,32,"API"
19399,4,2026,51,"API"
19400,4,2026,25,"API"
19401,4,2026,10,"API"
19402,4,2026,32,"API"
19403,4,2026,53,"API"
19404,4,2026,17,"API"
19405,4,2026,33,"API"
19406,4,2026,18,"API"
19408,4,2026,45,"API"
19409,4,2026,62,"API"
19410,4,2026,37,"API"
19411,4,2026,22,"API"
19412,4,2026,95,"API"
19413,4,2026,102,"API"
19414,4,2026,44,"API"
19415,4,2026,19,"API"
19416,4,2026,75,"API"
19417,4,2026,86,"API"
19418,4,2026,33,"API"
19419,4,2026,58,"API"
19598,4,2026,11,"API"
19599,4,2026,14,"API"
19618,4,2026,94,"API"
19620,4,2026,42,"API"
19621,4,2026,45,"API"
19622,4,2026,17,"API"
19623,4,2026,26,"API"
19655,4,2026,194,"API"
19657,4,2026,109,"API"
19658,4,2026,125,"API"
21350,4,2026,22,"API"
21351,4,2026,33,"API"
21352,4,2026,29,"API"
21353,4,2026,32,"API"
21354,4,2026,51,"API"
21355,4,2026,31,"API"
21359,4,2026,21,"API"
21360,4,2026,29,"API"
21361,4,2026,13,"API"
21365,4,2026,86,"API"
21366,4,2026,144,"API"
21367,4,2026,125,"API"
21368,4,2026,88,"API"
21369,4,2026,149,"API"
21370,4,2026,117,"API"
22358,4,2026,54,"API"
22359,4,2026,123,"API"
22360,4,2026,138,"API"
22361,4,2026,117,"API"
22362,4,2026,64,"API"
22760,4,2026,6,"API"
22761,4,2026,6,"API"
22763,4,2026,14,"API"
22764,4,2026,14,"API"
22765,4,2026,10,"API"
22766,4,2026,5,"API"
22767,4,2026,12,"API"
22768,4,2026,17,"API"
22770,4,2026,11,"API"
22771,4,2026,14,"API"
22772,4,2026,15,"API"
22773,4,2026,9,"API"
22774,4,2026,4,"API"
22775,4,2026,9,"API"
22776,4,2026,5,"API"
22778,4,2026,8,"API"
22779,4,2026,10,"API"
22780,4,2026,5,"API"
22781,4,2026,27,"API"
22782,4,2026,28,"API"
22783,4,2026,13,"API"
22784,4,2026,6,"API"
22785,4,2026,36,"API"
22786,4,2026,31,"API"
22788,4,2026,13,"API"
22789,4,2026,33,"API"
22790,4,2026,26,"API"
22791,4,2026,8,"API"
22792,4,2026,11,"API"
22793,4,2026,18,"API"
22794,4,2026,8,"API"
23091,4,2026,102,"API"
23092,4,2026,142,"API"
23387,4,2026,19,"API"
23388,4,2026,59,"API"
23389,4,2026,61,"API"
23390,4,2026,42,"API"
23391,4,2026,9,"API"
23392,4,2026,20,"API"
23393,4,2026,22,"API"
23394,4,2026,19,"API"
24079,4,2026,9,"API"
24080,4,2026,6,"API"
24081,4,2026,6,"API"
24082,4,2026,13,"API"
24083,4,2026,13,"API"
24084,4,2026,6,"API"
24085,4,2026,8,"API"
24086,4,2026,16,"API"
24087,4,2026,14,"API"
24088,4,2026,7,"API"
24089,4,2026,6,"API"
24090,4,2026,14,"API"
24091,4,2026,11,"API"
24092,4,2026,10,"API"
24093,4,2026,9,"API"
24094,4,2026,12,"API"
24095,4,2026,13,"API"
24096,4,2026,7,"API"
24097,4,2026,22,"API"
24098,4,2026,24,"API"
24099,4,2026,11,"API"
24100,4,2026,6,"API"
24101,4,2026,28,"API"
24102,4,2026,25,"API"
24103,4,2026,8,"API"
24104,4,2026,9,"API"
24105,4,2026,22,"API"
24106,4,2026,19,"API"
24107,4,2026,16,"API"
24108,4,2026,12,"API"
24234,4,2026,53,"API"
24235,4,2026,56,"API"
24236,4,2026,48,"API"
24237,4,2026,30,"API"
25620,4,2026,174,"API"
25621,4,2026,364,"API"
25622,4,2026,252,"API"
25623,4,2026,98,"API"
25624,4,2026,165,"API"
25625,4,2026,338,"API"
25626,4,2026,237,"API"
25627,4,2026,101,"API"
25628,4,2026,124,"API"
25629,4,2026,245,"API"
25630,4,2026,176,"API"
25631,4,2026,53,"API"
25640,4,2026,123,"API"
25641,4,2026,326,"API"
25642,4,2026,279,"API"
25643,4,2026,150,"API"
25644,4,2026,143,"API"
25645,4,2026,351,"API"
25646,4,2026,283,"API"
25647,4,2026,147,"API"
25648,4,2026,110,"API"
25649,4,2026,265,"API"
25650,4,2026,213,"API"
25651,4,2026,109,"API"
25660,4,2026,216,"API"
25661,4,2026,449,"API"
25662,4,2026,284,"API"
25663,4,2026,108,"API"
25664,4,2026,120,"API"
25665,4,2026,257,"API"
25666,4,2026,159,"API"
25667,4,2026,51,"API"
25668,4,2026,173,"API"
25669,4,2026,355,"API"
25670,4,2026,219,"API"
25671,4,2026,92,"API"
25721,4,2026,17,"API"
25722,4,2026,19,"API"
25723,4,2026,18,"API"
25724,4,2026,14,"API"
25725,4,2026,16,"API"
25726,4,2026,26,"API"
25727,4,2026,22,"API"
25728,4,2026,14,"API"
25729,4,2026,14,"API"
25730,4,2026,21,"API"
25731,4,2026,20,"API"
25732,4,2026,13,"API"
25737,4,2026,26,"API"
25738,4,2026,42,"API"
25739,4,2026,32,"API"
25740,4,2026,19,"API"
25745,4,2026,18,"API"
25746,4,2026,31,"API"
25747,4,2026,26,"API"
25748,4,2026,17,"API"
25753,4,2026,35,"API"
25754,4,2026,65,"API"
25755,4,2026,40,"API"
25756,4,2026,23,"API"
25761,4,2026,26,"API"
25762,4,2026,44,"API"
25763,4,2026,35,"API"
25764,4,2026,22,"API"
25963,4,2026,28,"API"
25964,4,2026,33,"API"
25965,4,2026,29,"API"
25967,4,2026,21,"API"
25968,4,2026,19,"API"
25969,4,2026,13,"API"
25986,4,2026,27,"API"
25987,4,2026,64,"API"
25988,4,2026,59,"API"
25989,4,2026,39,"API"
25990,4,2026,14,"API"
25991,4,2026,30,"API"
25992,4,2026,17,"API"
25993,4,2026,19,"API"
26019,4,2026,6,"API"
26020,4,2026,8,"API"
26021,4,2026,7,"API"
26022,4,2026,6,"API"
26318,4,2026,18,"API"
26320,4,2026,16,"API"
27047,4,2026,101,"API"
27048,4,2026,172,"API"
27049,4,2026,127,"API"
27050,4,2026,41,"API"
27051,4,2026,103,"API"
27052,4,2026,212,"API"
27053,4,2026,137,"API"
27054,4,2026,51,"API"
27055,4,2026,74,"API"
27056,4,2026,164,"API"
27057,4,2026,127,"API"
27058,4,2026,74,"API"
27099,4,2026,43,"API"
27100,4,2026,67,"API"
27101,4,2026,37,"API"
27102,4,2026,25,"API"
27103,4,2026,15,"API"
27104,4,2026,50,"API"
27105,4,2026,80,"API"
27106,4,2026,48,"API"
27107,4,2026,38,"API"
27108,4,2026,24,"API"
27600,4,2026,32,"API"
27601,4,2026,92,"API"
27602,4,2026,56,"API"
27603,4,2026,31,"API"
27604,4,2026,54,"API"
27605,4,2026,38,"API"
27677,4,2026,17,"API"
27678,4,2026,49,"API"
27679,4,2026,56,"API"
27680,4,2026,39,"API"
27681,4,2026,21,"API"
27682,4,2026,80,"API"
27683,4,2026,83,"API"
27684,4,2026,43,"API"
27969,4,2026,62,"API"
27970,4,2026,84,"API"
27971,4,2026,62,"API"
27972,4,2026,29,"API"
27973,4,2026,37,"API"
27974,4,2026,46,"API"
27975,4,2026,30,"API"
27976,4,2026,14,"API"
27977,4,2026,74,"API"
27978,4,2026,104,"API"
27979,4,2026,89,"API"
27980,4,2026,40,"API"
28606,4,2026,43,"API"
28607,4,2026,42,"API"
28608,4,2026,27,"API"
28609,4,2026,19,"API"
28610,4,2026,13,"API"
28612,4,2026,44,"API"
28613,4,2026,44,"API"
28614,4,2026,29,"API"
28615,4,2026,21,"API"
28625,4,2026,48,"API"
28626,4,2026,159,"API"
28627,4,2026,190,"API"
28628,4,2026,136,"API"
28629,4,2026,110,"API"
28630,4,2026,202,"API"
28631,4,2026,190,"API"
28632,4,2026,115,"API"
28633,4,2026,62,"API"
28634,4,2026,150,"API"
28635,4,2026,182,"API"
28636,4,2026,140,"API"
28637,4,2026,109,"API"
28638,4,2026,293,"API"
28639,4,2026,277,"API"
28640,4,2026,165,"API"
28641,4,2026,162,"API"
28642,4,2026,604,"API"
28643,4,2026,655,"API"
28644,4,2026,421,"API"
28645,4,2026,121,"API"
28646,4,2026,245,"API"
28647,4,2026,177,"API"
28648,4,2026,53,"API"
28649,4,2026,133,"API"
28650,4,2026,274,"API"
28651,4,2026,171,"API"
28652,4,2026,72,"API"
28653,4,2026,108,"API"
28654,4,2026,249,"API"
28655,4,2026,201,"API"
28656,4,2026,111,"API"
29094,4,2026,19,"API"
29095,4,2026,29,"API"
29096,4,2026,26,"API"
29097,4,2026,17,"API"
29141,4,2026,39,"API"
29142,4,2026,30,"API"
29143,4,2026,17,"API"
29144,4,2026,13,"API"
29145,4,2026,20,"API"
29146,4,2026,18,"API"
29147,4,2026,13,"API"
29148,4,2026,10,"API"
29415,4,2026,88,"API"
29416,4,2026,84,"API"
29417,4,2026,63,"API"
29418,4,2026,58,"API"
29419,4,2026,55,"API"
29420,4,2026,55,"API"
29424,4,2026,56,"API"
29425,4,2026,44,"API"
29426,4,2026,46,"API"
29427,4,2026,73,"API"
29428,4,2026,81,"API"
29429,4,2026,60,"API"
29430,4,2026,23,"API"
29431,4,2026,17,"API"
29432,4,2026,15,"API"
29433,4,2026,35,"API"
29434,4,2026,25,"API"
29435,4,2026,20,"API"
29448,4,2026,38,"API"
29449,4,2026,26,"API"
29450,4,2026,22,"API"
29454,4,2026,42,"API"
29455,4,2026,32,"API"
29456,4,2026,25,"API"
29552,4,2026,45,"API"
29553,4,2026,15,"API"
29617,4,2026,8,"API"
29618,4,2026,13,"API"
29619,4,2026,13,"API"
29620,4,2026,13,"API"
29875,4,2026,81,"API"
29876,4,2026,81,"API"
29877,4,2026,52,"API"
29881,4,2026,40,"API"
29882,4,2026,39,"API"
29883,4,2026,33,"API"
30003,4,2026,30,"API"
30004,4,2026,28,"API"
30005,4,2026,21,"API"
30006,4,2026,17,"API"
30007,4,2026,17,"API"
30008,4,2026,14,"API"
30061,4,2026,203,"API"
30062,4,2026,275,"API"
30063,4,2026,209,"API"
30064,4,2026,122,"API"
30065,4,2026,111,"API"
30066,4,2026,146,"API"
30067,4,2026,125,"API"
30068,4,2026,83,"API"
30097,4,2026,44,"API"
30101,4,2026,67,"API"
30105,4,2026,90,"API"
30109,4,2026,47,"API"
30150,4,2026,7,"API"
30151,4,2026,7,"API"
30153,4,2026,19,"API"
30154,4,2026,25,"API"
30157,4,2026,25,"API"
30158,4,2026,35,"API"
30160,4,2026,18,"API"
30161,4,2026,32,"API"
30286,4,2026,108,"API"
30287,4,2026,151,"API"
30288,4,2026,136,"API"
30289,4,2026,83,"API"
30290,4,2026,130,"API"
30291,4,2026,124,"API"
30581,4,2026,47,"API"
30582,4,2026,81,"API"
30583,4,2026,67,"API"
30584,4,2026,34,"API"
30745,4,2026,24,"API"
30746,4,2026,38,"API"
30747,4,2026,32,"API"
30748,4,2026,23,"API"
30749,4,2026,15,"API"
30750,4,2026,27,"API"
30751,4,2026,28,"API"
30752,4,2026,18,"API"
30893,4,2026,44,"API"
30894,4,2026,50,"API"
30895,4,2026,47,"API"
30896,4,2026,35,"API"
30897,4,2026,19,"API"
30898,4,2026,21,"API"
30899,4,2026,20,"API"
30900,4,2026,17,"API"
30901,4,2026,89,"API"
30902,4,2026,95,"API"
30903,4,2026,84,"API"
30904,4,2026,46,"API"
30905,4,2026,33,"API"
30906,4,2026,43,"API"
30907,4,2026,50,"API"
30908,4,2026,44,"API"
30909,4,2026,24,"API"
30910,4,2026,17,"API"
30945,4,2026,17,"API"
30946,4,2026,25,"API"
30947,4,2026,21,"API"
30948,4,2026,11,"API"
30949,4,2026,11,"API"
31047,4,2026,55,"API"
31049,4,2026,27,"API"
31050,4,2026,95,"API"
31068,4,2026,144,"API"
31069,4,2026,46,"API"
31070,4,2026,90,"API"
31072,4,2026,88,"API"
31073,4,2026,48,"API"
31074,4,2026,63,"API"
31075,4,2026,78,"API"
31076,4,2026,45,"API"
31097,4,2026,23,"API"
31101,4,2026,32,"API"
31108,4,2026,81,"API"
31109,4,2026,39,"API"
31110,4,2026,56,"API"
31111,4,2026,48,"API"
31112,4,2026,32,"API"
31113,4,2026,36,"API"
31114,4,2026,69,"API"
31115,4,2026,58,"API"
31116,4,2026,35,"API"
31117,4,2026,29,"API"
31118,4,2026,68,"API"
31119,4,2026,72,"API"
31120,4,2026,52,"API"
31121,4,2026,117,"API"
31122,4,2026,212,"API"
31123,4,2026,178,"API"
31124,4,2026,101,"API"
31125,4,2026,55,"API"
31126,4,2026,121,"API"
31127,4,2026,119,"API"
31128,4,2026,93,"API"
31129,4,2026,55,"API"
31130,4,2026,82,"API"
31131,4,2026,52,"API"
31132,4,2026,33,"API"
31138,4,2026,19,"API"
31139,4,2026,26,"API"
31140,4,2026,21,"API"
31141,4,2026,53,"API"
31142,4,2026,85,"API"
31143,4,2026,75,"API"
31144,4,2026,36,"API"
31145,4,2026,50,"API"
31146,4,2026,44,"API"
31147,4,2026,28,"API"
31351,4,2026,108,"API"
31353,4,2026,79,"API"
31359,4,2026,32,"API"
31361,4,2026,108,"API"
31368,4,2026,15,"API"
31370,4,2026,10,"API"
31375,4,2026,35,"API"
31376,4,2026,18,"API"
31378,4,2026,10,"API"
31379,4,2026,42,"API"
31380,4,2026,76,"API"
31381,4,2026,47,"API"
31382,4,2026,36,"API"
31383,4,2026,20,"API"
31387,4,2026,20,"API"
31388,4,2026,26,"API"
31389,4,2026,68,"API"
31396,4,2026,50,"API"
31397,4,2026,10,"API"
31398,4,2026,20,"API"
31943,4,2026,14,"API"
31944,4,2026,17,"API"
31945,4,2026,14,"API"
31946,4,2026,9,"API"
32056,4,2026,11,"API"
32057,4,2026,44,"API"
32058,4,2026,50,"API"
32059,4,2026,36,"API"
32076,4,2026,14,"API"
32077,4,2026,46,"API"
32078,4,2026,54,"API"
32079,4,2026,45,"API"
32164,4,2026,40,"API"
32165,4,2026,36,"API"
32166,4,2026,31,"API"
32170,4,2026,28,"API"
32171,4,2026,22,"API"
32172,4,2026,17,"API"
32200,4,2026,34,"API"
32201,4,2026,31,"API"
32202,4,2026,21,"API"
32203,4,2026,12,"API"
32212,4,2026,46,"API"
32213,4,2026,38,"API"
32214,4,2026,29,"API"
32302,4,2026,45,"API"
32303,4,2026,97,"API"
32304,4,2026,83,"API"
32305,4,2026,40,"API"
32306,4,2026,82,"API"
32307,4,2026,178,"API"
32308,4,2026,155,"API"
32309,4,2026,84,"API"
32310,4,2026,56,"API"
32311,4,2026,134,"API"
32312,4,2026,111,"API"
32313,4,2026,50,"API"
32314,4,2026,61,"API"
32315,4,2026,134,"API"
32316,4,2026,116,"API"
32317,4,2026,57,"API"
32318,4,2026,85,"API"
32319,4,2026,188,"API"
32320,4,2026,161,"API"
32321,4,2026,81,"API"
32344,4,2026,22,"API"
32345,4,2026,38,"API"
32346,4,2026,34,"API"
32347,4,2026,23,"API"
32353,4,2026,12,"API"
32354,4,2026,21,"API"
32355,4,2026,22,"API"
32356,4,2026,17,"API"
32565,4,2026,108,"API"
32566,4,2026,273,"API"
32567,4,2026,312,"API"
32568,4,2026,244,"API"
32569,4,2026,170,"API"
32575,4,2026,69,"API"
32576,4,2026,186,"API"
32577,4,2026,220,"API"
32578,4,2026,165,"API"
32579,4,2026,115,"API"
32580,4,2026,176,"API"
32581,4,2026,422,"API"
32582,4,2026,536,"API"
32583,4,2026,439,"API"
32584,4,2026,289,"API"
32585,4,2026,48,"API"
32586,4,2026,104,"API"
32587,4,2026,119,"API"
32588,4,2026,93,"API"
32589,4,2026,53,"API"
32595,4,2026,42,"API"
32596,4,2026,102,"API"
32597,4,2026,116,"API"
32598,4,2026,106,"API"
32599,4,2026,75,"API"
32798,4,2026,14,"API"
32799,4,2026,14,"API"
32800,4,2026,9,"API"
32801,4,2026,5,"API"
32802,4,2026,4,"API"
32803,4,2026,18,"API"
32804,4,2026,22,"API"
32805,4,2026,13,"API"
32806,4,2026,13,"API"
32807,4,2026,9,"API"
32808,4,2026,22,"API"
32809,4,2026,12,"API"
32810,4,2026,8,"API"
32812,4,2026,36,"API"
32813,4,2026,21,"API"
32814,4,2026,17,"API"
32893,4,2026,16,"API"
32894,4,2026,32,"API"
32895,4,2026,27,"API"
32896,4,2026,13,"API"
32897,4,2026,20,"API"
32898,4,2026,34,"API"
32899,4,2026,32,"API"
32900,4,2026,17,"API"
32901,4,2026,90,"API"
32902,4,2026,167,"API"
32903,4,2026,151,"API"
32904,4,2026,87,"API"
32905,4,2026,72,"API"
32906,4,2026,133,"API"
32907,4,2026,122,"API"
32908,4,2026,69,"API"
32918,4,2026,13,"API"
32919,4,2026,11,"API"
32920,4,2026,9,"API"
32921,4,2026,9,"API"
32922,4,2026,9,"API"
32923,4,2026,9,"API"
32924,4,2026,6,"API"
32925,4,2026,6,"API"
32952,4,2026,37,"API"
32953,4,2026,30,"API"
32954,4,2026,26,"API"
33102,4,2026,14,"API"
33103,4,2026,32,"API"
33104,4,2026,25,"API"
33105,4,2026,17,"API"
33114,4,2026,19,"API"
33115,4,2026,27,"API"
33116,4,2026,23,"API"
33117,4,2026,19,"API"
33156,4,2026,17,"API"
33157,4,2026,35,"API"
33158,4,2026,26,"API"
33159,4,2026,13,"API"
33215,4,2026,17,"API"
33216,4,2026,66,"API"
33217,4,2026,62,"API"
33218,4,2026,54,"API"
33227,4,2026,27,"API"
33228,4,2026,35,"API"
33229,4,2026,29,"API"
33230,4,2026,15,"API"
33534,4,2026,27,"API"
33535,4,2026,18,"API"
33538,4,2026,53,"API"
33539,4,2026,37,"API"
33574,4,2026,31,"API"
33575,4,2026,28,"API"
33576,4,2026,21,"API"
33577,4,2026,55,"API"
33578,4,2026,55,"API"
33579,4,2026,40,"API"
33628,4,2026,37,"API"
33629,4,2026,42,"API"
33630,4,2026,47,"API"
33631,4,2026,30,"API"
33632,4,2026,64,"API"
33633,4,2026,75,"API"
33634,4,2026,82,"API"
33635,4,2026,53,"API"
33719,4,2026,48,"API"
33720,4,2026,27,"API"
33724,4,2026,9,"API"
33725,4,2026,21,"API"
33726,4,2026,20,"API"
33727,4,2026,9,"API"
33728,4,2026,9,"API"
33729,4,2026,23,"API"
33730,4,2026,19,"API"
33731,4,2026,10,"API"
33740,4,2026,68,"API"
33741,4,2026,114,"API"
33742,4,2026,103,"API"
33743,4,2026,55,"API"
33930,4,2026,9,"API"
33931,4,2026,17,"API"
33932,4,2026,9,"API"
33933,4,2026,6,"API"
33934,4,2026,9,"API"
33935,4,2026,20,"API"
33936,4,2026,24,"API"
33937,4,2026,16,"API"
34023,4,2026,6,"API"
34024,4,2026,17,"API"
34025,4,2026,19,"API"
34026,4,2026,14,"API"
34027,4,2026,10,"API"
34028,4,2026,22,"API"
34029,4,2026,28,"API"
34030,4,2026,22,"API"
34031,4,2026,34,"API"
34034,4,2026,23,"API"
34036,4,2026,22,"API"
34037,4,2026,25,"API"
34038,4,2026,23,"API"
34039,4,2026,11,"API"
34040,4,2026,12,"API"
34041,4,2026,21,"API"
34042,4,2026,19,"API"
34043,4,2026,13,"API"
34044,4,2026,12,"API"
34045,4,2026,19,"API"
34046,4,2026,14,"API"
34047,4,2026,9,"API"
34074,4,2026,17,"API"
34075,4,2026,29,"API"
34076,4,2026,27,"API"
34077,4,2026,12,"API"
34078,4,2026,22,"API"
34079,4,2026,31,"API"
34080,4,2026,27,"API"
34081,4,2026,17,"API"
34082,4,2026,12,"API"
34083,4,2026,17,"API"
34084,4,2026,17,"API"
34085,4,2026,11,"API"
34124,4,2026,17,"API"
34125,4,2026,24,"API"
34126,4,2026,23,"API"
34127,4,2026,15,"API"
34128,4,2026,7,"API"
34129,4,2026,14,"API"
34130,4,2026,13,"API"
34131,4,2026,8,"API"
34132,4,2026,4,"API"
34133,4,2026,12,"API"
34134,4,2026,12,"API"
34135,4,2026,6,"API"
34136,4,2026,15,"API"
34137,4,2026,22,"API"
34138,4,2026,21,"API"
34139,4,2026,17,"API"
34140,4,2026,22,"API"
34141,4,2026,28,"API"
34142,4,2026,28,"API"
34143,4,2026,21,"API"
34144,4,2026,31,"API"
34145,4,2026,23,"API"
34146,4,2026,22,"API"
34147,4,2026,165,"API"
34148,4,2026,134,"API"
34149,4,2026,46,"API"
34150,4,2026,40,"API"
34159,4,2026,25,"API"
34160,4,2026,23,"API"
34161,4,2026,20,"API"
34162,4,2026,16,"API"
34163,4,2026,32,"API"
34164,4,2026,26,"API"
34165,4,2026,20,"API"
34166,4,2026,14,"API"
34167,4,2026,17,"API"
34168,4,2026,16,"API"
34169,4,2026,9,"API"
34170,4,2026,8,"API"
34171,4,2026,65,"API"
34172,4,2026,56,"API"
34173,4,2026,47,"API"
34174,4,2026,29,"API"
34205,4,2026,32,"API"
34206,4,2026,42,"API"
34207,4,2026,40,"API"
34208,4,2026,20,"API"
34209,4,2026,18,"API"
34210,4,2026,39,"API"
34211,4,2026,29,"API"
34212,4,2026,14,"API"
34213,4,2026,17,"API"
34214,4,2026,61,"API"
34215,4,2026,55,"API"
34216,4,2026,53,"API"
34280,4,2026,130,"API"
34281,4,2026,298,"API"
34282,4,2026,218,"API"
34283,4,2026,78,"API"
34284,4,2026,116,"API"
34285,4,2026,182,"API"
34286,4,2026,121,"API"
34287,4,2026,12,"API"
34337,4,2026,23,"API"
34338,4,2026,59,"API"
34339,4,2026,59,"API"
34340,4,2026,45,"API"
34341,4,2026,25,"API"
34343,4,2026,31,"API"
34397,4,2026,35,"API"
34398,4,2026,37,"API"
34399,4,2026,40,"API"
34400,4,2026,28,"API"
34402,4,2026,15,"API"
34403,4,2026,20,"API"
34404,4,2026,21,"API"
34405,4,2026,19,"API"
34407,4,2026,15,"API"
34408,4,2026,16,"API"
34409,4,2026,17,"API"
34410,4,2026,16,"API"
34412,4,2026,48,"API"
34413,4,2026,49,"API"
34414,4,2026,39,"API"
34415,4,2026,28,"API"
34416,4,2026,21,"API"
34417,4,2026,17,"API"
34418,4,2026,21,"API"
34419,4,2026,17,"API"
34420,4,2026,11,"API"
34421,4,2026,8,"API"
34422,4,2026,19,"API"
34423,4,2026,17,"API"
34424,4,2026,17,"API"
34425,4,2026,14,"API"
34426,4,2026,8,"API"
34427,4,2026,5,"API"
34428,4,2026,6,"API"
34429,4,2026,13,"API"
34430,4,2026,14,"API"
34431,4,2026,19,"API"
34432,4,2026,16,"API"
34433,4,2026,19,"API"
34441,4,2026,26,"API"
34442,4,2026,34,"API"
34443,4,2026,29,"API"
34444,4,2026,39,"API"
34445,4,2026,50,"API"
34446,4,2026,38,"API"
34450,4,2026,17,"API"
34451,4,2026,9,"API"
34459,4,2026,20,"API"
34460,4,2026,32,"API"
34461,4,2026,29,"API"
34462,4,2026,19,"API"
34463,4,2026,11,"API"
34464,4,2026,22,"API"
34465,4,2026,22,"API"
34466,4,2026,11,"API"
34467,4,2026,15,"API"
34468,4,2026,29,"API"
34469,4,2026,27,"API"
34470,4,2026,19,"API"
34480,4,2026,4,"API"
34481,4,2026,4,"API"
34686,4,2026,6,"API"
34687,4,2026,12,"API"
34688,4,2026,12,"API"
34689,4,2026,5,"API"
34690,4,2026,8,"API"
34691,4,2026,26,"API"
34692,4,2026,26,"API"
34693,4,2026,18,"API"
34694,4,2026,3,"API"
34695,4,2026,7,"API"
34696,4,2026,11,"API"
34697,4,2026,8,"API"
34698,4,2026,3,"API"
34699,4,2026,5,"API"
34700,4,2026,27,"API"
34701,4,2026,32,"API"
34702,4,2026,28,"API"
34703,4,2026,12,"API"
34704,4,2026,4,"API"
34705,4,2026,19,"API"
34706,4,2026,15,"API"
34707,4,2026,19,"API"
34708,4,2026,14,"API"
34709,4,2026,4,"API"
34710,4,2026,26,"API"
34711,4,2026,27,"API"
34712,4,2026,22,"API"
34713,4,2026,17,"API"
34718,4,2026,7,"API"
34719,4,2026,20,"API"
34720,4,2026,18,"API"
34721,4,2026,16,"API"
34722,4,2026,18,"API"
34723,4,2026,50,"API"
34724,4,2026,57,"API"
34725,4,2026,52,"API"
34726,4,2026,9,"API"
34727,4,2026,11,"API"
34728,4,2026,12,"API"
34729,4,2026,10,"API"
34730,4,2026,4,"API"
34731,4,2026,10,"API"
34732,4,2026,8,"API"
34733,4,2026,5,"API"
34734,4,2026,8,"API"
34735,4,2026,14,"API"
34736,4,2026,23,"API"
34737,4,2026,34,"API"
34738,4,2026,34,"API"
34739,4,2026,38,"API"
34740,4,2026,33,"API"
34773,4,2026,181,"API"
34774,4,2026,273,"API"
34775,4,2026,199,"API"
34776,4,2026,117,"API"
34777,4,2026,174,"API"
34778,4,2026,131,"API"
34779,4,2026,100,"API"
34780,4,2026,146,"API"
34781,4,2026,99,"API"
34782,4,2026,156,"API"
34783,4,2026,226,"API"
34784,4,2026,161,"API"
34785,4,2026,65,"API"
34786,4,2026,100,"API"
34787,4,2026,76,"API"
34788,4,2026,46,"API"
34789,4,2026,89,"API"
34790,4,2026,136,"API"
34791,4,2026,106,"API"
34792,4,2026,62,"API"
34793,4,2026,10,"API"
34794,4,2026,16,"API"
34795,4,2026,12,"API"
34796,4,2026,7,"API"
34797,4,2026,16,"API"
34798,4,2026,24,"API"
34799,4,2026,22,"API"
34800,4,2026,10,"API"
34804,4,2026,71,"API"
34805,4,2026,98,"API"
34806,4,2026,65,"API"
34807,4,2026,126,"API"
34808,4,2026,165,"API"
34809,4,2026,105,"API"
34810,4,2026,138,"API"
34811,4,2026,184,"API"
34812,4,2026,138,"API"
34813,4,2026,105,"API"
34814,4,2026,150,"API"
34815,4,2026,111,"API"
34816,4,2026,123,"API"
34817,4,2026,163,"API"
34818,4,2026,124,"API"
34819,4,2026,76,"API"
34820,4,2026,104,"API"
34821,4,2026,75,"API"
34828,4,2026,60,"API"
34829,4,2026,89,"API"
34830,4,2026,79,"API"
34831,4,2026,44,"API"
34832,4,2026,51,"API"
34833,4,2026,72,"API"
34834,4,2026,66,"API"
34835,4,2026,37,"API"
34836,4,2026,49,"API"
34837,4,2026,68,"API"
34838,4,2026,63,"API"
34839,4,2026,36,"API"
34840,4,2026,37,"API"
34841,4,2026,49,"API"
34842,4,2026,44,"API"
34843,4,2026,22,"API"
34900,4,2026,38,"API"
34901,4,2026,57,"API"
34902,4,2026,49,"API"
34903,4,2026,23,"API"
34904,4,2026,67,"API"
34905,4,2026,105,"API"
34906,4,2026,93,"API"
34907,4,2026,42,"API"
34916,4,2026,10,"API"
34917,4,2026,13,"API"
34918,4,2026,10,"API"
34919,4,2026,26,"API"
34920,4,2026,32,"API"
34921,4,2026,23,"API"
34936,4,2026,27,"API"
34937,4,2026,53,"API"
34938,4,2026,47,"API"
34939,4,2026,36,"API"
34940,4,2026,34,"API"
34941,4,2026,91,"API"
34942,4,2026,94,"API"
34943,4,2026,76,"API"
34948,4,2026,69,"API"
34949,4,2026,83,"API"
34950,4,2026,69,"API"
34951,4,2026,33,"API"
34956,4,2026,43,"API"
34957,4,2026,62,"API"
34958,4,2026,60,"API"
34959,4,2026,27,"API"
34960,4,2026,38,"API"
34961,4,2026,76,"API"
34962,4,2026,80,"API"
34963,4,2026,62,"API"
34968,4,2026,54,"API"
34969,4,2026,79,"API"
34970,4,2026,69,"API"
34971,4,2026,37,"API"
34976,4,2026,88,"API"
34977,4,2026,132,"API"
34978,4,2026,103,"API"
34986,4,2026,42,"API"
34987,4,2026,69,"API"
34988,4,2026,44,"API"
34989,4,2026,25,"API"
34990,4,2026,71,"API"
34991,4,2026,114,"API"
34992,4,2026,81,"API"
34993,4,2026,47,"API"
34994,4,2026,42,"API"
34995,4,2026,69,"API"
34996,4,2026,72,"API"
34997,4,2026,55,"API"
34998,4,2026,66,"API"
34999,4,2026,100,"API"
35000,4,2026,102,"API"
35001,4,2026,81,"API"
35007,4,2026,81,"API"
35008,4,2026,131,"API"
35009,4,2026,76,"API"
35010,4,2026,28,"API"
35011,4,2026,46,"API"
35012,4,2026,43,"API"
35013,4,2026,30,"API"
35014,4,2026,37,"API"
35015,4,2026,72,"API"
35016,4,2026,67,"API"
35017,4,2026,42,"API"
35019,4,2026,79,"API"
35020,4,2026,120,"API"
35021,4,2026,85,"API"
35022,4,2026,92,"API"
35023,4,2026,140,"API"
35024,4,2026,111,"API"
35025,4,2026,67,"API"
35026,4,2026,100,"API"
35027,4,2026,72,"API"
35028,4,2026,76,"API"
35029,4,2026,108,"API"
35030,4,2026,78,"API"
35042,4,2026,78,"API"
35043,4,2026,96,"API"
35044,4,2026,89,"API"
35045,4,2026,64,"API"
35051,4,2026,17,"API"
35052,4,2026,27,"API"
35053,4,2026,25,"API"
35054,4,2026,13,"API"
35059,4,2026,22,"API"
35060,4,2026,46,"API"
35061,4,2026,53,"API"
35062,4,2026,42,"API"
35067,4,2026,131,"API"
35068,4,2026,207,"API"
35069,4,2026,175,"API"
35070,4,2026,109,"API"
35075,4,2026,52,"API"
35076,4,2026,67,"API"
35077,4,2026,58,"API"
35078,4,2026,32,"API"
35083,4,2026,63,"API"
35084,4,2026,142,"API"
35085,4,2026,160,"API"
35086,4,2026,124,"API"
35091,4,2026,24,"API"
35092,4,2026,41,"API"
35093,4,2026,18,"API"
35094,4,2026,10,"API"
35099,4,2026,56,"API"
35100,4,2026,80,"API"
35101,4,2026,69,"API"
35102,4,2026,47,"API"
35107,4,2026,81,"API"
35108,4,2026,108,"API"
35109,4,2026,84,"API"
35110,4,2026,45,"API"
35123,4,2026,46,"API"
35124,4,2026,70,"API"
35125,4,2026,72,"API"
35126,4,2026,46,"API"
35131,4,2026,17,"API"
35132,4,2026,73,"API"
35133,4,2026,81,"API"
35134,4,2026,59,"API"
35135,4,2026,44,"API"
35136,4,2026,52,"API"
35137,4,2026,39,"API"
35138,4,2026,24,"API"
35140,4,2026,53,"API"
35141,4,2026,65,"API"
35142,4,2026,52,"API"
35143,4,2026,36,"API"
35144,4,2026,28,"API"
35150,4,2026,25,"API"
35151,4,2026,29,"API"
35152,4,2026,21,"API"
35153,4,2026,17,"API"
35154,4,2026,13,"API"
35159,4,2026,25,"API"
35160,4,2026,19,"API"
35161,4,2026,13,"API"
35162,4,2026,9,"API"
35163,4,2026,28,"API"
35164,4,2026,17,"API"
35165,4,2026,12,"API"
35166,4,2026,58,"API"
35167,4,2026,41,"API"
35168,4,2026,27,"API"
35169,4,2026,45,"API"
35170,4,2026,36,"API"
35171,4,2026,33,"API"
35172,4,2026,79,"API"
35173,4,2026,66,"API"
35174,4,2026,52,"API"
35200,4,2026,156,"API"
35201,4,2026,230,"API"
35202,4,2026,148,"API"
35204,4,2026,139,"API"
35205,4,2026,204,"API"
35206,4,2026,140,"API"
35208,4,2026,180,"API"
35209,4,2026,265,"API"
35210,4,2026,192,"API"
35216,4,2026,149,"API"
35217,4,2026,251,"API"
35218,4,2026,197,"API"
35219,4,2026,108,"API"
35220,4,2026,168,"API"
35221,4,2026,283,"API"
35222,4,2026,227,"API"
35223,4,2026,117,"API"
35224,4,2026,197,"API"
35225,4,2026,321,"API"
35226,4,2026,263,"API"
35227,4,2026,149,"API"
35232,4,2026,44,"API"
35233,4,2026,72,"API"
35234,4,2026,72,"API"
35235,4,2026,50,"API"
35236,4,2026,61,"API"
35237,4,2026,105,"API"
35238,4,2026,100,"API"
35239,4,2026,74,"API"
35240,4,2026,38,"API"
35241,4,2026,60,"API"
35242,4,2026,63,"API"
35243,4,2026,41,"API"
35252,4,2026,70,"API"
35253,4,2026,179,"API"
35254,4,2026,211,"API"
35255,4,2026,162,"API"
35256,4,2026,75,"API"
35257,4,2026,198,"API"
35258,4,2026,218,"API"
35259,4,2026,166,"API"
35268,4,2026,80,"API"
35269,4,2026,196,"API"
35270,4,2026,230,"API"
35271,4,2026,202,"API"
35276,4,2026,64,"API"
35277,4,2026,145,"API"
35278,4,2026,173,"API"
35279,4,2026,155,"API"
35285,4,2026,107,"API"
35286,4,2026,205,"API"
35287,4,2026,213,"API"
35288,4,2026,150,"API"
35290,4,2026,121,"API"
35291,4,2026,251,"API"
35292,4,2026,267,"API"
35293,4,2026,196,"API"
35305,4,2026,118,"API"
35306,4,2026,234,"API"
35307,4,2026,278,"API"
35308,4,2026,247,"API"
35309,4,2026,176,"API"
35315,4,2026,62,"API"
35316,4,2026,129,"API"
35317,4,2026,155,"API"
35318,4,2026,139,"API"
35319,4,2026,97,"API"
35328,4,2026,194,"API"
35329,4,2026,323,"API"
35330,4,2026,259,"API"
35331,4,2026,118,"API"
35332,4,2026,150,"API"
35333,4,2026,241,"API"
35334,4,2026,196,"API"
35335,4,2026,89,"API"
35340,4,2026,154,"API"
35341,4,2026,446,"API"
35342,4,2026,459,"API"
35343,4,2026,351,"API"
35348,4,2026,118,"API"
35349,4,2026,371,"API"
35350,4,2026,384,"API"
35351,4,2026,291,"API"
35352,4,2026,110,"API"
35353,4,2026,306,"API"
35354,4,2026,294,"API"
35355,4,2026,175,"API"
35360,4,2026,129,"API"
35361,4,2026,303,"API"
35362,4,2026,300,"API"
35363,4,2026,196,"API"
35376,4,2026,132,"API"
35377,4,2026,219,"API"
35378,4,2026,204,"API"
35379,4,2026,109,"API"
35380,4,2026,89,"API"
35381,4,2026,156,"API"
35382,4,2026,139,"API"
35383,4,2026,71,"API"
35392,4,2026,111,"API"
35393,4,2026,241,"API"
35394,4,2026,225,"API"
35395,4,2026,142,"API"
35396,4,2026,93,"API"
35397,4,2026,201,"API"
35398,4,2026,188,"API"
35399,4,2026,118,"API"
35400,4,2026,44,"API"
35401,4,2026,54,"API"
35402,4,2026,43,"API"
35403,4,2026,29,"API"
35404,4,2026,62,"API"
35405,4,2026,76,"API"
35406,4,2026,62,"API"
35407,4,2026,41,"API"
35408,4,2026,17,"API"
35409,4,2026,17,"API"
35410,4,2026,15,"API"
35411,4,2026,51,"API"
35412,4,2026,39,"API"
35413,4,2026,22,"API"
35414,4,2026,54,"API"
35415,4,2026,77,"API"
35416,4,2026,62,"API"
35417,4,2026,36,"API"
35428,4,2026,104,"API"
35429,4,2026,204,"API"
35430,4,2026,172,"API"
35431,4,2026,82,"API"
35436,4,2026,126,"API"
35437,4,2026,248,"API"
35438,4,2026,204,"API"
35439,4,2026,103,"API"
35466,4,2026,9,"API"
35467,4,2026,5,"API"
35468,4,2026,4,"API"
35470,4,2026,6,"API"
35471,4,2026,22,"API"
35472,4,2026,24,"API"
35473,4,2026,12,"API"
35474,4,2026,9,"API"
35475,4,2026,7,"API"
35476,4,2026,33,"API"
35477,4,2026,30,"API"
35478,4,2026,12,"API"
35481,4,2026,25,"API"
35482,4,2026,32,"API"
35486,4,2026,40,"API"
35502,4,2026,6,"API"
35504,4,2026,11,"API"
35505,4,2026,16,"API"
35506,4,2026,8,"API"
35507,4,2026,6,"API"
35508,4,2026,19,"API"
35509,4,2026,23,"API"
35510,4,2026,13,"API"
35511,4,2026,8,"API"
35512,4,2026,14,"API"
35513,4,2026,17,"API"
35514,4,2026,10,"API"
35515,4,2026,20,"API"
35528,4,2026,2,"API"
35529,4,2026,4,"API"
35531,4,2026,10,"API"
35532,4,2026,14,"API"
35535,4,2026,16,"API"
35536,4,2026,23,"API"
35538,4,2026,15,"API"
35539,4,2026,22,"API"
35682,4,2026,31,"API"
35683,4,2026,57,"API"
35684,4,2026,53,"API"
35685,4,2026,37,"API"
35686,4,2026,24,"API"
35687,4,2026,38,"API"
35688,4,2026,66,"API"
35689,4,2026,55,"API"
35690,4,2026,37,"API"
35691,4,2026,12,"API"
35692,4,2026,25,"API"
35693,4,2026,25,"API"
35694,4,2026,20,"API"
35695,4,2026,20,"API"
35696,4,2026,34,"API"
35697,4,2026,32,"API"
35698,4,2026,18,"API"
35699,4,2026,12,"API"
35700,4,2026,23,"API"
35701,4,2026,22,"API"
35702,4,2026,17,"API"
35709,4,2026,11,"API"
35710,4,2026,27,"API"
35711,4,2026,30,"API"
35712,4,2026,27,"API"
35713,4,2026,23,"API"
35714,4,2026,39,"API"
35715,4,2026,32,"API"
35716,4,2026,19,"API"
35717,4,2026,17,"API"
35718,4,2026,25,"API"
35719,4,2026,20,"API"
35720,4,2026,12,"API"
35721,4,2026,29,"API"
35722,4,2026,44,"API"
35723,4,2026,39,"API"
35724,4,2026,26,"API"
35729,4,2026,41,"API"
35730,4,2026,66,"API"
35731,4,2026,57,"API"
35732,4,2026,36,"API"
35733,4,2026,31,"API"
35734,4,2026,49,"API"
35735,4,2026,43,"API"
35736,4,2026,21,"API"
35746,4,2026,54,"API"
35747,4,2026,90,"API"
35748,4,2026,59,"API"
35749,4,2026,40,"API"
35750,4,2026,22,"API"
35751,4,2026,38,"API"
35752,4,2026,22,"API"
35753,4,2026,17,"API"
35758,4,2026,20,"API"
35759,4,2026,37,"API"
35760,4,2026,37,"API"
35761,4,2026,27,"API"
35770,4,2026,49,"API"
35771,4,2026,86,"API"
35772,4,2026,70,"API"
35773,4,2026,32,"API"
35774,4,2026,43,"API"
35775,4,2026,74,"API"
35776,4,2026,61,"API"
35777,4,2026,26,"API"
35814,4,2026,63,"API"
35815,4,2026,98,"API"
35816,4,2026,96,"API"
35817,4,2026,53,"API"
35818,4,2026,11,"API"
35819,4,2026,36,"API"
35820,4,2026,36,"API"
35821,4,2026,30,"API"
35834,4,2026,32,"API"
35835,4,2026,55,"API"
35836,4,2026,53,"API"
35837,4,2026,33,"API"
35838,4,2026,25,"API"
35839,4,2026,44,"API"
35840,4,2026,42,"API"
35841,4,2026,22,"API"
35846,4,2026,37,"API"
35847,4,2026,49,"API"
35848,4,2026,47,"API"
35849,4,2026,27,"API"
35862,4,2026,62,"API"
35863,4,2026,72,"API"
35864,4,2026,66,"API"
35865,4,2026,29,"API"
35866,4,2026,22,"API"
35867,4,2026,27,"API"
35868,4,2026,25,"API"
35869,4,2026,10,"API"
35870,4,2026,213,"API"
35871,4,2026,256,"API"
35872,4,2026,136,"API"
35873,4,2026,224,"API"
35874,4,2026,267,"API"
35875,4,2026,149,"API"
35876,4,2026,95,"API"
35877,4,2026,182,"API"
35878,4,2026,188,"API"
35879,4,2026,141,"API"
35880,4,2026,96,"API"
35881,4,2026,166,"API"
35882,4,2026,163,"API"
35883,4,2026,130,"API"
35884,4,2026,196,"API"
35885,4,2026,288,"API"
35886,4,2026,237,"API"
35887,4,2026,182,"API"
35888,4,2026,256,"API"
35889,4,2026,213,"API"
35890,4,2026,55,"API"
35891,4,2026,89,"API"
35892,4,2026,72,"API"
35893,4,2026,54,"API"
35894,4,2026,87,"API"
35895,4,2026,66,"API"
35896,4,2026,52,"API"
35897,4,2026,89,"API"
35898,4,2026,89,"API"
35899,4,2026,62,"API"
35900,4,2026,37,"API"
35901,4,2026,62,"API"
35902,4,2026,62,"API"
35903,4,2026,52,"API"
35904,4,2026,145,"API"
35905,4,2026,196,"API"
35906,4,2026,152,"API"
35907,4,2026,58,"API"
35908,4,2026,105,"API"
35909,4,2026,147,"API"
35910,4,2026,117,"API"
35911,4,2026,41,"API"
35912,4,2026,74,"API"
35913,4,2026,86,"API"
35914,4,2026,68,"API"
35915,4,2026,38,"API"
35916,4,2026,51,"API"
35917,4,2026,65,"API"
35918,4,2026,54,"API"
35919,4,2026,34,"API"
35920,4,2026,22,"API"
35921,4,2026,13,"API"
35922,4,2026,10,"API"
35923,4,2026,7,"API"
35924,4,2026,47,"API"
35925,4,2026,31,"API"
35926,4,2026,19,"API"
35927,4,2026,13,"API"
35928,4,2026,278,"API"
35929,4,2026,348,"API"
35930,4,2026,221,"API"
35931,4,2026,107,"API"
35932,4,2026,280,"API"
35933,4,2026,337,"API"
35934,4,2026,204,"API"
35935,4,2026,98,"API"
35936,4,2026,133,"API"
35937,4,2026,142,"API"
35938,4,2026,109,"API"
35939,4,2026,58,"API"
35940,4,2026,130,"API"
35941,4,2026,142,"API"
35942,4,2026,112,"API"
35943,4,2026,58,"API"
35944,4,2026,35,"API"
35945,4,2026,26,"API"
35946,4,2026,14,"API"
35947,4,2026,50,"API"
35948,4,2026,33,"API"
35949,4,2026,17,"API"
35950,4,2026,42,"API"
35951,4,2026,52,"API"
35952,4,2026,44,"API"
35953,4,2026,21,"API"
35954,4,2026,35,"API"
35955,4,2026,42,"API"
35956,4,2026,37,"API"
35957,4,2026,20,"API"
35958,4,2026,120,"API"
35959,4,2026,196,"API"
35960,4,2026,163,"API"
35961,4,2026,105,"API"
35962,4,2026,13,"API"
35963,4,2026,21,"API"
35964,4,2026,19,"API"
35965,4,2026,11,"API"
35968,4,2026,61,"API"
35969,4,2026,76,"API"
35970,4,2026,46,"API"
35972,4,2026,51,"API"
35973,4,2026,105,"API"
35974,4,2026,114,"API"
35975,4,2026,95,"API"
35976,4,2026,4,"API"
35977,4,2026,24,"API"
35978,4,2026,28,"API"
35979,4,2026,26,"API"
35980,4,2026,40,"API"
35981,4,2026,70,"API"
35982,4,2026,65,"API"
35983,4,2026,42,"API"
35984,4,2026,29,"API"
35985,4,2026,52,"API"
35986,4,2026,52,"API"
35987,4,2026,38,"API"
35988,4,2026,42,"API"
35989,4,2026,52,"API"
35990,4,2026,46,"API"
35991,4,2026,30,"API"
35992,4,2026,62,"API"
35993,4,2026,86,"API"
35994,4,2026,80,"API"
35995,4,2026,51,"API"
35996,4,2026,80,"API"
35997,4,2026,106,"API"
35998,4,2026,76,"API"
35999,4,2026,46,"API"
36000,4,2026,12,"API"
36001,4,2026,19,"API"
36002,4,2026,14,"API"
36003,4,2026,1,"API"
36041,4,2026,64,"API"
36042,4,2026,79,"API"
36043,4,2026,68,"API"
36044,4,2026,31,"API"
36045,4,2026,47,"API"
36046,4,2026,67,"API"
36047,4,2026,62,"API"
36048,4,2026,25,"API"
36049,4,2026,16,"API"
36050,4,2026,31,"API"
36051,4,2026,32,"API"
36052,4,2026,19,"API"
36053,4,2026,68,"API"
36054,4,2026,108,"API"
36055,4,2026,61,"API"
36056,4,2026,69,"API"
36057,4,2026,107,"API"
36058,4,2026,101,"API"
36059,4,2026,57,"API"
36060,4,2026,38,"API"
36061,4,2026,49,"API"
36062,4,2026,41,"API"
36063,4,2026,27,"API"
36065,4,2026,18,"API"
36066,4,2026,46,"API"
36067,4,2026,49,"API"
36068,4,2026,49,"API"
36077,4,2026,34,"API"
36078,4,2026,63,"API"
36079,4,2026,54,"API"
36085,4,2026,20,"API"
36086,4,2026,31,"API"
36087,4,2026,25,"API"
36089,4,2026,20,"API"
36090,4,2026,37,"API"
36091,4,2026,96,"API"
36092,4,2026,43,"API"
36093,4,2026,103,"API"
36094,4,2026,46,"API"
36095,4,2026,46,"API"
36096,4,2026,37,"API"
36097,4,2026,37,"API"
36098,4,2026,54,"API"
36099,4,2026,45,"API"
36100,4,2026,22,"API"
36105,4,2026,32,"API"
36106,4,2026,58,"API"
36107,4,2026,52,"API"
36108,4,2026,34,"API"
36113,4,2026,12,"API"
36114,4,2026,25,"API"
36115,4,2026,23,"API"
36116,4,2026,17,"API"
36121,4,2026,32,"API"
36122,4,2026,42,"API"
36123,4,2026,36,"API"
36124,4,2026,16,"API"
36125,4,2026,16,"API"
36126,4,2026,18,"API"
36127,4,2026,17,"API"
36128,4,2026,7,"API"
36129,4,2026,67,"API"
36130,4,2026,91,"API"
36131,4,2026,85,"API"
36132,4,2026,63,"API"
36141,4,2026,98,"API"
36142,4,2026,136,"API"
36143,4,2026,136,"API"
36144,4,2026,93,"API"
36145,4,2026,22,"API"
36146,4,2026,30,"API"
36147,4,2026,31,"API"
36148,4,2026,13,"API"
36149,4,2026,39,"API"
36150,4,2026,52,"API"
36151,4,2026,42,"API"
36152,4,2026,17,"API"
36153,4,2026,69,"API"
36154,4,2026,79,"API"
36155,4,2026,64,"API"
36156,4,2026,15,"API"
36157,4,2026,52,"API"
36158,4,2026,61,"API"
36159,4,2026,49,"API"
36160,4,2026,12,"API"
36161,4,2026,113,"API"
36162,4,2026,143,"API"
36163,4,2026,86,"API"
36164,4,2026,98,"API"
36165,4,2026,130,"API"
36166,4,2026,83,"API"
36167,4,2026,101,"API"
36168,4,2026,67,"API"
36169,4,2026,92,"API"
36170,4,2026,62,"API"
36171,4,2026,79,"API"
36172,4,2026,51,"API"
36173,4,2026,163,"API"
36174,4,2026,175,"API"
36175,4,2026,149,"API"
36176,4,2026,93,"API"
36177,4,2026,175,"API"
36178,4,2026,186,"API"
36179,4,2026,156,"API"
36180,4,2026,88,"API"
36205,4,2026,17,"API"
36206,4,2026,40,"API"
36207,4,2026,49,"API"
36208,4,2026,38,"API"
36209,4,2026,17,"API"
36210,4,2026,56,"API"
36211,4,2026,71,"API"
36212,4,2026,54,"API"
36246,4,2026,123,"API"
36247,4,2026,139,"API"
36248,4,2026,107,"API"
36249,4,2026,36,"API"
36250,4,2026,100,"API"
36251,4,2026,111,"API"
36252,4,2026,90,"API"
36253,4,2026,33,"API"
36560,4,2026,22,"API"
36561,4,2026,26,"API"
36562,4,2026,22,"API"
36563,4,2026,14,"API"
36564,4,2026,10,"API"
36565,4,2026,34,"API"
36566,4,2026,39,"API"
36567,4,2026,32,"API"
36568,4,2026,22,"API"
36569,4,2026,15,"API"
36583,4,2026,42,"API"
36584,4,2026,66,"API"
36585,4,2026,60,"API"
36586,4,2026,44,"API"
36587,4,2026,65,"API"
36588,4,2026,91,"API"
36589,4,2026,83,"API"
36590,4,2026,60,"API"
36595,4,2026,9,"API"
36596,4,2026,10,"API"
36597,4,2026,19,"API"
36598,4,2026,20,"API"
36599,4,2026,18,"API"
36600,4,2026,22,"API"
36601,4,2026,16,"API"
36602,4,2026,18,"API"
36603,4,2026,13,"API"
36604,4,2026,9,"API"
36605,4,2026,11,"API"
36606,4,2026,17,"API"
36607,4,2026,21,"API"
36608,4,2026,17,"API"
36609,4,2026,20,"API"
36610,4,2026,12,"API"
36611,4,2026,15,"API"
36612,4,2026,16,"API"
36613,4,2026,12,"API"
36614,4,2026,9,"API"
36615,4,2026,30,"API"
36616,4,2026,20,"API"
36617,4,2026,33,"API"
36618,4,2026,19,"API"
36619,4,2026,31,"API"
36620,4,2026,18,"API"
36621,4,2026,22,"API"
36622,4,2026,12,"API"
36623,4,2026,9,"API"
36624,4,2026,22,"API"
36625,4,2026,14,"API"
36626,4,2026,25,"API"
36627,4,2026,13,"API"
36628,4,2026,21,"API"
36629,4,2026,12,"API"
36630,4,2026,16,"API"
36632,4,2026,7,"API"
36633,4,2026,30,"API"
36634,4,2026,11,"API"
36635,4,2026,30,"API"
36636,4,2026,12,"API"
36637,4,2026,26,"API"
36638,4,2026,12,"API"
36639,4,2026,7,"API"
36640,4,2026,26,"API"
36641,4,2026,13,"API"
36642,4,2026,29,"API"
36643,4,2026,15,"API"
36644,4,2026,22,"API"
36645,4,2026,15,"API"
36648,4,2026,68,"API"
36652,4,2026,5,"API"
36653,4,2026,5,"API"
36655,4,2026,17,"API"
36656,4,2026,22,"API"
36659,4,2026,26,"API"
36660,4,2026,28,"API"
36662,4,2026,22,"API"
36663,4,2026,28,"API"
36673,4,2026,59,"API"
36674,4,2026,84,"API"
36675,4,2026,76,"API"
36676,4,2026,48,"API"
36677,4,2026,37,"API"
36678,4,2026,53,"API"
36679,4,2026,49,"API"
36680,4,2026,30,"API"
36681,4,2026,37,"API"
36682,4,2026,48,"API"
36683,4,2026,45,"API"
36684,4,2026,23,"API"
36685,4,2026,60,"API"
36686,4,2026,91,"API"
36687,4,2026,78,"API"
36688,4,2026,47,"API"
36689,4,2026,96,"API"
36690,4,2026,95,"API"
36691,4,2026,67,"API"
36692,4,2026,73,"API"
36693,4,2026,118,"API"
36694,4,2026,101,"API"
36695,4,2026,52,"API"
36696,4,2026,10,"API"
36697,4,2026,21,"API"
36698,4,2026,19,"API"
36699,4,2026,14,"API"
36700,4,2026,25,"API"
36701,4,2026,35,"API"
36702,4,2026,26,"API"
36703,4,2026,9,"API"
36704,4,2026,16,"API"
36705,4,2026,30,"API"
36706,4,2026,26,"API"
36707,4,2026,8,"API"
36716,4,2026,11,"API"
36717,4,2026,30,"API"
36718,4,2026,25,"API"
36719,4,2026,6,"API"
36720,4,2026,19,"API"
36721,4,2026,36,"API"
36722,4,2026,27,"API"
36723,4,2026,11,"API"
36724,4,2026,4,"API"
36725,4,2026,7,"API"
36726,4,2026,5,"API"
36728,4,2026,8,"API"
36730,4,2026,12,"API"
36731,4,2026,9,"API"
36732,4,2026,4,"API"
36733,4,2026,3,"API"
36734,4,2026,20,"API"
36735,4,2026,16,"API"
36736,4,2026,8,"API"
36737,4,2026,2,"API"
36738,4,2026,17,"API"
36739,4,2026,15,"API"
36740,4,2026,7,"API"
36741,4,2026,14,"API"
36742,4,2026,17,"API"
36743,4,2026,28,"API"
36744,4,2026,27,"API"
36745,4,2026,19,"API"
36748,4,2026,26,"API"
36749,4,2026,35,"API"
36750,4,2026,33,"API"
36751,4,2026,21,"API"
36761,4,2026,5,"API"
36763,4,2026,7,"API"
36922,4,2026,69,"API"
36923,4,2026,65,"API"
36924,4,2026,50,"API"
36925,4,2026,11,"API"
36926,4,2026,6,"API"
36927,4,2026,4,"API"
36932,4,2026,36,"API"
36933,4,2026,33,"API"
36934,4,2026,31,"API"
36935,4,2026,25,"API"
36941,4,2026,31,"API"
36942,4,2026,33,"API"
36943,4,2026,28,"API"
36944,4,2026,22,"API"
36945,4,2026,18,"API"
36946,4,2026,12,"API"
36947,4,2026,18,"API"
36948,4,2026,19,"API"
36949,4,2026,15,"API"
36950,4,2026,9,"API"
4023,4,2026,72,"API"
4024,4,2026,108,"API"
4025,4,2026,101,"API"
4026,4,2026,112,"API"
4027,4,2026,160,"API"
4028,4,2026,143,"API"
4106,4,2026,118,"API"
4107,4,2026,221,"API"
4108,4,2026,221,"API"
4109,4,2026,131,"API"
4124,4,2026,209,"API"
4125,4,2026,395,"API"
4126,4,2026,388,"API"
4127,4,2026,237,"API"
4128,4,2026,287,"API"
4129,4,2026,561,"API"
4130,4,2026,531,"API"
4131,4,2026,288,"API"
4138,4,2026,166,"API"
4139,4,2026,305,"API"
4140,4,2026,288,"API"
4141,4,2026,160,"API"
5851,4,2026,237,"API"
5852,4,2026,421,"API"
5853,4,2026,324,"API"
5854,4,2026,78,"API"
5855,4,2026,131,"API"
5856,4,2026,98,"API"
6347,4,2026,33,"API"
6348,4,2026,68,"API"
6349,4,2026,62,"API"
6350,4,2026,28,"API"
6399,4,2026,31,"API"
6400,4,2026,86,"API"
6401,4,2026,76,"API"
6402,4,2026,37,"API"
6442,4,2026,283,"API"
6443,4,2026,965,"API"
6444,4,2026,999,"API"
6445,4,2026,605,"API"
6474,4,2026,208,"API"
6475,4,2026,737,"API"
6476,4,2026,796,"API"
6477,4,2026,524,"API"
6482,4,2026,88,"API"
6483,4,2026,296,"API"
6484,4,2026,303,"API"
6485,4,2026,189,"API"
6499,4,2026,171,"API"
6500,4,2026,628,"API"
6501,4,2026,681,"API"
6502,4,2026,426,"API"
6708,4,2026,26,"API"
6709,4,2026,57,"API"
6710,4,2026,78,"API"
6711,4,2026,48,"API"
6712,4,2026,14,"API"
6713,4,2026,25,"API"
6714,4,2026,30,"API"
6715,4,2026,25,"API"
6734,4,2026,105,"API"
6735,4,2026,106,"API"
6736,4,2026,54,"API"
6743,4,2026,107,"API"
6744,4,2026,227,"API"
6745,4,2026,230,"API"
6746,4,2026,154,"API"
6747,4,2026,44,"API"
6762,4,2026,26,"API"
6763,4,2026,58,"API"
6764,4,2026,52,"API"
6765,4,2026,41,"API"
6766,4,2026,56,"API"
6767,4,2026,112,"API"
6768,4,2026,113,"API"
6769,4,2026,73,"API"
6823,4,2026,123,"API"
6824,4,2026,135,"API"
6825,4,2026,99,"API"
6827,4,2026,76,"API"
6828,4,2026,87,"API"
6829,4,2026,72,"API"
6869,4,2026,344,"API"
6870,4,2026,768,"API"
6871,4,2026,778,"API"
6872,4,2026,535,"API"
6873,4,2026,50,"API"
6874,4,2026,146,"API"
6875,4,2026,158,"API"
6876,4,2026,128,"API"
7024,4,2026,46,"API"
7025,4,2026,127,"API"
7026,4,2026,125,"API"
7027,4,2026,83,"API"
7032,4,2026,26,"API"
7033,4,2026,74,"API"
7034,4,2026,56,"API"
7035,4,2026,44,"API"
7108,4,2026,106,"API"
7109,4,2026,163,"API"
7110,4,2026,163,"API"
7111,4,2026,109,"API"
8028,4,2026,50,"API"
8029,4,2026,137,"API"
8047,4,2026,162,"API"
8048,4,2026,114,"API"
8053,4,2026,153,"API"
8054,4,2026,445,"API"
8055,4,2026,519,"API"
8056,4,2026,350,"API"
8057,4,2026,99,"API"
8058,4,2026,257,"API"
8059,4,2026,310,"API"
8060,4,2026,227,"API"
8064,4,2026,89,"API"
8065,4,2026,228,"API"
8066,4,2026,275,"API"
8067,4,2026,192,"API"
8899,4,2026,23,"API"
8900,4,2026,45,"API"
8901,4,2026,36,"API"
8902,4,2026,28,"API"
8947,4,2026,34,"API"
8948,4,2026,98,"API"
8949,4,2026,112,"API"
8950,4,2026,97,"API"
9066,4,2026,44,"API"
9067,4,2026,90,"API"
9068,4,2026,83,"API"
9069,4,2026,47,"API"
9070,4,2026,37,"API"
9071,4,2026,22,"API"
9072,4,2026,28,"API"
9073,4,2026,27,"API"
9074,4,2026,22,"API"
9075,4,2026,16,"API"
9144,4,2026,46,"API"
9145,4,2026,37,"API"
9161,4,2026,100,"API"
9162,4,2026,144,"API"
9163,4,2026,120,"API"
9164,4,2026,79,"API"
9165,4,2026,34,"API"
9166,4,2026,56,"API"
9187,4,2026,34,"API"
9188,4,2026,98,"API"
9189,4,2026,61,"API"
9190,4,2026,46,"API"
9195,4,2026,25,"API"
9196,4,2026,53,"API"
9197,4,2026,43,"API"
9198,4,2026,34,"API"
9203,4,2026,35,"API"
9204,4,2026,102,"API"
9205,4,2026,66,"API"
9206,4,2026,45,"API"
9207,4,2026,71,"API"
9208,4,2026,35,"API"
9209,4,2026,13,"API"
9210,4,2026,32,"API"
9211,4,2026,32,"API"
9212,4,2026,24,"API"
9221,4,2026,24,"API"
9222,4,2026,50,"API"
9316,4,2026,25,"API"
9317,4,2026,53,"API"
9318,4,2026,38,"API"
9619,4,2026,89,"API"
9620,4,2026,93,"API"
9621,4,2026,63,"API"
9652,4,2026,34,"API"
9666,4,2026,69,"API"
9667,4,2026,141,"API"
9668,4,2026,154,"API"
9669,4,2026,114,"API"
9674,4,2026,19,"API"
9675,4,2026,60,"API"
9676,4,2026,82,"API"
9677,4,2026,44,"API"
9812,4,2026,101,"API"
9813,4,2026,152,"API"
9814,4,2026,127,"API"
9815,4,2026,76,"API"
9816,4,2026,105,"API"
9817,4,2026,85,"API"
9868,4,2026,146,"API"
9869,4,2026,260,"API"
9870,4,2026,201,"API"
9892,4,2026,172,"API"
9893,4,2026,338,"API"
9894,4,2026,280,"API"
9898,4,2026,103,"API"
9899,4,2026,170,"API"
9900,4,2026,138,"API"
9953,4,2026,77,"API"
9954,4,2026,141,"API"
9955,4,2026,163,"API"
9956,4,2026,117,"API"
9957,4,2026,81,"API"
9958,4,2026,156,"API"
9959,4,2026,178,"API"
9960,4,2026,133,"API"
9981,4,2026,44,"API"
9982,4,2026,116,"API"
9983,4,2026,130,"API"
9984,4,2026,108,"API"
10430,5,2026,0,"API"
10431,5,2026,0,"API"
10458,5,2026,0,"API"
10464,5,2026,107,"API"
10476,5,2026,136,"API"
10477,5,2026,184,"API"
10478,5,2026,151,"API"
10479,5,2026,0,"API"
10480,5,2026,116,"API"
10481,5,2026,169,"API"
10482,5,2026,142,"API"
10483,5,2026,89,"API"
10494,5,2026,131,"API"
10495,5,2026,224,"API"
10496,5,2026,202,"API"
10497,5,2026,0,"API"
10498,5,2026,0,"API"
10499,5,2026,0,"API"
10783,5,2026,0,"API"
10784,5,2026,0,"API"
10785,5,2026,0,"API"
10786,5,2026,34,"API"
10787,5,2026,58,"API"
10788,5,2026,63,"API"
13561,5,2026,71,"API"
13562,5,2026,52,"API"
13576,5,2026,113,"API"
13586,5,2026,158,"API"
13587,5,2026,148,"API"
13588,5,2026,109,"API"
13589,5,2026,87,"API"
13595,5,2026,115,"API"
16030,5,2026,26,"API"
16031,5,2026,33,"API"
16032,5,2026,30,"API"
16033,5,2026,22,"API"
16034,5,2026,24,"API"
16035,5,2026,25,"API"
16036,5,2026,25,"API"
16037,5,2026,18,"API"
16042,5,2026,92,"API"
16043,5,2026,94,"API"
16044,5,2026,52,"API"
16045,5,2026,41,"API"
16046,5,2026,126,"API"
16047,5,2026,138,"API"
16048,5,2026,69,"API"
16049,5,2026,49,"API"
16050,5,2026,53,"API"
16051,5,2026,85,"API"
16052,5,2026,53,"API"
16053,5,2026,139,"API"
16054,5,2026,158,"API"
16055,5,2026,129,"API"
16056,5,2026,40,"API"
16057,5,2026,48,"API"
16058,5,2026,40,"API"
16059,5,2026,30,"API"
16064,5,2026,49,"API"
16065,5,2026,61,"API"
16066,5,2026,45,"API"
16067,5,2026,35,"API"
16433,5,2026,120,"API"
16434,5,2026,190,"API"
16435,5,2026,133,"API"
16436,5,2026,27,"API"
16437,5,2026,460,"API"
16438,5,2026,727,"API"
16439,5,2026,440,"API"
16440,5,2026,18,"API"
16441,5,2026,541,"API"
16442,5,2026,868,"API"
16443,5,2026,504,"API"
16444,5,2026,115,"API"
16453,5,2026,196,"API"
16454,5,2026,340,"API"
16455,5,2026,210,"API"
16456,5,2026,101,"API"
16457,5,2026,509,"API"
16458,5,2026,948,"API"
16459,5,2026,640,"API"
16460,5,2026,249,"API"
16461,5,2026,644,"API"
16462,5,2026,1230,"API"
16463,5,2026,780,"API"
16464,5,2026,303,"API"
16664,5,2026,51,"API"
16665,5,2026,53,"API"
16666,5,2026,37,"API"
16667,5,2026,26,"API"
16694,5,2026,14,"API"
16695,5,2026,53,"API"
16696,5,2026,58,"API"
16697,5,2026,42,"API"
16698,5,2026,16,"API"
16699,5,2026,55,"API"
16700,5,2026,89,"API"
16701,5,2026,46,"API"
16713,5,2026,337,"API"
16714,5,2026,629,"API"
16715,5,2026,579,"API"
16716,5,2026,351,"API"
16748,5,2026,49,"API"
16749,5,2026,196,"API"
16750,5,2026,164,"API"
16751,5,2026,74,"API"
16756,5,2026,78,"API"
16757,5,2026,297,"API"
16758,5,2026,275,"API"
16759,5,2026,135,"API"
16855,5,2026,344,"API"
16856,5,2026,537,"API"
16857,5,2026,314,"API"
16858,5,2026,73,"API"
16863,5,2026,44,"API"
16864,5,2026,162,"API"
16865,5,2026,142,"API"
16866,5,2026,56,"API"
16879,5,2026,370,"API"
16880,5,2026,727,"API"
16881,5,2026,456,"API"
16882,5,2026,173,"API"
16912,5,2026,35,"API"
16913,5,2026,67,"API"
16914,5,2026,59,"API"
16915,5,2026,37,"API"
16916,5,2026,12,"API"
16917,5,2026,19,"API"
16918,5,2026,18,"API"
16919,5,2026,16,"API"
16933,5,2026,88,"API"
16934,5,2026,85,"API"
16935,5,2026,47,"API"
16936,5,2026,33,"API"
16976,5,2026,35,"API"
16977,5,2026,102,"API"
16978,5,2026,86,"API"
16979,5,2026,38,"API"
17581,5,2026,72,"API"
17582,5,2026,134,"API"
17583,5,2026,120,"API"
17584,5,2026,62,"API"
17585,5,2026,77,"API"
17586,5,2026,154,"API"
17587,5,2026,124,"API"
17588,5,2026,62,"API"
17626,5,2026,113,"API"
17627,5,2026,114,"API"
17628,5,2026,75,"API"
17681,5,2026,91,"API"
17682,5,2026,186,"API"
17683,5,2026,168,"API"
17684,5,2026,206,"API"
17685,5,2026,522,"API"
17686,5,2026,494,"API"
17687,5,2026,126,"API"
17688,5,2026,334,"API"
17689,5,2026,319,"API"
17690,5,2026,215,"API"
17691,5,2026,521,"API"
17692,5,2026,480,"API"
17748,5,2026,32,"API"
17749,5,2026,59,"API"
17750,5,2026,45,"API"
17754,5,2026,33,"API"
17755,5,2026,49,"API"
17756,5,2026,53,"API"
17766,5,2026,61,"API"
17767,5,2026,77,"API"
17768,5,2026,106,"API"
17781,5,2026,0,"API"
17782,5,2026,0,"API"
17783,5,2026,0,"API"
17784,5,2026,0,"API"
17987,5,2026,16,"API"
17988,5,2026,84,"API"
17989,5,2026,87,"API"
17990,5,2026,45,"API"
18030,5,2026,34,"API"
18031,5,2026,47,"API"
18032,5,2026,47,"API"
18033,5,2026,36,"API"
18034,5,2026,61,"API"
18035,5,2026,107,"API"
18036,5,2026,104,"API"
18037,5,2026,57,"API"
18038,5,2026,37,"API"
18039,5,2026,47,"API"
18040,5,2026,41,"API"
18041,5,2026,35,"API"
18058,5,2026,143,"API"
18059,5,2026,293,"API"
18060,5,2026,351,"API"
18061,5,2026,281,"API"
18062,5,2026,185,"API"
18063,5,2026,456,"API"
18064,5,2026,548,"API"
18065,5,2026,413,"API"
18066,5,2026,101,"API"
18067,5,2026,196,"API"
18068,5,2026,244,"API"
18069,5,2026,183,"API"
18078,5,2026,105,"API"
18079,5,2026,206,"API"
18080,5,2026,222,"API"
18081,5,2026,150,"API"
18082,5,2026,337,"API"
18083,5,2026,369,"API"
18084,5,2026,92,"API"
18085,5,2026,184,"API"
18086,5,2026,196,"API"
18093,5,2026,0,"API"
18094,5,2026,68,"API"
18095,5,2026,81,"API"
18096,5,2026,61,"API"
18097,5,2026,58,"API"
18098,5,2026,133,"API"
18099,5,2026,157,"API"
18100,5,2026,136,"API"
18101,5,2026,0,"API"
18102,5,2026,0,"API"
18103,5,2026,0,"API"
18104,5,2026,0,"API"
18170,5,2026,69,"API"
18171,5,2026,152,"API"
18172,5,2026,180,"API"
18173,5,2026,148,"API"
18277,5,2026,107,"API"
18278,5,2026,270,"API"
18279,5,2026,183,"API"
18280,5,2026,315,"API"
18281,5,2026,16,"API"
18282,5,2026,29,"API"
18283,5,2026,34,"API"
18284,5,2026,24,"API"
18632,5,2026,0,"API"
18633,5,2026,0,"API"
18634,5,2026,0,"API"
18635,5,2026,0,"API"
18640,5,2026,28,"API"
18641,5,2026,61,"API"
18642,5,2026,104,"API"
18643,5,2026,58,"API"
18973,5,2026,13,"API"
18974,5,2026,25,"API"
18975,5,2026,20,"API"
18976,5,2026,14,"API"
18977,5,2026,15,"API"
18978,5,2026,22,"API"
18979,5,2026,18,"API"
18980,5,2026,9,"API"
18985,5,2026,13,"API"
18986,5,2026,21,"API"
18987,5,2026,16,"API"
18988,5,2026,10,"API"
19278,5,2026,28,"API"
19279,5,2026,48,"API"
19280,5,2026,47,"API"
19281,5,2026,27,"API"
19282,5,2026,45,"API"
19283,5,2026,99,"API"
19284,5,2026,70,"API"
19285,5,2026,46,"API"
19298,5,2026,57,"API"
19299,5,2026,158,"API"
19300,5,2026,131,"API"
19307,5,2026,62,"API"
19308,5,2026,151,"API"
19309,5,2026,119,"API"
19310,5,2026,65,"API"
19311,5,2026,134,"API"
19312,5,2026,78,"API"
19319,5,2026,51,"API"
19320,5,2026,120,"API"
19321,5,2026,61,"API"
19348,5,2026,0,"API"
19350,5,2026,0,"API"
19351,5,2026,0,"API"
19352,5,2026,0,"API"
19353,5,2026,0,"API"
19354,5,2026,0,"API"
19355,5,2026,0,"API"
19356,5,2026,0,"API"
19357,5,2026,0,"API"
19358,5,2026,0,"API"
19359,5,2026,0,"API"
19360,5,2026,0,"API"
19361,5,2026,0,"API"
19362,5,2026,22,"API"
19363,5,2026,13,"API"
19364,5,2026,10,"API"
19366,5,2026,6,"API"
19367,5,2026,46,"API"
19368,5,2026,36,"API"
19369,5,2026,17,"API"
19370,5,2026,24,"API"
19371,5,2026,10,"API"
19372,5,2026,49,"API"
19373,5,2026,70,"API"
19374,5,2026,28,"API"
19375,5,2026,56,"API"
19376,5,2026,92,"API"
19377,5,2026,58,"API"
19378,5,2026,37,"API"
19379,5,2026,25,"API"
19381,5,2026,24,"API"
19382,5,2026,175,"API"
19383,5,2026,144,"API"
19384,5,2026,90,"API"
19385,5,2026,83,"API"
19386,5,2026,31,"API"
19387,5,2026,212,"API"
19388,5,2026,243,"API"
19389,5,2026,117,"API"
19390,5,2026,205,"API"
19391,5,2026,221,"API"
19392,5,2026,14,"API"
19394,5,2026,20,"API"
19395,5,2026,35,"API"
19396,5,2026,18,"API"
19397,5,2026,16,"API"
19398,5,2026,38,"API"
19399,5,2026,60,"API"
19400,5,2026,29,"API"
19401,5,2026,11,"API"
19402,5,2026,37,"API"
19403,5,2026,62,"API"
19404,5,2026,20,"API"
19405,5,2026,38,"API"
19406,5,2026,22,"API"
19408,5,2026,53,"API"
19409,5,2026,72,"API"
19410,5,2026,44,"API"
19411,5,2026,26,"API"
19412,5,2026,111,"API"
19413,5,2026,119,"API"
19414,5,2026,51,"API"
19415,5,2026,22,"API"
19416,5,2026,88,"API"
19417,5,2026,101,"API"
19418,5,2026,38,"API"
19419,5,2026,67,"API"
19598,5,2026,13,"API"
19599,5,2026,16,"API"
19618,5,2026,110,"API"
19620,5,2026,49,"API"
19621,5,2026,53,"API"
19622,5,2026,20,"API"
19623,5,2026,30,"API"
19655,5,2026,226,"API"
19657,5,2026,127,"API"
19658,5,2026,146,"API"
21350,5,2026,26,"API"
21351,5,2026,38,"API"
21352,5,2026,34,"API"
21353,5,2026,37,"API"
21354,5,2026,59,"API"
21355,5,2026,36,"API"
21359,5,2026,24,"API"
21360,5,2026,34,"API"
21361,5,2026,16,"API"
21365,5,2026,100,"API"
21366,5,2026,168,"API"
21367,5,2026,146,"API"
21368,5,2026,102,"API"
21369,5,2026,174,"API"
21370,5,2026,137,"API"
22358,5,2026,63,"API"
22359,5,2026,144,"API"
22360,5,2026,161,"API"
22361,5,2026,137,"API"
22362,5,2026,75,"API"
22760,5,2026,0,"API"
22761,5,2026,0,"API"
22762,5,2026,0,"API"
22763,5,2026,0,"API"
22764,5,2026,0,"API"
22765,5,2026,0,"API"
22766,5,2026,0,"API"
22767,5,2026,0,"API"
22768,5,2026,0,"API"
22770,5,2026,0,"API"
22771,5,2026,0,"API"
22772,5,2026,0,"API"
22773,5,2026,0,"API"
22774,5,2026,0,"API"
22775,5,2026,0,"API"
22776,5,2026,0,"API"
22778,5,2026,0,"API"
22779,5,2026,12,"API"
22780,5,2026,0,"API"
22781,5,2026,32,"API"
22782,5,2026,32,"API"
22783,5,2026,15,"API"
22784,5,2026,0,"API"
22785,5,2026,42,"API"
22786,5,2026,36,"API"
22788,5,2026,15,"API"
22789,5,2026,39,"API"
22790,5,2026,31,"API"
22791,5,2026,0,"API"
22792,5,2026,0,"API"
22793,5,2026,22,"API"
22794,5,2026,10,"API"
23091,5,2026,0,"API"
23092,5,2026,166,"API"
23387,5,2026,22,"API"
23388,5,2026,69,"API"
23389,5,2026,72,"API"
23390,5,2026,49,"API"
23391,5,2026,11,"API"
23392,5,2026,23,"API"
23393,5,2026,25,"API"
23394,5,2026,23,"API"
24079,5,2026,0,"API"
24080,5,2026,0,"API"
24081,5,2026,0,"API"
24082,5,2026,0,"API"
24083,5,2026,0,"API"
24084,5,2026,0,"API"
24085,5,2026,0,"API"
24086,5,2026,0,"API"
24087,5,2026,0,"API"
24088,5,2026,0,"API"
24089,5,2026,0,"API"
24090,5,2026,0,"API"
24091,5,2026,0,"API"
24092,5,2026,0,"API"
24093,5,2026,0,"API"
24094,5,2026,15,"API"
24095,5,2026,15,"API"
24096,5,2026,8,"API"
24097,5,2026,25,"API"
24098,5,2026,28,"API"
24099,5,2026,12,"API"
24100,5,2026,6,"API"
24101,5,2026,32,"API"
24102,5,2026,30,"API"
24103,5,2026,9,"API"
24104,5,2026,10,"API"
24105,5,2026,25,"API"
24106,5,2026,22,"API"
24107,5,2026,18,"API"
24108,5,2026,14,"API"
24234,5,2026,62,"API"
24235,5,2026,65,"API"
24236,5,2026,56,"API"
24237,5,2026,35,"API"
25620,5,2026,203,"API"
25621,5,2026,425,"API"
25622,5,2026,294,"API"
25623,5,2026,114,"API"
25624,5,2026,193,"API"
25625,5,2026,395,"API"
25626,5,2026,277,"API"
25627,5,2026,118,"API"
25628,5,2026,145,"API"
25629,5,2026,286,"API"
25630,5,2026,205,"API"
25631,5,2026,61,"API"
25640,5,2026,144,"API"
25641,5,2026,381,"API"
25642,5,2026,325,"API"
25643,5,2026,175,"API"
25644,5,2026,167,"API"
25645,5,2026,410,"API"
25646,5,2026,331,"API"
25647,5,2026,172,"API"
25648,5,2026,128,"API"
25649,5,2026,310,"API"
25650,5,2026,248,"API"
25651,5,2026,128,"API"
25660,5,2026,252,"API"
25661,5,2026,524,"API"
25662,5,2026,331,"API"
25663,5,2026,126,"API"
25664,5,2026,141,"API"
25665,5,2026,300,"API"
25666,5,2026,186,"API"
25667,5,2026,59,"API"
25668,5,2026,202,"API"
25669,5,2026,415,"API"
25670,5,2026,256,"API"
25671,5,2026,107,"API"
25721,5,2026,20,"API"
25722,5,2026,23,"API"
25723,5,2026,21,"API"
25724,5,2026,16,"API"
25725,5,2026,19,"API"
25726,5,2026,30,"API"
25727,5,2026,26,"API"
25728,5,2026,16,"API"
25729,5,2026,16,"API"
25730,5,2026,25,"API"
25731,5,2026,23,"API"
25732,5,2026,15,"API"
25737,5,2026,30,"API"
25738,5,2026,49,"API"
25739,5,2026,38,"API"
25740,5,2026,22,"API"
25745,5,2026,22,"API"
25746,5,2026,37,"API"
25747,5,2026,30,"API"
25748,5,2026,20,"API"
25753,5,2026,41,"API"
25754,5,2026,76,"API"
25755,5,2026,47,"API"
25756,5,2026,27,"API"
25761,5,2026,30,"API"
25762,5,2026,52,"API"
25763,5,2026,41,"API"
25764,5,2026,25,"API"
25963,5,2026,33,"API"
25964,5,2026,38,"API"
25965,5,2026,34,"API"
25967,5,2026,25,"API"
25968,5,2026,23,"API"
25969,5,2026,16,"API"
25986,5,2026,31,"API"
25987,5,2026,75,"API"
25988,5,2026,69,"API"
25989,5,2026,45,"API"
25990,5,2026,17,"API"
25991,5,2026,35,"API"
25992,5,2026,20,"API"
25993,5,2026,22,"API"
26019,5,2026,7,"API"
26020,5,2026,9,"API"
26021,5,2026,8,"API"
26022,5,2026,7,"API"
26318,5,2026,21,"API"
26320,5,2026,18,"API"
27047,5,2026,118,"API"
27048,5,2026,201,"API"
27049,5,2026,148,"API"
27050,5,2026,48,"API"
27051,5,2026,120,"API"
27052,5,2026,247,"API"
27053,5,2026,160,"API"
27054,5,2026,59,"API"
27055,5,2026,86,"API"
27056,5,2026,191,"API"
27057,5,2026,149,"API"
27058,5,2026,87,"API"
27099,5,2026,50,"API"
27100,5,2026,79,"API"
27101,5,2026,44,"API"
27102,5,2026,29,"API"
27103,5,2026,17,"API"
27104,5,2026,59,"API"
27105,5,2026,94,"API"
27106,5,2026,56,"API"
27107,5,2026,45,"API"
27108,5,2026,28,"API"
27600,5,2026,37,"API"
27601,5,2026,108,"API"
27602,5,2026,65,"API"
27603,5,2026,0,"API"
27604,5,2026,0,"API"
27605,5,2026,0,"API"
27677,5,2026,0,"API"
27678,5,2026,57,"API"
27679,5,2026,65,"API"
27680,5,2026,0,"API"
27681,5,2026,0,"API"
27682,5,2026,93,"API"
27683,5,2026,97,"API"
27684,5,2026,0,"API"
27969,5,2026,0,"API"
27970,5,2026,0,"API"
27971,5,2026,0,"API"
27972,5,2026,0,"API"
27973,5,2026,43,"API"
27974,5,2026,53,"API"
27975,5,2026,35,"API"
27976,5,2026,16,"API"
27977,5,2026,87,"API"
27978,5,2026,122,"API"
27979,5,2026,104,"API"
27980,5,2026,47,"API"
28606,5,2026,50,"API"
28607,5,2026,49,"API"
28608,5,2026,32,"API"
28609,5,2026,22,"API"
28610,5,2026,15,"API"
28612,5,2026,52,"API"
28613,5,2026,51,"API"
28614,5,2026,34,"API"
28615,5,2026,25,"API"
28625,5,2026,56,"API"
28626,5,2026,186,"API"
28627,5,2026,222,"API"
28628,5,2026,159,"API"
28629,5,2026,128,"API"
28630,5,2026,236,"API"
28631,5,2026,221,"API"
28632,5,2026,134,"API"
28633,5,2026,72,"API"
28634,5,2026,175,"API"
28635,5,2026,212,"API"
28636,5,2026,164,"API"
28637,5,2026,127,"API"
28638,5,2026,342,"API"
28639,5,2026,323,"API"
28640,5,2026,192,"API"
28641,5,2026,189,"API"
28642,5,2026,705,"API"
28643,5,2026,764,"API"
28644,5,2026,491,"API"
28645,5,2026,142,"API"
28646,5,2026,286,"API"
28647,5,2026,207,"API"
28648,5,2026,62,"API"
28649,5,2026,156,"API"
28650,5,2026,320,"API"
28651,5,2026,200,"API"
28652,5,2026,84,"API"
28653,5,2026,127,"API"
28654,5,2026,291,"API"
28655,5,2026,235,"API"
28656,5,2026,129,"API"
29094,5,2026,22,"API"
29095,5,2026,34,"API"
29096,5,2026,30,"API"
29097,5,2026,20,"API"
29141,5,2026,46,"API"
29142,5,2026,35,"API"
29143,5,2026,19,"API"
29144,5,2026,15,"API"
29145,5,2026,0,"API"
29146,5,2026,0,"API"
29147,5,2026,0,"API"
29148,5,2026,12,"API"
29415,5,2026,103,"API"
29416,5,2026,98,"API"
29417,5,2026,73,"API"
29418,5,2026,68,"API"
29419,5,2026,64,"API"
29420,5,2026,64,"API"
29424,5,2026,65,"API"
29425,5,2026,51,"API"
29426,5,2026,54,"API"
29427,5,2026,85,"API"
29428,5,2026,94,"API"
29429,5,2026,70,"API"
29430,5,2026,22,"API"
29431,5,2026,16,"API"
29432,5,2026,15,"API"
29433,5,2026,33,"API"
29434,5,2026,24,"API"
29435,5,2026,20,"API"
29448,5,2026,44,"API"
29449,5,2026,30,"API"
29450,5,2026,26,"API"
29454,5,2026,49,"API"
29455,5,2026,37,"API"
29456,5,2026,30,"API"
29552,5,2026,52,"API"
29553,5,2026,0,"API"
29617,5,2026,9,"API"
29618,5,2026,15,"API"
29619,5,2026,16,"API"
29620,5,2026,15,"API"
29875,5,2026,95,"API"
29876,5,2026,94,"API"
29877,5,2026,61,"API"
29881,5,2026,47,"API"
29882,5,2026,46,"API"
29883,5,2026,39,"API"
30003,5,2026,35,"API"
30004,5,2026,33,"API"
30005,5,2026,24,"API"
30006,5,2026,20,"API"
30007,5,2026,20,"API"
30008,5,2026,16,"API"
30061,5,2026,237,"API"
30062,5,2026,322,"API"
30063,5,2026,243,"API"
30064,5,2026,143,"API"
30065,5,2026,130,"API"
30066,5,2026,170,"API"
30067,5,2026,146,"API"
30068,5,2026,97,"API"
30097,5,2026,51,"API"
30101,5,2026,78,"API"
30105,5,2026,104,"API"
30109,5,2026,55,"API"
30150,5,2026,8,"API"
30151,5,2026,9,"API"
30153,5,2026,22,"API"
30154,5,2026,29,"API"
30157,5,2026,29,"API"
30158,5,2026,41,"API"
30160,5,2026,21,"API"
30161,5,2026,37,"API"
30286,5,2026,126,"API"
30287,5,2026,176,"API"
30288,5,2026,158,"API"
30289,5,2026,97,"API"
30290,5,2026,152,"API"
30291,5,2026,145,"API"
30581,5,2026,55,"API"
30582,5,2026,95,"API"
30583,5,2026,79,"API"
30584,5,2026,39,"API"
30745,5,2026,28,"API"
30746,5,2026,44,"API"
30747,5,2026,38,"API"
30748,5,2026,27,"API"
30749,5,2026,18,"API"
30750,5,2026,31,"API"
30751,5,2026,32,"API"
30752,5,2026,21,"API"
30893,5,2026,51,"API"
30894,5,2026,58,"API"
30895,5,2026,55,"API"
30896,5,2026,41,"API"
30897,5,2026,22,"API"
30898,5,2026,25,"API"
30899,5,2026,23,"API"
30900,5,2026,20,"API"
30901,5,2026,104,"API"
30902,5,2026,110,"API"
30903,5,2026,98,"API"
30904,5,2026,54,"API"
30905,5,2026,38,"API"
30906,5,2026,0,"API"
30907,5,2026,0,"API"
30908,5,2026,0,"API"
30909,5,2026,0,"API"
30910,5,2026,20,"API"
30945,5,2026,0,"API"
30946,5,2026,0,"API"
30947,5,2026,0,"API"
30948,5,2026,0,"API"
30949,5,2026,13,"API"
31047,5,2026,0,"API"
31049,5,2026,32,"API"
31050,5,2026,110,"API"
31068,5,2026,169,"API"
31069,5,2026,54,"API"
31070,5,2026,105,"API"
31072,5,2026,102,"API"
31073,5,2026,56,"API"
31074,5,2026,74,"API"
31075,5,2026,91,"API"
31076,5,2026,53,"API"
31097,5,2026,0,"API"
31101,5,2026,37,"API"
31108,5,2026,94,"API"
31109,5,2026,45,"API"
31110,5,2026,65,"API"
31111,5,2026,56,"API"
31112,5,2026,37,"API"
31113,5,2026,42,"API"
31114,5,2026,81,"API"
31115,5,2026,68,"API"
31116,5,2026,41,"API"
31117,5,2026,34,"API"
31118,5,2026,80,"API"
31119,5,2026,84,"API"
31120,5,2026,61,"API"
31121,5,2026,137,"API"
31122,5,2026,247,"API"
31123,5,2026,207,"API"
31124,5,2026,118,"API"
31125,5,2026,65,"API"
31126,5,2026,141,"API"
31127,5,2026,139,"API"
31128,5,2026,109,"API"
31129,5,2026,65,"API"
31130,5,2026,96,"API"
31131,5,2026,61,"API"
31132,5,2026,39,"API"
31138,5,2026,22,"API"
31139,5,2026,30,"API"
31140,5,2026,25,"API"
31141,5,2026,62,"API"
31142,5,2026,99,"API"
31143,5,2026,87,"API"
31144,5,2026,42,"API"
31145,5,2026,58,"API"
31146,5,2026,52,"API"
31147,5,2026,32,"API"
31351,5,2026,126,"API"
31353,5,2026,93,"API"
31359,5,2026,38,"API"
31360,5,2026,0,"API"
31361,5,2026,126,"API"
31362,5,2026,0,"API"
31368,5,2026,18,"API"
31370,5,2026,12,"API"
31375,5,2026,41,"API"
31376,5,2026,22,"API"
31378,5,2026,11,"API"
31379,5,2026,49,"API"
31380,5,2026,88,"API"
31381,5,2026,55,"API"
31382,5,2026,42,"API"
31383,5,2026,23,"API"
31387,5,2026,23,"API"
31388,5,2026,31,"API"
31389,5,2026,80,"API"
31396,5,2026,58,"API"
31397,5,2026,12,"API"
31398,5,2026,23,"API"
31943,5,2026,16,"API"
31944,5,2026,20,"API"
31945,5,2026,16,"API"
31946,5,2026,10,"API"
32056,5,2026,13,"API"
32057,5,2026,52,"API"
32058,5,2026,58,"API"
32059,5,2026,42,"API"
32076,5,2026,16,"API"
32077,5,2026,54,"API"
32078,5,2026,63,"API"
32079,5,2026,52,"API"
32164,5,2026,47,"API"
32165,5,2026,42,"API"
32166,5,2026,37,"API"
32170,5,2026,32,"API"
32171,5,2026,26,"API"
32172,5,2026,20,"API"
32200,5,2026,39,"API"
32201,5,2026,36,"API"
32202,5,2026,25,"API"
32203,5,2026,14,"API"
32212,5,2026,53,"API"
32213,5,2026,44,"API"
32214,5,2026,34,"API"
32302,5,2026,52,"API"
32303,5,2026,113,"API"
32304,5,2026,96,"API"
32305,5,2026,47,"API"
32306,5,2026,96,"API"
32307,5,2026,208,"API"
32308,5,2026,180,"API"
32309,5,2026,99,"API"
32310,5,2026,65,"API"
32311,5,2026,157,"API"
32312,5,2026,129,"API"
32313,5,2026,58,"API"
32314,5,2026,71,"API"
32315,5,2026,157,"API"
32316,5,2026,136,"API"
32317,5,2026,67,"API"
32318,5,2026,99,"API"
32319,5,2026,219,"API"
32320,5,2026,187,"API"
32321,5,2026,94,"API"
32344,5,2026,26,"API"
32345,5,2026,44,"API"
32346,5,2026,39,"API"
32347,5,2026,27,"API"
32353,5,2026,14,"API"
32354,5,2026,25,"API"
32355,5,2026,26,"API"
32356,5,2026,19,"API"
32565,5,2026,126,"API"
32566,5,2026,318,"API"
32567,5,2026,365,"API"
32568,5,2026,285,"API"
32569,5,2026,199,"API"
32575,5,2026,80,"API"
32576,5,2026,217,"API"
32577,5,2026,256,"API"
32578,5,2026,193,"API"
32579,5,2026,134,"API"
32580,5,2026,205,"API"
32581,5,2026,493,"API"
32582,5,2026,626,"API"
32583,5,2026,513,"API"
32584,5,2026,337,"API"
32585,5,2026,56,"API"
32586,5,2026,122,"API"
32587,5,2026,139,"API"
32588,5,2026,108,"API"
32589,5,2026,62,"API"
32595,5,2026,49,"API"
32596,5,2026,119,"API"
32597,5,2026,135,"API"
32598,5,2026,123,"API"
32599,5,2026,88,"API"
32798,5,2026,17,"API"
32799,5,2026,17,"API"
32800,5,2026,10,"API"
32801,5,2026,6,"API"
32802,5,2026,5,"API"
32803,5,2026,21,"API"
32804,5,2026,26,"API"
32805,5,2026,15,"API"
32806,5,2026,15,"API"
32807,5,2026,10,"API"
32808,5,2026,25,"API"
32809,5,2026,14,"API"
32810,5,2026,9,"API"
32812,5,2026,42,"API"
32813,5,2026,24,"API"
32814,5,2026,19,"API"
32893,5,2026,18,"API"
32894,5,2026,37,"API"
32895,5,2026,31,"API"
32896,5,2026,15,"API"
32897,5,2026,23,"API"
32898,5,2026,39,"API"
32899,5,2026,38,"API"
32900,5,2026,19,"API"
32901,5,2026,105,"API"
32902,5,2026,194,"API"
32903,5,2026,176,"API"
32904,5,2026,101,"API"
32905,5,2026,84,"API"
32906,5,2026,155,"API"
32907,5,2026,142,"API"
32908,5,2026,80,"API"
32918,5,2026,15,"API"
32919,5,2026,13,"API"
32920,5,2026,11,"API"
32921,5,2026,11,"API"
32922,5,2026,10,"API"
32923,5,2026,10,"API"
32924,5,2026,7,"API"
32925,5,2026,8,"API"
32952,5,2026,44,"API"
32953,5,2026,35,"API"
32954,5,2026,30,"API"
33102,5,2026,17,"API"
33103,5,2026,37,"API"
33104,5,2026,29,"API"
33105,5,2026,19,"API"
33114,5,2026,23,"API"
33115,5,2026,32,"API"
33116,5,2026,27,"API"
33117,5,2026,23,"API"
33156,5,2026,0,"API"
33157,5,2026,41,"API"
33158,5,2026,30,"API"
33159,5,2026,0,"API"
33215,5,2026,0,"API"
33216,5,2026,77,"API"
33217,5,2026,73,"API"
33218,5,2026,0,"API"
33227,5,2026,32,"API"
33228,5,2026,41,"API"
33229,5,2026,34,"API"
33230,5,2026,18,"API"
33534,5,2026,31,"API"
33535,5,2026,21,"API"
33538,5,2026,62,"API"
33539,5,2026,44,"API"
33574,5,2026,36,"API"
33575,5,2026,33,"API"
33576,5,2026,24,"API"
33577,5,2026,65,"API"
33578,5,2026,64,"API"
33579,5,2026,47,"API"
33628,5,2026,43,"API"
33629,5,2026,49,"API"
33630,5,2026,54,"API"
33631,5,2026,35,"API"
33632,5,2026,75,"API"
33633,5,2026,87,"API"
33634,5,2026,96,"API"
33635,5,2026,62,"API"
33719,5,2026,56,"API"
33720,5,2026,31,"API"
33724,5,2026,11,"API"
33725,5,2026,24,"API"
33726,5,2026,23,"API"
33727,5,2026,11,"API"
33728,5,2026,11,"API"
33729,5,2026,27,"API"
33730,5,2026,23,"API"
33731,5,2026,12,"API"
33740,5,2026,80,"API"
33741,5,2026,133,"API"
33742,5,2026,121,"API"
33743,5,2026,64,"API"
33930,5,2026,0,"API"
33931,5,2026,0,"API"
33932,5,2026,0,"API"
33933,5,2026,8,"API"
33934,5,2026,0,"API"
33935,5,2026,0,"API"
33936,5,2026,0,"API"
33937,5,2026,18,"API"
34023,5,2026,7,"API"
34024,5,2026,19,"API"
34025,5,2026,23,"API"
34026,5,2026,16,"API"
34027,5,2026,12,"API"
34028,5,2026,25,"API"
34029,5,2026,33,"API"
34030,5,2026,25,"API"
34031,5,2026,40,"API"
34034,5,2026,27,"API"
34036,5,2026,25,"API"
34037,5,2026,29,"API"
34038,5,2026,27,"API"
34039,5,2026,13,"API"
34040,5,2026,14,"API"
34041,5,2026,24,"API"
34042,5,2026,23,"API"
34043,5,2026,15,"API"
34044,5,2026,0,"API"
34045,5,2026,0,"API"
34046,5,2026,0,"API"
34047,5,2026,11,"API"
34074,5,2026,20,"API"
34075,5,2026,34,"API"
34076,5,2026,31,"API"
34077,5,2026,14,"API"
34078,5,2026,25,"API"
34079,5,2026,36,"API"
34080,5,2026,32,"API"
34081,5,2026,20,"API"
34082,5,2026,14,"API"
34083,5,2026,20,"API"
34084,5,2026,19,"API"
34085,5,2026,13,"API"
34124,5,2026,19,"API"
34125,5,2026,28,"API"
34126,5,2026,27,"API"
34127,5,2026,18,"API"
34128,5,2026,0,"API"
34129,5,2026,0,"API"
34130,5,2026,0,"API"
34131,5,2026,9,"API"
34132,5,2026,0,"API"
34133,5,2026,0,"API"
34134,5,2026,0,"API"
34135,5,2026,8,"API"
34136,5,2026,18,"API"
34137,5,2026,26,"API"
34138,5,2026,24,"API"
34139,5,2026,20,"API"
34140,5,2026,26,"API"
34141,5,2026,33,"API"
34142,5,2026,33,"API"
34143,5,2026,24,"API"
34144,5,2026,36,"API"
34145,5,2026,27,"API"
34146,5,2026,25,"API"
34147,5,2026,192,"API"
34148,5,2026,157,"API"
34149,5,2026,54,"API"
34150,5,2026,46,"API"
34159,5,2026,29,"API"
34160,5,2026,27,"API"
34161,5,2026,23,"API"
34162,5,2026,18,"API"
34163,5,2026,38,"API"
34164,5,2026,30,"API"
34165,5,2026,23,"API"
34166,5,2026,17,"API"
34167,5,2026,19,"API"
34168,5,2026,18,"API"
34169,5,2026,10,"API"
34170,5,2026,9,"API"
34171,5,2026,76,"API"
34172,5,2026,65,"API"
34173,5,2026,54,"API"
34174,5,2026,34,"API"
34205,5,2026,37,"API"
34206,5,2026,49,"API"
34207,5,2026,47,"API"
34208,5,2026,23,"API"
34209,5,2026,21,"API"
34210,5,2026,45,"API"
34211,5,2026,34,"API"
34212,5,2026,16,"API"
34213,5,2026,20,"API"
34214,5,2026,71,"API"
34215,5,2026,64,"API"
34216,5,2026,62,"API"
34280,5,2026,152,"API"
34281,5,2026,348,"API"
34282,5,2026,254,"API"
34283,5,2026,91,"API"
34284,5,2026,136,"API"
34285,5,2026,212,"API"
34286,5,2026,142,"API"
34287,5,2026,14,"API"
34337,5,2026,27,"API"
34338,5,2026,69,"API"
34339,5,2026,68,"API"
34340,5,2026,53,"API"
34341,5,2026,30,"API"
34343,5,2026,36,"API"
34397,5,2026,41,"API"
34398,5,2026,43,"API"
34399,5,2026,47,"API"
34400,5,2026,33,"API"
34402,5,2026,0,"API"
34403,5,2026,0,"API"
34404,5,2026,0,"API"
34405,5,2026,0,"API"
34407,5,2026,0,"API"
34408,5,2026,0,"API"
34409,5,2026,0,"API"
34410,5,2026,0,"API"
34412,5,2026,56,"API"
34413,5,2026,57,"API"
34414,5,2026,46,"API"
34415,5,2026,33,"API"
34416,5,2026,24,"API"
34417,5,2026,0,"API"
34418,5,2026,0,"API"
34419,5,2026,0,"API"
34420,5,2026,0,"API"
34421,5,2026,9,"API"
34422,5,2026,0,"API"
34423,5,2026,0,"API"
34424,5,2026,0,"API"
34425,5,2026,0,"API"
34426,5,2026,9,"API"
34427,5,2026,6,"API"
34428,5,2026,8,"API"
34429,5,2026,15,"API"
34430,5,2026,16,"API"
34431,5,2026,22,"API"
34432,5,2026,18,"API"
34433,5,2026,22,"API"
34441,5,2026,30,"API"
34442,5,2026,40,"API"
34443,5,2026,34,"API"
34444,5,2026,46,"API"
34445,5,2026,59,"API"
34446,5,2026,44,"API"
34450,5,2026,20,"API"
34451,5,2026,10,"API"
34459,5,2026,23,"API"
34460,5,2026,38,"API"
34461,5,2026,34,"API"
34462,5,2026,23,"API"
34463,5,2026,13,"API"
34464,5,2026,26,"API"
34465,5,2026,25,"API"
34466,5,2026,13,"API"
34467,5,2026,0,"API"
34468,5,2026,0,"API"
34469,5,2026,0,"API"
34470,5,2026,0,"API"
34480,5,2026,5,"API"
34481,5,2026,5,"API"
34686,5,2026,6,"API"
34687,5,2026,11,"API"
34688,5,2026,12,"API"
34689,5,2026,5,"API"
34690,5,2026,8,"API"
34691,5,2026,25,"API"
34692,5,2026,25,"API"
34693,5,2026,17,"API"
34694,5,2026,3,"API"
34695,5,2026,7,"API"
34696,5,2026,10,"API"
34697,5,2026,8,"API"
34698,5,2026,3,"API"
34699,5,2026,5,"API"
34700,5,2026,26,"API"
34701,5,2026,31,"API"
34702,5,2026,27,"API"
34703,5,2026,11,"API"
34704,5,2026,4,"API"
34705,5,2026,18,"API"
34706,5,2026,15,"API"
34707,5,2026,18,"API"
34708,5,2026,14,"API"
34709,5,2026,4,"API"
34710,5,2026,25,"API"
34711,5,2026,26,"API"
34712,5,2026,21,"API"
34713,5,2026,16,"API"
34718,5,2026,7,"API"
34719,5,2026,20,"API"
34720,5,2026,17,"API"
34721,5,2026,15,"API"
34722,5,2026,17,"API"
34723,5,2026,48,"API"
34724,5,2026,55,"API"
34725,5,2026,50,"API"
34726,5,2026,9,"API"
34727,5,2026,10,"API"
34728,5,2026,11,"API"
34729,5,2026,9,"API"
34730,5,2026,4,"API"
34731,5,2026,9,"API"
34732,5,2026,8,"API"
34733,5,2026,5,"API"
34734,5,2026,9,"API"
34735,5,2026,16,"API"
34736,5,2026,27,"API"
34737,5,2026,39,"API"
34738,5,2026,40,"API"
34739,5,2026,44,"API"
34740,5,2026,39,"API"
34773,5,2026,174,"API"
34774,5,2026,262,"API"
34775,5,2026,191,"API"
34776,5,2026,113,"API"
34777,5,2026,168,"API"
34778,5,2026,126,"API"
34779,5,2026,97,"API"
34780,5,2026,140,"API"
34781,5,2026,95,"API"
34782,5,2026,150,"API"
34783,5,2026,217,"API"
34784,5,2026,155,"API"
34785,5,2026,34,"API"
34786,5,2026,53,"API"
34787,5,2026,40,"API"
34788,5,2026,24,"API"
34789,5,2026,47,"API"
34790,5,2026,71,"API"
34791,5,2026,56,"API"
34792,5,2026,33,"API"
34793,5,2026,6,"API"
34794,5,2026,9,"API"
34795,5,2026,7,"API"
34796,5,2026,4,"API"
34797,5,2026,9,"API"
34798,5,2026,13,"API"
34799,5,2026,12,"API"
34800,5,2026,6,"API"
34804,5,2026,37,"API"
34805,5,2026,52,"API"
34806,5,2026,34,"API"
34807,5,2026,66,"API"
34808,5,2026,86,"API"
34809,5,2026,55,"API"
34810,5,2026,133,"API"
34811,5,2026,177,"API"
34812,5,2026,133,"API"
34813,5,2026,0,"API"
34814,5,2026,0,"API"
34815,5,2026,0,"API"
34816,5,2026,118,"API"
34817,5,2026,156,"API"
34818,5,2026,120,"API"
34819,5,2026,0,"API"
34820,5,2026,0,"API"
34821,5,2026,0,"API"
34828,5,2026,57,"API"
34829,5,2026,85,"API"
34830,5,2026,76,"API"
34831,5,2026,43,"API"
34832,5,2026,0,"API"
34833,5,2026,0,"API"
34834,5,2026,0,"API"
34835,5,2026,0,"API"
34836,5,2026,47,"API"
34837,5,2026,65,"API"
34838,5,2026,61,"API"
34839,5,2026,35,"API"
34840,5,2026,0,"API"
34841,5,2026,0,"API"
34842,5,2026,0,"API"
34843,5,2026,0,"API"
34900,5,2026,20,"API"
34901,5,2026,30,"API"
34902,5,2026,26,"API"
34903,5,2026,13,"API"
34904,5,2026,36,"API"
34905,5,2026,55,"API"
34906,5,2026,49,"API"
34907,5,2026,22,"API"
34916,5,2026,6,"API"
34917,5,2026,7,"API"
34918,5,2026,6,"API"
34919,5,2026,14,"API"
34920,5,2026,17,"API"
34921,5,2026,13,"API"
34936,5,2026,14,"API"
34937,5,2026,28,"API"
34938,5,2026,25,"API"
34939,5,2026,19,"API"
34940,5,2026,18,"API"
34941,5,2026,48,"API"
34942,5,2026,49,"API"
34943,5,2026,40,"API"
34948,5,2026,36,"API"
34949,5,2026,44,"API"
34950,5,2026,36,"API"
34951,5,2026,18,"API"
34956,5,2026,23,"API"
34957,5,2026,33,"API"
34958,5,2026,32,"API"
34959,5,2026,15,"API"
34960,5,2026,20,"API"
34961,5,2026,40,"API"
34962,5,2026,42,"API"
34963,5,2026,33,"API"
34968,5,2026,29,"API"
34969,5,2026,42,"API"
34970,5,2026,36,"API"
34971,5,2026,20,"API"
34976,5,2026,46,"API"
34977,5,2026,69,"API"
34978,5,2026,54,"API"
34986,5,2026,22,"API"
34987,5,2026,36,"API"
34988,5,2026,23,"API"
34989,5,2026,14,"API"
34990,5,2026,37,"API"
34991,5,2026,60,"API"
34992,5,2026,43,"API"
34993,5,2026,25,"API"
34994,5,2026,22,"API"
34995,5,2026,36,"API"
34996,5,2026,38,"API"
34997,5,2026,29,"API"
34998,5,2026,35,"API"
34999,5,2026,53,"API"
35000,5,2026,54,"API"
35001,5,2026,43,"API"
35007,5,2026,43,"API"
35008,5,2026,69,"API"
35009,5,2026,40,"API"
35010,5,2026,15,"API"
35011,5,2026,24,"API"
35012,5,2026,23,"API"
35013,5,2026,16,"API"
35014,5,2026,20,"API"
35015,5,2026,38,"API"
35016,5,2026,35,"API"
35017,5,2026,22,"API"
35019,5,2026,76,"API"
35020,5,2026,115,"API"
35021,5,2026,82,"API"
35022,5,2026,89,"API"
35023,5,2026,134,"API"
35024,5,2026,107,"API"
35025,5,2026,64,"API"
35026,5,2026,96,"API"
35027,5,2026,69,"API"
35028,5,2026,73,"API"
35029,5,2026,104,"API"
35030,5,2026,75,"API"
35042,5,2026,41,"API"
35043,5,2026,51,"API"
35044,5,2026,47,"API"
35045,5,2026,34,"API"
35051,5,2026,9,"API"
35052,5,2026,14,"API"
35053,5,2026,14,"API"
35054,5,2026,7,"API"
35059,5,2026,12,"API"
35060,5,2026,24,"API"
35061,5,2026,28,"API"
35062,5,2026,22,"API"
35067,5,2026,69,"API"
35068,5,2026,108,"API"
35069,5,2026,92,"API"
35070,5,2026,57,"API"
35075,5,2026,27,"API"
35076,5,2026,36,"API"
35077,5,2026,31,"API"
35078,5,2026,17,"API"
35083,5,2026,33,"API"
35084,5,2026,75,"API"
35085,5,2026,84,"API"
35086,5,2026,65,"API"
35091,5,2026,13,"API"
35092,5,2026,22,"API"
35093,5,2026,10,"API"
35094,5,2026,6,"API"
35099,5,2026,30,"API"
35100,5,2026,42,"API"
35101,5,2026,36,"API"
35102,5,2026,25,"API"
35107,5,2026,43,"API"
35108,5,2026,57,"API"
35109,5,2026,44,"API"
35110,5,2026,24,"API"
35123,5,2026,24,"API"
35124,5,2026,37,"API"
35125,5,2026,38,"API"
35126,5,2026,24,"API"
35131,5,2026,10,"API"
35132,5,2026,39,"API"
35133,5,2026,43,"API"
35134,5,2026,31,"API"
35135,5,2026,23,"API"
35136,5,2026,27,"API"
35137,5,2026,21,"API"
35138,5,2026,13,"API"
35140,5,2026,28,"API"
35141,5,2026,34,"API"
35142,5,2026,28,"API"
35143,5,2026,19,"API"
35144,5,2026,15,"API"
35150,5,2026,14,"API"
35151,5,2026,16,"API"
35152,5,2026,11,"API"
35153,5,2026,10,"API"
35154,5,2026,7,"API"
35159,5,2026,14,"API"
35160,5,2026,10,"API"
35161,5,2026,7,"API"
35162,5,2026,5,"API"
35163,5,2026,15,"API"
35164,5,2026,9,"API"
35165,5,2026,7,"API"
35166,5,2026,31,"API"
35167,5,2026,22,"API"
35168,5,2026,14,"API"
35169,5,2026,24,"API"
35170,5,2026,19,"API"
35171,5,2026,18,"API"
35172,5,2026,42,"API"
35173,5,2026,35,"API"
35174,5,2026,28,"API"
35200,5,2026,150,"API"
35201,5,2026,221,"API"
35202,5,2026,142,"API"
35204,5,2026,133,"API"
35205,5,2026,196,"API"
35206,5,2026,135,"API"
35208,5,2026,173,"API"
35209,5,2026,255,"API"
35210,5,2026,185,"API"
35216,5,2026,144,"API"
35217,5,2026,241,"API"
35218,5,2026,190,"API"
35219,5,2026,103,"API"
35220,5,2026,162,"API"
35221,5,2026,273,"API"
35222,5,2026,218,"API"
35223,5,2026,113,"API"
35224,5,2026,190,"API"
35225,5,2026,309,"API"
35226,5,2026,253,"API"
35227,5,2026,144,"API"
35232,5,2026,43,"API"
35233,5,2026,69,"API"
35234,5,2026,69,"API"
35235,5,2026,48,"API"
35236,5,2026,59,"API"
35237,5,2026,101,"API"
35238,5,2026,97,"API"
35239,5,2026,71,"API"
35240,5,2026,37,"API"
35241,5,2026,57,"API"
35242,5,2026,61,"API"
35243,5,2026,39,"API"
35268,5,2026,77,"API"
35269,5,2026,188,"API"
35270,5,2026,221,"API"
35271,5,2026,194,"API"
35276,5,2026,62,"API"
35277,5,2026,139,"API"
35278,5,2026,167,"API"
35279,5,2026,149,"API"
35285,5,2026,103,"API"
35286,5,2026,197,"API"
35287,5,2026,205,"API"
35288,5,2026,144,"API"
35290,5,2026,116,"API"
35291,5,2026,242,"API"
35292,5,2026,257,"API"
35293,5,2026,189,"API"
35305,5,2026,114,"API"
35306,5,2026,225,"API"
35307,5,2026,268,"API"
35308,5,2026,238,"API"
35309,5,2026,169,"API"
35315,5,2026,60,"API"
35316,5,2026,124,"API"
35317,5,2026,149,"API"
35318,5,2026,133,"API"
35319,5,2026,93,"API"
35328,5,2026,186,"API"
35329,5,2026,310,"API"
35330,5,2026,250,"API"
35331,5,2026,114,"API"
35332,5,2026,144,"API"
35333,5,2026,232,"API"
35334,5,2026,189,"API"
35335,5,2026,85,"API"
35340,5,2026,148,"API"
35341,5,2026,429,"API"
35342,5,2026,441,"API"
35343,5,2026,338,"API"
35348,5,2026,114,"API"
35349,5,2026,357,"API"
35350,5,2026,369,"API"
35351,5,2026,280,"API"
35352,5,2026,106,"API"
35353,5,2026,294,"API"
35354,5,2026,283,"API"
35355,5,2026,168,"API"
35360,5,2026,124,"API"
35361,5,2026,292,"API"
35362,5,2026,289,"API"
35363,5,2026,188,"API"
35376,5,2026,127,"API"
35377,5,2026,210,"API"
35378,5,2026,197,"API"
35379,5,2026,105,"API"
35380,5,2026,85,"API"
35381,5,2026,150,"API"
35382,5,2026,133,"API"
35383,5,2026,68,"API"
35392,5,2026,107,"API"
35393,5,2026,232,"API"
35394,5,2026,216,"API"
35395,5,2026,137,"API"
35396,5,2026,90,"API"
35397,5,2026,193,"API"
35398,5,2026,180,"API"
35399,5,2026,114,"API"
35400,5,2026,23,"API"
35401,5,2026,29,"API"
35402,5,2026,23,"API"
35403,5,2026,16,"API"
35404,5,2026,33,"API"
35405,5,2026,40,"API"
35406,5,2026,33,"API"
35407,5,2026,22,"API"
35408,5,2026,10,"API"
35409,5,2026,9,"API"
35410,5,2026,8,"API"
35411,5,2026,27,"API"
35412,5,2026,21,"API"
35413,5,2026,12,"API"
35414,5,2026,29,"API"
35415,5,2026,41,"API"
35416,5,2026,33,"API"
35417,5,2026,19,"API"
35428,5,2026,100,"API"
35429,5,2026,197,"API"
35430,5,2026,166,"API"
35431,5,2026,79,"API"
35436,5,2026,121,"API"
35437,5,2026,239,"API"
35438,5,2026,196,"API"
35439,5,2026,99,"API"
35466,5,2026,9,"API"
35467,5,2026,5,"API"
35468,5,2026,3,"API"
35470,5,2026,6,"API"
35471,5,2026,21,"API"
35472,5,2026,23,"API"
35473,5,2026,11,"API"
35474,5,2026,9,"API"
35475,5,2026,7,"API"
35476,5,2026,32,"API"
35477,5,2026,29,"API"
35478,5,2026,11,"API"
35481,5,2026,24,"API"
35482,5,2026,31,"API"
35486,5,2026,38,"API"
35502,5,2026,6,"API"
35504,5,2026,10,"API"
35505,5,2026,15,"API"
35506,5,2026,8,"API"
35507,5,2026,6,"API"
35508,5,2026,18,"API"
35509,5,2026,22,"API"
35510,5,2026,13,"API"
35511,5,2026,8,"API"
35512,5,2026,14,"API"
35513,5,2026,16,"API"
35514,5,2026,9,"API"
35515,5,2026,20,"API"
35528,5,2026,2,"API"
35529,5,2026,4,"API"
35531,5,2026,9,"API"
35532,5,2026,14,"API"
35535,5,2026,15,"API"
35536,5,2026,22,"API"
35538,5,2026,15,"API"
35539,5,2026,21,"API"
35682,5,2026,17,"API"
35683,5,2026,30,"API"
35684,5,2026,28,"API"
35685,5,2026,20,"API"
35686,5,2026,13,"API"
35687,5,2026,20,"API"
35688,5,2026,35,"API"
35689,5,2026,29,"API"
35690,5,2026,20,"API"
35691,5,2026,7,"API"
35692,5,2026,14,"API"
35693,5,2026,14,"API"
35694,5,2026,11,"API"
35695,5,2026,11,"API"
35696,5,2026,18,"API"
35697,5,2026,17,"API"
35698,5,2026,10,"API"
35699,5,2026,7,"API"
35700,5,2026,13,"API"
35701,5,2026,12,"API"
35702,5,2026,10,"API"
35709,5,2026,6,"API"
35710,5,2026,15,"API"
35711,5,2026,16,"API"
35712,5,2026,14,"API"
35713,5,2026,13,"API"
35714,5,2026,21,"API"
35715,5,2026,17,"API"
35716,5,2026,10,"API"
35717,5,2026,9,"API"
35718,5,2026,14,"API"
35719,5,2026,11,"API"
35720,5,2026,7,"API"
35721,5,2026,16,"API"
35722,5,2026,23,"API"
35723,5,2026,21,"API"
35724,5,2026,14,"API"
35729,5,2026,22,"API"
35730,5,2026,35,"API"
35731,5,2026,30,"API"
35732,5,2026,19,"API"
35733,5,2026,17,"API"
35734,5,2026,26,"API"
35735,5,2026,23,"API"
35736,5,2026,11,"API"
35746,5,2026,29,"API"
35747,5,2026,47,"API"
35748,5,2026,31,"API"
35749,5,2026,21,"API"
35750,5,2026,12,"API"
35751,5,2026,20,"API"
35752,5,2026,12,"API"
35753,5,2026,9,"API"
35758,5,2026,11,"API"
35759,5,2026,20,"API"
35760,5,2026,20,"API"
35761,5,2026,14,"API"
35770,5,2026,0,"API"
35771,5,2026,0,"API"
35772,5,2026,0,"API"
35773,5,2026,0,"API"
35774,5,2026,41,"API"
35775,5,2026,71,"API"
35776,5,2026,59,"API"
35777,5,2026,25,"API"
35814,5,2026,33,"API"
35815,5,2026,52,"API"
35816,5,2026,50,"API"
35817,5,2026,28,"API"
35818,5,2026,6,"API"
35819,5,2026,19,"API"
35820,5,2026,19,"API"
35821,5,2026,16,"API"
35834,5,2026,0,"API"
35835,5,2026,0,"API"
35836,5,2026,0,"API"
35837,5,2026,0,"API"
35838,5,2026,0,"API"
35839,5,2026,0,"API"
35840,5,2026,0,"API"
35841,5,2026,0,"API"
35846,5,2026,20,"API"
35847,5,2026,26,"API"
35848,5,2026,25,"API"
35849,5,2026,14,"API"
35862,5,2026,33,"API"
35863,5,2026,38,"API"
35864,5,2026,35,"API"
35865,5,2026,16,"API"
35866,5,2026,12,"API"
35867,5,2026,14,"API"
35868,5,2026,14,"API"
35869,5,2026,6,"API"
35870,5,2026,59,"API"
35871,5,2026,71,"API"
35872,5,2026,38,"API"
35873,5,2026,62,"API"
35874,5,2026,74,"API"
35875,5,2026,41,"API"
35876,5,2026,27,"API"
35877,5,2026,50,"API"
35878,5,2026,52,"API"
35879,5,2026,39,"API"
35880,5,2026,27,"API"
35881,5,2026,46,"API"
35882,5,2026,45,"API"
35883,5,2026,36,"API"
35884,5,2026,54,"API"
35885,5,2026,79,"API"
35886,5,2026,66,"API"
35887,5,2026,50,"API"
35888,5,2026,71,"API"
35889,5,2026,59,"API"
35890,5,2026,29,"API"
35891,5,2026,47,"API"
35892,5,2026,38,"API"
35893,5,2026,29,"API"
35894,5,2026,46,"API"
35895,5,2026,35,"API"
35896,5,2026,28,"API"
35897,5,2026,47,"API"
35898,5,2026,47,"API"
35899,5,2026,33,"API"
35900,5,2026,20,"API"
35901,5,2026,33,"API"
35902,5,2026,33,"API"
35903,5,2026,27,"API"
35904,5,2026,76,"API"
35905,5,2026,103,"API"
35906,5,2026,80,"API"
35907,5,2026,31,"API"
35908,5,2026,55,"API"
35909,5,2026,77,"API"
35910,5,2026,62,"API"
35911,5,2026,22,"API"
35912,5,2026,39,"API"
35913,5,2026,46,"API"
35914,5,2026,36,"API"
35915,5,2026,20,"API"
35916,5,2026,27,"API"
35917,5,2026,34,"API"
35918,5,2026,29,"API"
35919,5,2026,18,"API"
35920,5,2026,12,"API"
35921,5,2026,7,"API"
35922,5,2026,6,"API"
35923,5,2026,4,"API"
35924,5,2026,25,"API"
35925,5,2026,17,"API"
35926,5,2026,10,"API"
35927,5,2026,7,"API"
35928,5,2026,77,"API"
35929,5,2026,96,"API"
35930,5,2026,61,"API"
35931,5,2026,30,"API"
35932,5,2026,77,"API"
35933,5,2026,93,"API"
35934,5,2026,56,"API"
35935,5,2026,27,"API"
35936,5,2026,37,"API"
35937,5,2026,40,"API"
35938,5,2026,30,"API"
35939,5,2026,17,"API"
35940,5,2026,36,"API"
35941,5,2026,40,"API"
35942,5,2026,31,"API"
35943,5,2026,17,"API"
35944,5,2026,19,"API"
35945,5,2026,14,"API"
35946,5,2026,8,"API"
35947,5,2026,27,"API"
35948,5,2026,18,"API"
35949,5,2026,10,"API"
35950,5,2026,23,"API"
35951,5,2026,27,"API"
35952,5,2026,23,"API"
35953,5,2026,11,"API"
35954,5,2026,19,"API"
35955,5,2026,23,"API"
35956,5,2026,20,"API"
35957,5,2026,11,"API"
35958,5,2026,63,"API"
35959,5,2026,103,"API"
35960,5,2026,85,"API"
35961,5,2026,55,"API"
35962,5,2026,7,"API"
35963,5,2026,11,"API"
35964,5,2026,10,"API"
35965,5,2026,6,"API"
35968,5,2026,32,"API"
35969,5,2026,40,"API"
35970,5,2026,24,"API"
35972,5,2026,27,"API"
35973,5,2026,55,"API"
35974,5,2026,60,"API"
35975,5,2026,50,"API"
35976,5,2026,3,"API"
35977,5,2026,13,"API"
35978,5,2026,15,"API"
35979,5,2026,14,"API"
35980,5,2026,21,"API"
35981,5,2026,37,"API"
35982,5,2026,34,"API"
35983,5,2026,22,"API"
35984,5,2026,16,"API"
35985,5,2026,28,"API"
35986,5,2026,27,"API"
35987,5,2026,20,"API"
35988,5,2026,23,"API"
35989,5,2026,27,"API"
35990,5,2026,24,"API"
35991,5,2026,16,"API"
35992,5,2026,33,"API"
35993,5,2026,46,"API"
35994,5,2026,42,"API"
35995,5,2026,27,"API"
35996,5,2026,42,"API"
35997,5,2026,56,"API"
35998,5,2026,40,"API"
35999,5,2026,24,"API"
36000,5,2026,7,"API"
36001,5,2026,10,"API"
36002,5,2026,8,"API"
36003,5,2026,1,"API"
36041,5,2026,34,"API"
36042,5,2026,42,"API"
36043,5,2026,36,"API"
36044,5,2026,17,"API"
36045,5,2026,25,"API"
36046,5,2026,36,"API"
36047,5,2026,33,"API"
36048,5,2026,14,"API"
36049,5,2026,9,"API"
36050,5,2026,17,"API"
36051,5,2026,17,"API"
36052,5,2026,10,"API"
36053,5,2026,36,"API"
36054,5,2026,57,"API"
36055,5,2026,32,"API"
36056,5,2026,36,"API"
36057,5,2026,56,"API"
36058,5,2026,53,"API"
36059,5,2026,30,"API"
36060,5,2026,20,"API"
36061,5,2026,26,"API"
36062,5,2026,22,"API"
36063,5,2026,14,"API"
36065,5,2026,0,"API"
36066,5,2026,44,"API"
36067,5,2026,47,"API"
36068,5,2026,0,"API"
36077,5,2026,32,"API"
36078,5,2026,61,"API"
36079,5,2026,52,"API"
36085,5,2026,0,"API"
36086,5,2026,0,"API"
36087,5,2026,0,"API"
36089,5,2026,11,"API"
36090,5,2026,20,"API"
36091,5,2026,27,"API"
36092,5,2026,12,"API"
36093,5,2026,29,"API"
36094,5,2026,13,"API"
36095,5,2026,24,"API"
36096,5,2026,20,"API"
36097,5,2026,20,"API"
36098,5,2026,29,"API"
36099,5,2026,24,"API"
36100,5,2026,12,"API"
36105,5,2026,17,"API"
36106,5,2026,31,"API"
36107,5,2026,27,"API"
36108,5,2026,18,"API"
36113,5,2026,7,"API"
36114,5,2026,14,"API"
36115,5,2026,13,"API"
36116,5,2026,10,"API"
36121,5,2026,17,"API"
36122,5,2026,22,"API"
36123,5,2026,19,"API"
36124,5,2026,9,"API"
36125,5,2026,9,"API"
36126,5,2026,10,"API"
36127,5,2026,9,"API"
36128,5,2026,4,"API"
36129,5,2026,64,"API"
36130,5,2026,87,"API"
36131,5,2026,82,"API"
36132,5,2026,61,"API"
36141,5,2026,94,"API"
36142,5,2026,131,"API"
36143,5,2026,131,"API"
36144,5,2026,90,"API"
36145,5,2026,12,"API"
36146,5,2026,16,"API"
36147,5,2026,17,"API"
36148,5,2026,7,"API"
36149,5,2026,21,"API"
36150,5,2026,27,"API"
36151,5,2026,22,"API"
36152,5,2026,10,"API"
36153,5,2026,36,"API"
36154,5,2026,42,"API"
36155,5,2026,34,"API"
36156,5,2026,8,"API"
36157,5,2026,27,"API"
36158,5,2026,32,"API"
36159,5,2026,26,"API"
36160,5,2026,7,"API"
36161,5,2026,59,"API"
36162,5,2026,75,"API"
36163,5,2026,46,"API"
36164,5,2026,52,"API"
36165,5,2026,68,"API"
36166,5,2026,44,"API"
36167,5,2026,53,"API"
36168,5,2026,36,"API"
36169,5,2026,49,"API"
36170,5,2026,33,"API"
36171,5,2026,42,"API"
36172,5,2026,27,"API"
36173,5,2026,45,"API"
36174,5,2026,49,"API"
36175,5,2026,41,"API"
36176,5,2026,26,"API"
36177,5,2026,49,"API"
36178,5,2026,52,"API"
36179,5,2026,43,"API"
36180,5,2026,25,"API"
36205,5,2026,9,"API"
36206,5,2026,21,"API"
36207,5,2026,26,"API"
36208,5,2026,20,"API"
36209,5,2026,10,"API"
36210,5,2026,30,"API"
36211,5,2026,37,"API"
36212,5,2026,29,"API"
36246,5,2026,34,"API"
36247,5,2026,39,"API"
36248,5,2026,30,"API"
36249,5,2026,10,"API"
36250,5,2026,28,"API"
36251,5,2026,31,"API"
36252,5,2026,25,"API"
36253,5,2026,10,"API"
36560,5,2026,12,"API"
36561,5,2026,14,"API"
36562,5,2026,12,"API"
36563,5,2026,8,"API"
36564,5,2026,6,"API"
36565,5,2026,18,"API"
36566,5,2026,21,"API"
36567,5,2026,17,"API"
36568,5,2026,12,"API"
36569,5,2026,8,"API"
36583,5,2026,40,"API"
36584,5,2026,63,"API"
36585,5,2026,58,"API"
36586,5,2026,42,"API"
36587,5,2026,62,"API"
36588,5,2026,87,"API"
36589,5,2026,80,"API"
36590,5,2026,57,"API"
36595,5,2026,0,"API"
36596,5,2026,0,"API"
36597,5,2026,0,"API"
36598,5,2026,0,"API"
36599,5,2026,0,"API"
36600,5,2026,0,"API"
36601,5,2026,0,"API"
36602,5,2026,0,"API"
36603,5,2026,0,"API"
36604,5,2026,9,"API"
36605,5,2026,10,"API"
36606,5,2026,16,"API"
36607,5,2026,21,"API"
36608,5,2026,16,"API"
36609,5,2026,20,"API"
36610,5,2026,12,"API"
36611,5,2026,15,"API"
36612,5,2026,15,"API"
36613,5,2026,0,"API"
36614,5,2026,0,"API"
36615,5,2026,0,"API"
36616,5,2026,0,"API"
36617,5,2026,0,"API"
36618,5,2026,0,"API"
36619,5,2026,0,"API"
36620,5,2026,0,"API"
36621,5,2026,0,"API"
36622,5,2026,0,"API"
36623,5,2026,0,"API"
36624,5,2026,0,"API"
36625,5,2026,0,"API"
36626,5,2026,0,"API"
36627,5,2026,0,"API"
36628,5,2026,0,"API"
36629,5,2026,0,"API"
36630,5,2026,0,"API"
36632,5,2026,0,"API"
36633,5,2026,0,"API"
36634,5,2026,0,"API"
36635,5,2026,0,"API"
36636,5,2026,0,"API"
36637,5,2026,0,"API"
36638,5,2026,0,"API"
36639,5,2026,7,"API"
36640,5,2026,25,"API"
36641,5,2026,13,"API"
36642,5,2026,28,"API"
36643,5,2026,15,"API"
36644,5,2026,21,"API"
36645,5,2026,15,"API"
36648,5,2026,36,"API"
36652,5,2026,5,"API"
36653,5,2026,5,"API"
36655,5,2026,16,"API"
36656,5,2026,21,"API"
36659,5,2026,25,"API"
36660,5,2026,27,"API"
36662,5,2026,21,"API"
36663,5,2026,27,"API"
36673,5,2026,56,"API"
36674,5,2026,81,"API"
36675,5,2026,74,"API"
36676,5,2026,46,"API"
36677,5,2026,36,"API"
36678,5,2026,51,"API"
36679,5,2026,47,"API"
36680,5,2026,29,"API"
36681,5,2026,20,"API"
36682,5,2026,26,"API"
36683,5,2026,24,"API"
36684,5,2026,13,"API"
36685,5,2026,32,"API"
36686,5,2026,48,"API"
36687,5,2026,41,"API"
36688,5,2026,25,"API"
36689,5,2026,50,"API"
36690,5,2026,50,"API"
36691,5,2026,36,"API"
36692,5,2026,39,"API"
36693,5,2026,62,"API"
36694,5,2026,53,"API"
36695,5,2026,27,"API"
36696,5,2026,6,"API"
36697,5,2026,11,"API"
36698,5,2026,10,"API"
36699,5,2026,8,"API"
36700,5,2026,14,"API"
36701,5,2026,19,"API"
36702,5,2026,14,"API"
36703,5,2026,5,"API"
36704,5,2026,18,"API"
36705,5,2026,35,"API"
36706,5,2026,30,"API"
36707,5,2026,9,"API"
36716,5,2026,13,"API"
36717,5,2026,35,"API"
36718,5,2026,29,"API"
36719,5,2026,8,"API"
36720,5,2026,10,"API"
36721,5,2026,19,"API"
36722,5,2026,14,"API"
36723,5,2026,6,"API"
36724,5,2026,0,"API"
36725,5,2026,0,"API"
36726,5,2026,0,"API"
36728,5,2026,8,"API"
36730,5,2026,11,"API"
36731,5,2026,9,"API"
36732,5,2026,3,"API"
36733,5,2026,3,"API"
36734,5,2026,19,"API"
36735,5,2026,15,"API"
36736,5,2026,8,"API"
36737,5,2026,2,"API"
36738,5,2026,16,"API"
36739,5,2026,15,"API"
36740,5,2026,7,"API"
36741,5,2026,14,"API"
36742,5,2026,16,"API"
36743,5,2026,27,"API"
36744,5,2026,26,"API"
36745,5,2026,18,"API"
36748,5,2026,25,"API"
36749,5,2026,33,"API"
36750,5,2026,32,"API"
36751,5,2026,21,"API"
36761,5,2026,3,"API"
36763,5,2026,4,"API"
36922,5,2026,67,"API"
36923,5,2026,62,"API"
36924,5,2026,48,"API"
36925,5,2026,10,"API"
36926,5,2026,6,"API"
36927,5,2026,4,"API"
36932,5,2026,34,"API"
36933,5,2026,32,"API"
36934,5,2026,30,"API"
36935,5,2026,24,"API"
36941,5,2026,30,"API"
36942,5,2026,32,"API"
36943,5,2026,27,"API"
36944,5,2026,21,"API"
36945,5,2026,17,"API"
36946,5,2026,12,"API"
36947,5,2026,17,"API"
36948,5,2026,18,"API"
36949,5,2026,15,"API"
36950,5,2026,9,"API"
4023,5,2026,84,"API"
4024,5,2026,126,"API"
4025,5,2026,118,"API"
4026,5,2026,131,"API"
4027,5,2026,187,"API"
4028,5,2026,167,"API"
4106,5,2026,137,"API"
4107,5,2026,258,"API"
4108,5,2026,259,"API"
4109,5,2026,153,"API"
4124,5,2026,244,"API"
4125,5,2026,461,"API"
4126,5,2026,453,"API"
4127,5,2026,277,"API"
4128,5,2026,335,"API"
4129,5,2026,655,"API"
4130,5,2026,620,"API"
4131,5,2026,336,"API"
4138,5,2026,194,"API"
4139,5,2026,356,"API"
4140,5,2026,337,"API"
4141,5,2026,186,"API"
5851,5,2026,276,"API"
5852,5,2026,491,"API"
5853,5,2026,378,"API"
5854,5,2026,92,"API"
5855,5,2026,153,"API"
5856,5,2026,115,"API"
6347,5,2026,39,"API"
6348,5,2026,79,"API"
6349,5,2026,72,"API"
6350,5,2026,33,"API"
6399,5,2026,36,"API"
6400,5,2026,101,"API"
6401,5,2026,88,"API"
6402,5,2026,44,"API"
6442,5,2026,330,"API"
6443,5,2026,1126,"API"
6444,5,2026,1167,"API"
6445,5,2026,706,"API"
6474,5,2026,242,"API"
6475,5,2026,860,"API"
6476,5,2026,929,"API"
6477,5,2026,612,"API"
6482,5,2026,103,"API"
6483,5,2026,346,"API"
6484,5,2026,353,"API"
6485,5,2026,220,"API"
6499,5,2026,200,"API"
6500,5,2026,733,"API"
6501,5,2026,795,"API"
6502,5,2026,497,"API"
6708,5,2026,30,"API"
6709,5,2026,67,"API"
6710,5,2026,91,"API"
6711,5,2026,56,"API"
6712,5,2026,0,"API"
6713,5,2026,0,"API"
6714,5,2026,0,"API"
6715,5,2026,0,"API"
6734,5,2026,122,"API"
6735,5,2026,124,"API"
6736,5,2026,63,"API"
6743,5,2026,125,"API"
6744,5,2026,265,"API"
6745,5,2026,269,"API"
6746,5,2026,179,"API"
6747,5,2026,51,"API"
6762,5,2026,0,"API"
6763,5,2026,0,"API"
6764,5,2026,0,"API"
6765,5,2026,0,"API"
6766,5,2026,65,"API"
6767,5,2026,131,"API"
6768,5,2026,132,"API"
6769,5,2026,85,"API"
6823,5,2026,143,"API"
6824,5,2026,157,"API"
6825,5,2026,115,"API"
6827,5,2026,88,"API"
6828,5,2026,102,"API"
6829,5,2026,84,"API"
6869,5,2026,401,"API"
6870,5,2026,897,"API"
6871,5,2026,909,"API"
6872,5,2026,624,"API"
6873,5,2026,58,"API"
6874,5,2026,171,"API"
6875,5,2026,184,"API"
6876,5,2026,149,"API"
7024,5,2026,53,"API"
7025,5,2026,148,"API"
7026,5,2026,146,"API"
7027,5,2026,97,"API"
7032,5,2026,0,"API"
7033,5,2026,0,"API"
7034,5,2026,0,"API"
7035,5,2026,0,"API"
7108,5,2026,123,"API"
7109,5,2026,191,"API"
7110,5,2026,190,"API"
7111,5,2026,127,"API"
8028,5,2026,58,"API"
8029,5,2026,159,"API"
8047,5,2026,189,"API"
8048,5,2026,133,"API"
8053,5,2026,179,"API"
8054,5,2026,520,"API"
8055,5,2026,606,"API"
8056,5,2026,409,"API"
8057,5,2026,116,"API"
8058,5,2026,300,"API"
8059,5,2026,361,"API"
8060,5,2026,265,"API"
8064,5,2026,104,"API"
8065,5,2026,266,"API"
8066,5,2026,321,"API"
8067,5,2026,224,"API"
8899,5,2026,27,"API"
8900,5,2026,52,"API"
8901,5,2026,42,"API"
8902,5,2026,33,"API"
8947,5,2026,39,"API"
8948,5,2026,114,"API"
8949,5,2026,131,"API"
8950,5,2026,114,"API"
9066,5,2026,51,"API"
9067,5,2026,105,"API"
9068,5,2026,97,"API"
9069,5,2026,55,"API"
9070,5,2026,44,"API"
9071,5,2026,25,"API"
9072,5,2026,33,"API"
9073,5,2026,32,"API"
9074,5,2026,25,"API"
9075,5,2026,19,"API"
9144,5,2026,54,"API"
9145,5,2026,43,"API"
9161,5,2026,117,"API"
9162,5,2026,168,"API"
9163,5,2026,140,"API"
9164,5,2026,93,"API"
9165,5,2026,39,"API"
9166,5,2026,65,"API"
9187,5,2026,39,"API"
9188,5,2026,114,"API"
9189,5,2026,72,"API"
9190,5,2026,54,"API"
9195,5,2026,29,"API"
9196,5,2026,62,"API"
9197,5,2026,51,"API"
9198,5,2026,39,"API"
9203,5,2026,41,"API"
9204,5,2026,119,"API"
9205,5,2026,77,"API"
9206,5,2026,53,"API"
9207,5,2026,83,"API"
9208,5,2026,41,"API"
9209,5,2026,15,"API"
9210,5,2026,37,"API"
9211,5,2026,38,"API"
9212,5,2026,28,"API"
9221,5,2026,28,"API"
9222,5,2026,58,"API"
9316,5,2026,30,"API"
9317,5,2026,62,"API"
9318,5,2026,44,"API"
9619,5,2026,0,"API"
9620,5,2026,0,"API"
9621,5,2026,0,"API"
9652,5,2026,0,"API"
9666,5,2026,80,"API"
9667,5,2026,164,"API"
9668,5,2026,179,"API"
9669,5,2026,133,"API"
9674,5,2026,23,"API"
9675,5,2026,70,"API"
9676,5,2026,95,"API"
9677,5,2026,51,"API"
9812,5,2026,118,"API"
9813,5,2026,177,"API"
9814,5,2026,148,"API"
9815,5,2026,0,"API"
9816,5,2026,0,"API"
9817,5,2026,0,"API"
9868,5,2026,0,"API"
9869,5,2026,0,"API"
9870,5,2026,0,"API"
9892,5,2026,201,"API"
9893,5,2026,394,"API"
9894,5,2026,327,"API"
9898,5,2026,120,"API"
9899,5,2026,198,"API"
9900,5,2026,161,"API"
9953,5,2026,0,"API"
9954,5,2026,0,"API"
9955,5,2026,0,"API"
9956,5,2026,0,"API"
9957,5,2026,94,"API"
9958,5,2026,182,"API"
9959,5,2026,207,"API"
9960,5,2026,155,"API"
9981,5,2026,51,"API"
9982,5,2026,135,"API"
9983,5,2026,152,"API"
9984,5,2026,126,"API"
10430,6,2026,103,"API"
10431,6,2026,86,"API"
10458,6,2026,45,"API"
10464,6,2026,80,"API"
10476,6,2026,103,"API"
10477,6,2026,139,"API"
10478,6,2026,114,"API"
10479,6,2026,90,"API"
10480,6,2026,88,"API"
10481,6,2026,127,"API"
10482,6,2026,107,"API"
10483,6,2026,67,"API"
10494,6,2026,99,"API"
10495,6,2026,169,"API"
10496,6,2026,153,"API"
10497,6,2026,62,"API"
10498,6,2026,99,"API"
10499,6,2026,85,"API"
10783,6,2026,17,"API"
10784,6,2026,35,"API"
10785,6,2026,31,"API"
10786,6,2026,25,"API"
10787,6,2026,44,"API"
10788,6,2026,48,"API"
13561,6,2026,54,"API"
13562,6,2026,39,"API"
13576,6,2026,85,"API"
13586,6,2026,119,"API"
13587,6,2026,112,"API"
13588,6,2026,82,"API"
13589,6,2026,66,"API"
13595,6,2026,87,"API"
16030,6,2026,20,"API"
16031,6,2026,25,"API"
16032,6,2026,23,"API"
16033,6,2026,16,"API"
16034,6,2026,18,"API"
16035,6,2026,19,"API"
16036,6,2026,19,"API"
16037,6,2026,14,"API"
16042,6,2026,70,"API"
16043,6,2026,71,"API"
16044,6,2026,39,"API"
16045,6,2026,31,"API"
16046,6,2026,95,"API"
16047,6,2026,104,"API"
16048,6,2026,52,"API"
16049,6,2026,37,"API"
16050,6,2026,40,"API"
16051,6,2026,64,"API"
16052,6,2026,40,"API"
16053,6,2026,105,"API"
16054,6,2026,119,"API"
16055,6,2026,97,"API"
16056,6,2026,30,"API"
16057,6,2026,36,"API"
16058,6,2026,30,"API"
16059,6,2026,23,"API"
16064,6,2026,37,"API"
16065,6,2026,46,"API"
16066,6,2026,34,"API"
16067,6,2026,26,"API"
16433,6,2026,90,"API"
16434,6,2026,143,"API"
16435,6,2026,100,"API"
16436,6,2026,20,"API"
16437,6,2026,347,"API"
16438,6,2026,549,"API"
16439,6,2026,332,"API"
16440,6,2026,13,"API"
16441,6,2026,408,"API"
16442,6,2026,655,"API"
16443,6,2026,381,"API"
16444,6,2026,87,"API"
16453,6,2026,148,"API"
16454,6,2026,257,"API"
16455,6,2026,158,"API"
16456,6,2026,76,"API"
16457,6,2026,384,"API"
16458,6,2026,715,"API"
16459,6,2026,483,"API"
16460,6,2026,188,"API"
16461,6,2026,486,"API"
16462,6,2026,928,"API"
16463,6,2026,589,"API"
16464,6,2026,229,"API"
16664,6,2026,38,"API"
16665,6,2026,40,"API"
16666,6,2026,28,"API"
16667,6,2026,19,"API"
16694,6,2026,11,"API"
16695,6,2026,40,"API"
16696,6,2026,43,"API"
16697,6,2026,31,"API"
16698,6,2026,12,"API"
16699,6,2026,42,"API"
16700,6,2026,67,"API"
16701,6,2026,35,"API"
16713,6,2026,254,"API"
16714,6,2026,475,"API"
16715,6,2026,437,"API"
16716,6,2026,265,"API"
16748,6,2026,37,"API"
16749,6,2026,148,"API"
16750,6,2026,124,"API"
16751,6,2026,56,"API"
16756,6,2026,59,"API"
16757,6,2026,224,"API"
16758,6,2026,208,"API"
16759,6,2026,102,"API"
16855,6,2026,259,"API"
16856,6,2026,405,"API"
16857,6,2026,237,"API"
16858,6,2026,55,"API"
16863,6,2026,34,"API"
16864,6,2026,122,"API"
16865,6,2026,107,"API"
16866,6,2026,43,"API"
16879,6,2026,280,"API"
16880,6,2026,549,"API"
16881,6,2026,344,"API"
16882,6,2026,130,"API"
16912,6,2026,26,"API"
16913,6,2026,51,"API"
16914,6,2026,44,"API"
16915,6,2026,28,"API"
16916,6,2026,9,"API"
16917,6,2026,15,"API"
16918,6,2026,14,"API"
16919,6,2026,12,"API"
16933,6,2026,66,"API"
16934,6,2026,64,"API"
16935,6,2026,35,"API"
16936,6,2026,25,"API"
16976,6,2026,26,"API"
16977,6,2026,77,"API"
16978,6,2026,65,"API"
16979,6,2026,29,"API"
17581,6,2026,54,"API"
17582,6,2026,101,"API"
17583,6,2026,90,"API"
17584,6,2026,47,"API"
17585,6,2026,58,"API"
17586,6,2026,116,"API"
17587,6,2026,94,"API"
17588,6,2026,47,"API"
17626,6,2026,85,"API"
17627,6,2026,86,"API"
17628,6,2026,57,"API"
17681,6,2026,68,"API"
17682,6,2026,140,"API"
17683,6,2026,127,"API"
17684,6,2026,155,"API"
17685,6,2026,394,"API"
17686,6,2026,373,"API"
17687,6,2026,95,"API"
17688,6,2026,252,"API"
17689,6,2026,240,"API"
17690,6,2026,162,"API"
17691,6,2026,393,"API"
17692,6,2026,363,"API"
17748,6,2026,24,"API"
17749,6,2026,44,"API"
17750,6,2026,34,"API"
17754,6,2026,25,"API"
17755,6,2026,37,"API"
17756,6,2026,40,"API"
17766,6,2026,46,"API"
17767,6,2026,58,"API"
17768,6,2026,80,"API"
17781,6,2026,50,"API"
17782,6,2026,92,"API"
17783,6,2026,84,"API"
17784,6,2026,38,"API"
17987,6,2026,12,"API"
17988,6,2026,63,"API"
17989,6,2026,66,"API"
17990,6,2026,34,"API"
18030,6,2026,25,"API"
18031,6,2026,35,"API"
18032,6,2026,36,"API"
18033,6,2026,27,"API"
18034,6,2026,46,"API"
18035,6,2026,80,"API"
18036,6,2026,78,"API"
18037,6,2026,43,"API"
18038,6,2026,28,"API"
18039,6,2026,35,"API"
18040,6,2026,31,"API"
18041,6,2026,27,"API"
18058,6,2026,108,"API"
18059,6,2026,221,"API"
18060,6,2026,265,"API"
18061,6,2026,212,"API"
18062,6,2026,140,"API"
18063,6,2026,344,"API"
18064,6,2026,414,"API"
18065,6,2026,312,"API"
18066,6,2026,77,"API"
18067,6,2026,148,"API"
18068,6,2026,184,"API"
18069,6,2026,138,"API"
18078,6,2026,79,"API"
18079,6,2026,156,"API"
18080,6,2026,168,"API"
18081,6,2026,113,"API"
18082,6,2026,254,"API"
18083,6,2026,279,"API"
18084,6,2026,69,"API"
18085,6,2026,139,"API"
18086,6,2026,148,"API"
18093,6,2026,0,"API"
18094,6,2026,52,"API"
18095,6,2026,61,"API"
18096,6,2026,46,"API"
18097,6,2026,44,"API"
18098,6,2026,100,"API"
18099,6,2026,118,"API"
18100,6,2026,103,"API"
18101,6,2026,0,"API"
18102,6,2026,0,"API"
18103,6,2026,0,"API"
18104,6,2026,0,"API"
18170,6,2026,52,"API"
18171,6,2026,115,"API"
18172,6,2026,136,"API"
18173,6,2026,112,"API"
18277,6,2026,81,"API"
18278,6,2026,203,"API"
18279,6,2026,138,"API"
18280,6,2026,238,"API"
18281,6,2026,12,"API"
18282,6,2026,22,"API"
18283,6,2026,26,"API"
18284,6,2026,18,"API"
18632,6,2026,0,"API"
18633,6,2026,0,"API"
18634,6,2026,0,"API"
18635,6,2026,0,"API"
18640,6,2026,22,"API"
18641,6,2026,46,"API"
18642,6,2026,79,"API"
18643,6,2026,43,"API"
18973,6,2026,10,"API"
18974,6,2026,19,"API"
18975,6,2026,15,"API"
18976,6,2026,11,"API"
18977,6,2026,12,"API"
18978,6,2026,16,"API"
18979,6,2026,13,"API"
18980,6,2026,7,"API"
18985,6,2026,9,"API"
18986,6,2026,16,"API"
18987,6,2026,12,"API"
18988,6,2026,8,"API"
19278,6,2026,21,"API"
19279,6,2026,36,"API"
19280,6,2026,36,"API"
19281,6,2026,20,"API"
19282,6,2026,34,"API"
19283,6,2026,75,"API"
19284,6,2026,53,"API"
19285,6,2026,34,"API"
19298,6,2026,43,"API"
19299,6,2026,119,"API"
19300,6,2026,99,"API"
19307,6,2026,47,"API"
19308,6,2026,114,"API"
19309,6,2026,89,"API"
19310,6,2026,49,"API"
19311,6,2026,101,"API"
19312,6,2026,59,"API"
19319,6,2026,39,"API"
19320,6,2026,91,"API"
19321,6,2026,46,"API"
19348,6,2026,0,"API"
19350,6,2026,0,"API"
19351,6,2026,0,"API"
19352,6,2026,0,"API"
19353,6,2026,0,"API"
19354,6,2026,0,"API"
19355,6,2026,0,"API"
19356,6,2026,0,"API"
19357,6,2026,0,"API"
19358,6,2026,0,"API"
19359,6,2026,0,"API"
19360,6,2026,0,"API"
19361,6,2026,0,"API"
19362,6,2026,17,"API"
19363,6,2026,10,"API"
19364,6,2026,8,"API"
19366,6,2026,5,"API"
19367,6,2026,35,"API"
19368,6,2026,27,"API"
19369,6,2026,13,"API"
19370,6,2026,18,"API"
19371,6,2026,8,"API"
19372,6,2026,37,"API"
19373,6,2026,53,"API"
19374,6,2026,21,"API"
19375,6,2026,42,"API"
19376,6,2026,69,"API"
19377,6,2026,44,"API"
19378,6,2026,28,"API"
19379,6,2026,19,"API"
19381,6,2026,18,"API"
19382,6,2026,132,"API"
19383,6,2026,109,"API"
19384,6,2026,68,"API"
19385,6,2026,63,"API"
19386,6,2026,23,"API"
19387,6,2026,160,"API"
19388,6,2026,183,"API"
19389,6,2026,88,"API"
19390,6,2026,155,"API"
19391,6,2026,167,"API"
19392,6,2026,11,"API"
19394,6,2026,15,"API"
19395,6,2026,27,"API"
19396,6,2026,14,"API"
19397,6,2026,12,"API"
19398,6,2026,28,"API"
19399,6,2026,45,"API"
19400,6,2026,22,"API"
19401,6,2026,9,"API"
19402,6,2026,28,"API"
19403,6,2026,47,"API"
19404,6,2026,15,"API"
19405,6,2026,29,"API"
19406,6,2026,16,"API"
19408,6,2026,40,"API"
19409,6,2026,54,"API"
19410,6,2026,33,"API"
19411,6,2026,19,"API"
19412,6,2026,84,"API"
19413,6,2026,90,"API"
19414,6,2026,38,"API"
19415,6,2026,17,"API"
19416,6,2026,66,"API"
19417,6,2026,76,"API"
19418,6,2026,29,"API"
19419,6,2026,51,"API"
19598,6,2026,9,"API"
19599,6,2026,12,"API"
19618,6,2026,83,"API"
19620,6,2026,37,"API"
19621,6,2026,40,"API"
19622,6,2026,15,"API"
19623,6,2026,23,"API"
19655,6,2026,171,"API"
19657,6,2026,96,"API"
19658,6,2026,110,"API"
21350,6,2026,20,"API"
21351,6,2026,29,"API"
21352,6,2026,26,"API"
21353,6,2026,28,"API"
21354,6,2026,45,"API"
21355,6,2026,27,"API"
21359,6,2026,18,"API"
21360,6,2026,26,"API"
21361,6,2026,12,"API"
21365,6,2026,75,"API"
21366,6,2026,127,"API"
21367,6,2026,110,"API"
21368,6,2026,77,"API"
21369,6,2026,131,"API"
21370,6,2026,103,"API"
22358,6,2026,48,"API"
22359,6,2026,109,"API"
22360,6,2026,122,"API"
22361,6,2026,103,"API"
22362,6,2026,57,"API"
22760,6,2026,0,"API"
22761,6,2026,0,"API"
22762,6,2026,0,"API"
22763,6,2026,0,"API"
22764,6,2026,0,"API"
22765,6,2026,0,"API"
22766,6,2026,0,"API"
22767,6,2026,0,"API"
22768,6,2026,0,"API"
22770,6,2026,0,"API"
22771,6,2026,0,"API"
22772,6,2026,0,"API"
22773,6,2026,0,"API"
22774,6,2026,0,"API"
22775,6,2026,0,"API"
22776,6,2026,0,"API"
22778,6,2026,0,"API"
22779,6,2026,9,"API"
22780,6,2026,0,"API"
22781,6,2026,24,"API"
22782,6,2026,24,"API"
22783,6,2026,11,"API"
22784,6,2026,0,"API"
22785,6,2026,32,"API"
22786,6,2026,27,"API"
22788,6,2026,12,"API"
22789,6,2026,29,"API"
22790,6,2026,23,"API"
22791,6,2026,0,"API"
22792,6,2026,0,"API"
22793,6,2026,16,"API"
22794,6,2026,7,"API"
23091,6,2026,90,"API"
23092,6,2026,125,"API"
23387,6,2026,17,"API"
23388,6,2026,52,"API"
23389,6,2026,54,"API"
23390,6,2026,37,"API"
23391,6,2026,8,"API"
23392,6,2026,18,"API"
23393,6,2026,19,"API"
23394,6,2026,17,"API"
24079,6,2026,0,"API"
24080,6,2026,0,"API"
24081,6,2026,0,"API"
24082,6,2026,0,"API"
24083,6,2026,0,"API"
24084,6,2026,0,"API"
24085,6,2026,0,"API"
24086,6,2026,0,"API"
24087,6,2026,0,"API"
24088,6,2026,0,"API"
24089,6,2026,0,"API"
24090,6,2026,0,"API"
24091,6,2026,0,"API"
24092,6,2026,0,"API"
24093,6,2026,0,"API"
24094,6,2026,11,"API"
24095,6,2026,11,"API"
24096,6,2026,6,"API"
24097,6,2026,19,"API"
24098,6,2026,21,"API"
24099,6,2026,9,"API"
24100,6,2026,5,"API"
24101,6,2026,24,"API"
24102,6,2026,22,"API"
24103,6,2026,7,"API"
24104,6,2026,8,"API"
24105,6,2026,19,"API"
24106,6,2026,16,"API"
24107,6,2026,14,"API"
24108,6,2026,10,"API"
24234,6,2026,47,"API"
24235,6,2026,49,"API"
24236,6,2026,42,"API"
24237,6,2026,27,"API"
25620,6,2026,153,"API"
25621,6,2026,321,"API"
25622,6,2026,222,"API"
25623,6,2026,86,"API"
25624,6,2026,145,"API"
25625,6,2026,298,"API"
25626,6,2026,209,"API"
25627,6,2026,89,"API"
25628,6,2026,109,"API"
25629,6,2026,216,"API"
25630,6,2026,155,"API"
25631,6,2026,46,"API"
25640,6,2026,109,"API"
25641,6,2026,288,"API"
25642,6,2026,245,"API"
25643,6,2026,132,"API"
25644,6,2026,126,"API"
25645,6,2026,309,"API"
25646,6,2026,250,"API"
25647,6,2026,130,"API"
25648,6,2026,97,"API"
25649,6,2026,234,"API"
25650,6,2026,187,"API"
25651,6,2026,96,"API"
25660,6,2026,190,"API"
25661,6,2026,395,"API"
25662,6,2026,250,"API"
25663,6,2026,95,"API"
25664,6,2026,106,"API"
25665,6,2026,226,"API"
25666,6,2026,140,"API"
25667,6,2026,45,"API"
25668,6,2026,153,"API"
25669,6,2026,313,"API"
25670,6,2026,193,"API"
25671,6,2026,81,"API"
25721,6,2026,15,"API"
25722,6,2026,17,"API"
25723,6,2026,16,"API"
25724,6,2026,12,"API"
25725,6,2026,14,"API"
25726,6,2026,23,"API"
25727,6,2026,20,"API"
25728,6,2026,12,"API"
25729,6,2026,12,"API"
25730,6,2026,19,"API"
25731,6,2026,17,"API"
25732,6,2026,11,"API"
25737,6,2026,23,"API"
25738,6,2026,37,"API"
25739,6,2026,28,"API"
25740,6,2026,17,"API"
25745,6,2026,16,"API"
25746,6,2026,28,"API"
25747,6,2026,23,"API"
25748,6,2026,15,"API"
25753,6,2026,31,"API"
25754,6,2026,57,"API"
25755,6,2026,36,"API"
25756,6,2026,20,"API"
25761,6,2026,23,"API"
25762,6,2026,39,"API"
25763,6,2026,31,"API"
25764,6,2026,19,"API"
25963,6,2026,25,"API"
25964,6,2026,29,"API"
25965,6,2026,25,"API"
25967,6,2026,19,"API"
25968,6,2026,17,"API"
25969,6,2026,12,"API"
25986,6,2026,24,"API"
25987,6,2026,57,"API"
25988,6,2026,52,"API"
25989,6,2026,34,"API"
25990,6,2026,13,"API"
25991,6,2026,27,"API"
25992,6,2026,15,"API"
25993,6,2026,17,"API"
26019,6,2026,5,"API"
26020,6,2026,7,"API"
26021,6,2026,6,"API"
26022,6,2026,5,"API"
26318,6,2026,16,"API"
26320,6,2026,14,"API"
27047,6,2026,89,"API"
27048,6,2026,151,"API"
27049,6,2026,112,"API"
27050,6,2026,36,"API"
27051,6,2026,91,"API"
27052,6,2026,187,"API"
27053,6,2026,121,"API"
27054,6,2026,45,"API"
27055,6,2026,65,"API"
27056,6,2026,144,"API"
27057,6,2026,112,"API"
27058,6,2026,66,"API"
27099,6,2026,38,"API"
27100,6,2026,59,"API"
27101,6,2026,33,"API"
27102,6,2026,22,"API"
27103,6,2026,13,"API"
27104,6,2026,44,"API"
27105,6,2026,71,"API"
27106,6,2026,42,"API"
27107,6,2026,34,"API"
27108,6,2026,21,"API"
27600,6,2026,28,"API"
27601,6,2026,81,"API"
27602,6,2026,49,"API"
27603,6,2026,0,"API"
27604,6,2026,0,"API"
27605,6,2026,0,"API"
27677,6,2026,0,"API"
27678,6,2026,43,"API"
27679,6,2026,49,"API"
27680,6,2026,0,"API"
27681,6,2026,0,"API"
27682,6,2026,71,"API"
27683,6,2026,73,"API"
27684,6,2026,0,"API"
27969,6,2026,55,"API"
27970,6,2026,74,"API"
27971,6,2026,55,"API"
27972,6,2026,26,"API"
27973,6,2026,32,"API"
27974,6,2026,40,"API"
27975,6,2026,27,"API"
27976,6,2026,12,"API"
27977,6,2026,65,"API"
27978,6,2026,92,"API"
27979,6,2026,78,"API"
27980,6,2026,35,"API"
28606,6,2026,38,"API"
28607,6,2026,37,"API"
28608,6,2026,24,"API"
28609,6,2026,17,"API"
28610,6,2026,11,"API"
28612,6,2026,39,"API"
28613,6,2026,38,"API"
28614,6,2026,26,"API"
28615,6,2026,19,"API"
28625,6,2026,42,"API"
28626,6,2026,140,"API"
28627,6,2026,167,"API"
28628,6,2026,120,"API"
28629,6,2026,97,"API"
28630,6,2026,178,"API"
28631,6,2026,167,"API"
28632,6,2026,101,"API"
28633,6,2026,55,"API"
28634,6,2026,132,"API"
28635,6,2026,160,"API"
28636,6,2026,124,"API"
28637,6,2026,96,"API"
28638,6,2026,258,"API"
28639,6,2026,244,"API"
28640,6,2026,145,"API"
28641,6,2026,142,"API"
28642,6,2026,532,"API"
28643,6,2026,577,"API"
28644,6,2026,371,"API"
28645,6,2026,107,"API"
28646,6,2026,216,"API"
28647,6,2026,156,"API"
28648,6,2026,47,"API"
28649,6,2026,118,"API"
28650,6,2026,241,"API"
28651,6,2026,151,"API"
28652,6,2026,63,"API"
28653,6,2026,96,"API"
28654,6,2026,219,"API"
28655,6,2026,177,"API"
28656,6,2026,97,"API"
29094,6,2026,17,"API"
29095,6,2026,26,"API"
29096,6,2026,23,"API"
29097,6,2026,15,"API"
29141,6,2026,34,"API"
29142,6,2026,26,"API"
29143,6,2026,15,"API"
29144,6,2026,11,"API"
29145,6,2026,0,"API"
29146,6,2026,0,"API"
29147,6,2026,0,"API"
29148,6,2026,9,"API"
29415,6,2026,78,"API"
29416,6,2026,74,"API"
29417,6,2026,55,"API"
29418,6,2026,51,"API"
29419,6,2026,48,"API"
29420,6,2026,48,"API"
29424,6,2026,49,"API"
29425,6,2026,39,"API"
29426,6,2026,41,"API"
29427,6,2026,64,"API"
29428,6,2026,71,"API"
29429,6,2026,52,"API"
29430,6,2026,22,"API"
29431,6,2026,16,"API"
29432,6,2026,14,"API"
29433,6,2026,32,"API"
29434,6,2026,23,"API"
29435,6,2026,19,"API"
29448,6,2026,33,"API"
29449,6,2026,23,"API"
29450,6,2026,20,"API"
29454,6,2026,37,"API"
29455,6,2026,28,"API"
29456,6,2026,22,"API"
29552,6,2026,39,"API"
29553,6,2026,0,"API"
29617,6,2026,7,"API"
29618,6,2026,11,"API"
29619,6,2026,12,"API"
29620,6,2026,11,"API"
29875,6,2026,72,"API"
29876,6,2026,71,"API"
29877,6,2026,46,"API"
29881,6,2026,35,"API"
29882,6,2026,35,"API"
29883,6,2026,29,"API"
30003,6,2026,26,"API"
30004,6,2026,25,"API"
30005,6,2026,18,"API"
30006,6,2026,15,"API"
30007,6,2026,15,"API"
30008,6,2026,12,"API"
30061,6,2026,179,"API"
30062,6,2026,243,"API"
30063,6,2026,184,"API"
30064,6,2026,108,"API"
30065,6,2026,98,"API"
30066,6,2026,129,"API"
30067,6,2026,110,"API"
30068,6,2026,73,"API"
30097,6,2026,39,"API"
30101,6,2026,59,"API"
30105,6,2026,79,"API"
30109,6,2026,41,"API"
30150,6,2026,6,"API"
30151,6,2026,7,"API"
30153,6,2026,16,"API"
30154,6,2026,22,"API"
30157,6,2026,22,"API"
30158,6,2026,31,"API"
30160,6,2026,16,"API"
30161,6,2026,28,"API"
30286,6,2026,95,"API"
30287,6,2026,133,"API"
30288,6,2026,120,"API"
30289,6,2026,74,"API"
30290,6,2026,115,"API"
30291,6,2026,110,"API"
30581,6,2026,42,"API"
30582,6,2026,72,"API"
30583,6,2026,59,"API"
30584,6,2026,30,"API"
30745,6,2026,21,"API"
30746,6,2026,33,"API"
30747,6,2026,28,"API"
30748,6,2026,20,"API"
30749,6,2026,13,"API"
30750,6,2026,24,"API"
30751,6,2026,24,"API"
30752,6,2026,16,"API"
30893,6,2026,38,"API"
30894,6,2026,44,"API"
30895,6,2026,42,"API"
30896,6,2026,31,"API"
30897,6,2026,17,"API"
30898,6,2026,19,"API"
30899,6,2026,18,"API"
30900,6,2026,15,"API"
30901,6,2026,78,"API"
30902,6,2026,83,"API"
30903,6,2026,74,"API"
30904,6,2026,41,"API"
30905,6,2026,29,"API"
30906,6,2026,0,"API"
30907,6,2026,0,"API"
30908,6,2026,0,"API"
30909,6,2026,0,"API"
30910,6,2026,15,"API"
30945,6,2026,0,"API"
30946,6,2026,0,"API"
30947,6,2026,0,"API"
30948,6,2026,0,"API"
30949,6,2026,9,"API"
31047,6,2026,49,"API"
31049,6,2026,24,"API"
31050,6,2026,83,"API"
31068,6,2026,127,"API"
31069,6,2026,41,"API"
31070,6,2026,79,"API"
31072,6,2026,77,"API"
31073,6,2026,42,"API"
31074,6,2026,56,"API"
31075,6,2026,69,"API"
31076,6,2026,40,"API"
31097,6,2026,20,"API"
31101,6,2026,28,"API"
31108,6,2026,71,"API"
31109,6,2026,34,"API"
31110,6,2026,49,"API"
31111,6,2026,42,"API"
31112,6,2026,28,"API"
31113,6,2026,32,"API"
31114,6,2026,61,"API"
31115,6,2026,51,"API"
31116,6,2026,31,"API"
31117,6,2026,26,"API"
31118,6,2026,60,"API"
31119,6,2026,63,"API"
31120,6,2026,46,"API"
31121,6,2026,103,"API"
31122,6,2026,187,"API"
31123,6,2026,156,"API"
31124,6,2026,89,"API"
31125,6,2026,49,"API"
31126,6,2026,106,"API"
31127,6,2026,105,"API"
31128,6,2026,82,"API"
31129,6,2026,49,"API"
31130,6,2026,73,"API"
31131,6,2026,46,"API"
31132,6,2026,29,"API"
31138,6,2026,17,"API"
31139,6,2026,23,"API"
31140,6,2026,19,"API"
31141,6,2026,47,"API"
31142,6,2026,75,"API"
31143,6,2026,66,"API"
31144,6,2026,32,"API"
31145,6,2026,44,"API"
31146,6,2026,39,"API"
31147,6,2026,24,"API"
31351,6,2026,95,"API"
31353,6,2026,70,"API"
31359,6,2026,28,"API"
31361,6,2026,95,"API"
31368,6,2026,13,"API"
31370,6,2026,9,"API"
31375,6,2026,31,"API"
31376,6,2026,16,"API"
31378,6,2026,9,"API"
31379,6,2026,37,"API"
31380,6,2026,67,"API"
31381,6,2026,42,"API"
31382,6,2026,31,"API"
31383,6,2026,18,"API"
31387,6,2026,17,"API"
31388,6,2026,23,"API"
31389,6,2026,60,"API"
31396,6,2026,44,"API"
31397,6,2026,9,"API"
31398,6,2026,18,"API"
31943,6,2026,12,"API"
31944,6,2026,15,"API"
31945,6,2026,12,"API"
31946,6,2026,8,"API"
32056,6,2026,10,"API"
32057,6,2026,39,"API"
32058,6,2026,44,"API"
32059,6,2026,32,"API"
32076,6,2026,12,"API"
32077,6,2026,41,"API"
32078,6,2026,48,"API"
32079,6,2026,39,"API"
32164,6,2026,36,"API"
32165,6,2026,32,"API"
32166,6,2026,28,"API"
32170,6,2026,24,"API"
32171,6,2026,20,"API"
32172,6,2026,15,"API"
32200,6,2026,30,"API"
32201,6,2026,27,"API"
32202,6,2026,19,"API"
32203,6,2026,11,"API"
32212,6,2026,40,"API"
32213,6,2026,33,"API"
32214,6,2026,26,"API"
32302,6,2026,39,"API"
32303,6,2026,85,"API"
32304,6,2026,73,"API"
32305,6,2026,35,"API"
32306,6,2026,72,"API"
32307,6,2026,157,"API"
32308,6,2026,136,"API"
32309,6,2026,74,"API"
32310,6,2026,49,"API"
32311,6,2026,118,"API"
32312,6,2026,97,"API"
32313,6,2026,44,"API"
32314,6,2026,54,"API"
32315,6,2026,118,"API"
32316,6,2026,102,"API"
32317,6,2026,51,"API"
32318,6,2026,75,"API"
32319,6,2026,166,"API"
32320,6,2026,141,"API"
32321,6,2026,71,"API"
32344,6,2026,20,"API"
32345,6,2026,33,"API"
32346,6,2026,30,"API"
32347,6,2026,20,"API"
32353,6,2026,11,"API"
32354,6,2026,19,"API"
32355,6,2026,20,"API"
32356,6,2026,15,"API"
32565,6,2026,95,"API"
32566,6,2026,240,"API"
32567,6,2026,275,"API"
32568,6,2026,215,"API"
32569,6,2026,150,"API"
32575,6,2026,61,"API"
32576,6,2026,164,"API"
32577,6,2026,194,"API"
32578,6,2026,145,"API"
32579,6,2026,101,"API"
32580,6,2026,155,"API"
32581,6,2026,372,"API"
32582,6,2026,472,"API"
32583,6,2026,387,"API"
32584,6,2026,254,"API"
32585,6,2026,42,"API"
32586,6,2026,92,"API"
32587,6,2026,105,"API"
32588,6,2026,82,"API"
32589,6,2026,47,"API"
32595,6,2026,37,"API"
32596,6,2026,90,"API"
32597,6,2026,102,"API"
32598,6,2026,93,"API"
32599,6,2026,66,"API"
32798,6,2026,13,"API"
32799,6,2026,13,"API"
32800,6,2026,8,"API"
32801,6,2026,4,"API"
32802,6,2026,4,"API"
32803,6,2026,16,"API"
32804,6,2026,20,"API"
32805,6,2026,11,"API"
32806,6,2026,11,"API"
32807,6,2026,8,"API"
32808,6,2026,19,"API"
32809,6,2026,11,"API"
32810,6,2026,7,"API"
32812,6,2026,32,"API"
32813,6,2026,18,"API"
32814,6,2026,15,"API"
32893,6,2026,14,"API"
32894,6,2026,28,"API"
32895,6,2026,23,"API"
32896,6,2026,11,"API"
32897,6,2026,18,"API"
32898,6,2026,30,"API"
32899,6,2026,28,"API"
32900,6,2026,15,"API"
32901,6,2026,79,"API"
32902,6,2026,147,"API"
32903,6,2026,133,"API"
32904,6,2026,77,"API"
32905,6,2026,63,"API"
32906,6,2026,117,"API"
32907,6,2026,108,"API"
32908,6,2026,61,"API"
32918,6,2026,11,"API"
32919,6,2026,10,"API"
32920,6,2026,8,"API"
32921,6,2026,8,"API"
32922,6,2026,8,"API"
32923,6,2026,8,"API"
32924,6,2026,5,"API"
32925,6,2026,6,"API"
32952,6,2026,33,"API"
32953,6,2026,27,"API"
32954,6,2026,23,"API"
33102,6,2026,13,"API"
33103,6,2026,28,"API"
33104,6,2026,22,"API"
33105,6,2026,15,"API"
33114,6,2026,17,"API"
33115,6,2026,24,"API"
33116,6,2026,20,"API"
33117,6,2026,17,"API"
33156,6,2026,0,"API"
33157,6,2026,31,"API"
33158,6,2026,23,"API"
33159,6,2026,0,"API"
33215,6,2026,0,"API"
33216,6,2026,58,"API"
33217,6,2026,55,"API"
33218,6,2026,0,"API"
33227,6,2026,24,"API"
33228,6,2026,31,"API"
33229,6,2026,25,"API"
33230,6,2026,13,"API"
33534,6,2026,23,"API"
33535,6,2026,16,"API"
33538,6,2026,47,"API"
33539,6,2026,33,"API"
33574,6,2026,27,"API"
33575,6,2026,25,"API"
33576,6,2026,18,"API"
33577,6,2026,49,"API"
33578,6,2026,48,"API"
33579,6,2026,35,"API"
33628,6,2026,32,"API"
33629,6,2026,37,"API"
33630,6,2026,41,"API"
33631,6,2026,27,"API"
33632,6,2026,56,"API"
33633,6,2026,66,"API"
33634,6,2026,72,"API"
33635,6,2026,47,"API"
33719,6,2026,42,"API"
33720,6,2026,23,"API"
33724,6,2026,8,"API"
33725,6,2026,18,"API"
33726,6,2026,18,"API"
33727,6,2026,8,"API"
33728,6,2026,8,"API"
33729,6,2026,20,"API"
33730,6,2026,17,"API"
33731,6,2026,9,"API"
33740,6,2026,60,"API"
33741,6,2026,101,"API"
33742,6,2026,91,"API"
33743,6,2026,48,"API"
33930,6,2026,0,"API"
33931,6,2026,0,"API"
33932,6,2026,0,"API"
33933,6,2026,6,"API"
33934,6,2026,0,"API"
33935,6,2026,0,"API"
33936,6,2026,0,"API"
33937,6,2026,14,"API"
34023,6,2026,5,"API"
34024,6,2026,15,"API"
34025,6,2026,17,"API"
34026,6,2026,12,"API"
34027,6,2026,9,"API"
34028,6,2026,19,"API"
34029,6,2026,25,"API"
34030,6,2026,19,"API"
34031,6,2026,30,"API"
34034,6,2026,20,"API"
34036,6,2026,19,"API"
34037,6,2026,22,"API"
34038,6,2026,20,"API"
34039,6,2026,9,"API"
34040,6,2026,11,"API"
34041,6,2026,18,"API"
34042,6,2026,17,"API"
34043,6,2026,11,"API"
34044,6,2026,0,"API"
34045,6,2026,0,"API"
34046,6,2026,0,"API"
34047,6,2026,8,"API"
34074,6,2026,15,"API"
34075,6,2026,26,"API"
34076,6,2026,23,"API"
34077,6,2026,11,"API"
34078,6,2026,19,"API"
34079,6,2026,27,"API"
34080,6,2026,24,"API"
34081,6,2026,15,"API"
34082,6,2026,11,"API"
34083,6,2026,15,"API"
34084,6,2026,15,"API"
34085,6,2026,10,"API"
34124,6,2026,15,"API"
34125,6,2026,21,"API"
34126,6,2026,20,"API"
34127,6,2026,13,"API"
34128,6,2026,0,"API"
34129,6,2026,0,"API"
34130,6,2026,0,"API"
34131,6,2026,7,"API"
34132,6,2026,0,"API"
34133,6,2026,0,"API"
34134,6,2026,0,"API"
34135,6,2026,6,"API"
34136,6,2026,13,"API"
34137,6,2026,20,"API"
34138,6,2026,18,"API"
34139,6,2026,15,"API"
34140,6,2026,20,"API"
34141,6,2026,25,"API"
34142,6,2026,25,"API"
34143,6,2026,18,"API"
34144,6,2026,27,"API"
34145,6,2026,20,"API"
34146,6,2026,19,"API"
34147,6,2026,145,"API"
34148,6,2026,118,"API"
34149,6,2026,41,"API"
34150,6,2026,35,"API"
34159,6,2026,22,"API"
34160,6,2026,20,"API"
34161,6,2026,18,"API"
34162,6,2026,14,"API"
34163,6,2026,28,"API"
34164,6,2026,23,"API"
34165,6,2026,18,"API"
34166,6,2026,13,"API"
34167,6,2026,15,"API"
34168,6,2026,14,"API"
34169,6,2026,8,"API"
34170,6,2026,7,"API"
34171,6,2026,58,"API"
34172,6,2026,49,"API"
34173,6,2026,41,"API"
34174,6,2026,26,"API"
34205,6,2026,28,"API"
34206,6,2026,37,"API"
34207,6,2026,35,"API"
34208,6,2026,18,"API"
34209,6,2026,16,"API"
34210,6,2026,34,"API"
34211,6,2026,26,"API"
34212,6,2026,12,"API"
34213,6,2026,15,"API"
34214,6,2026,54,"API"
34215,6,2026,48,"API"
34216,6,2026,47,"API"
34280,6,2026,114,"API"
34281,6,2026,262,"API"
34282,6,2026,192,"API"
34283,6,2026,69,"API"
34284,6,2026,102,"API"
34285,6,2026,160,"API"
34286,6,2026,107,"API"
34287,6,2026,11,"API"
34337,6,2026,20,"API"
34338,6,2026,52,"API"
34339,6,2026,52,"API"
34340,6,2026,40,"API"
34341,6,2026,22,"API"
34343,6,2026,27,"API"
34397,6,2026,31,"API"
34398,6,2026,32,"API"
34399,6,2026,35,"API"
34400,6,2026,25,"API"
34402,6,2026,0,"API"
34403,6,2026,0,"API"
34404,6,2026,0,"API"
34405,6,2026,0,"API"
34407,6,2026,0,"API"
34408,6,2026,0,"API"
34409,6,2026,0,"API"
34410,6,2026,0,"API"
34412,6,2026,42,"API"
34413,6,2026,43,"API"
34414,6,2026,35,"API"
34415,6,2026,25,"API"
34416,6,2026,18,"API"
34417,6,2026,0,"API"
34418,6,2026,0,"API"
34419,6,2026,0,"API"
34420,6,2026,0,"API"
34421,6,2026,7,"API"
34422,6,2026,0,"API"
34423,6,2026,0,"API"
34424,6,2026,0,"API"
34425,6,2026,0,"API"
34426,6,2026,7,"API"
34427,6,2026,4,"API"
34428,6,2026,6,"API"
34429,6,2026,11,"API"
34430,6,2026,12,"API"
34431,6,2026,16,"API"
34432,6,2026,14,"API"
34433,6,2026,16,"API"
34441,6,2026,23,"API"
34442,6,2026,30,"API"
34443,6,2026,26,"API"
34444,6,2026,35,"API"
34445,6,2026,44,"API"
34446,6,2026,34,"API"
34450,6,2026,15,"API"
34451,6,2026,8,"API"
34459,6,2026,18,"API"
34460,6,2026,28,"API"
34461,6,2026,25,"API"
34462,6,2026,17,"API"
34463,6,2026,9,"API"
34464,6,2026,20,"API"
34465,6,2026,19,"API"
34466,6,2026,9,"API"
34467,6,2026,13,"API"
34468,6,2026,26,"API"
34469,6,2026,23,"API"
34470,6,2026,16,"API"
34480,6,2026,4,"API"
34481,6,2026,4,"API"
34686,6,2026,6,"API"
34687,6,2026,11,"API"
34688,6,2026,12,"API"
34689,6,2026,5,"API"
34690,6,2026,7,"API"
34691,6,2026,24,"API"
34692,6,2026,24,"API"
34693,6,2026,17,"API"
34694,6,2026,2,"API"
34695,6,2026,7,"API"
34696,6,2026,10,"API"
34697,6,2026,7,"API"
34698,6,2026,2,"API"
34699,6,2026,5,"API"
34700,6,2026,25,"API"
34701,6,2026,30,"API"
34702,6,2026,27,"API"
34703,6,2026,11,"API"
34704,6,2026,4,"API"
34705,6,2026,17,"API"
34706,6,2026,14,"API"
34707,6,2026,17,"API"
34708,6,2026,13,"API"
34709,6,2026,4,"API"
34710,6,2026,24,"API"
34711,6,2026,25,"API"
34712,6,2026,21,"API"
34713,6,2026,16,"API"
34718,6,2026,7,"API"
34719,6,2026,19,"API"
34720,6,2026,17,"API"
34721,6,2026,15,"API"
34722,6,2026,17,"API"
34723,6,2026,46,"API"
34724,6,2026,53,"API"
34725,6,2026,48,"API"
34726,6,2026,8,"API"
34727,6,2026,10,"API"
34728,6,2026,11,"API"
34729,6,2026,9,"API"
34730,6,2026,4,"API"
34731,6,2026,9,"API"
34732,6,2026,7,"API"
34733,6,2026,5,"API"
34734,6,2026,7,"API"
34735,6,2026,12,"API"
34736,6,2026,20,"API"
34737,6,2026,30,"API"
34738,6,2026,30,"API"
34739,6,2026,34,"API"
34740,6,2026,29,"API"
34773,6,2026,169,"API"
34774,6,2026,254,"API"
34775,6,2026,186,"API"
34776,6,2026,109,"API"
34777,6,2026,162,"API"
34778,6,2026,122,"API"
34779,6,2026,94,"API"
34780,6,2026,136,"API"
34781,6,2026,92,"API"
34782,6,2026,145,"API"
34783,6,2026,210,"API"
34784,6,2026,150,"API"
34785,6,2026,7,"API"
34786,6,2026,11,"API"
34787,6,2026,8,"API"
34788,6,2026,5,"API"
34789,6,2026,10,"API"
34790,6,2026,14,"API"
34791,6,2026,11,"API"
34792,6,2026,7,"API"
34793,6,2026,2,"API"
34794,6,2026,2,"API"
34795,6,2026,2,"API"
34796,6,2026,1,"API"
34797,6,2026,2,"API"
34798,6,2026,3,"API"
34799,6,2026,3,"API"
34800,6,2026,2,"API"
34804,6,2026,8,"API"
34805,6,2026,10,"API"
34806,6,2026,7,"API"
34807,6,2026,13,"API"
34808,6,2026,17,"API"
34809,6,2026,11,"API"
34810,6,2026,128,"API"
34811,6,2026,172,"API"
34812,6,2026,128,"API"
34813,6,2026,98,"API"
34814,6,2026,140,"API"
34815,6,2026,104,"API"
34816,6,2026,114,"API"
34817,6,2026,152,"API"
34818,6,2026,116,"API"
34819,6,2026,0,"API"
34820,6,2026,0,"API"
34821,6,2026,0,"API"
34828,6,2026,56,"API"
34829,6,2026,83,"API"
34830,6,2026,74,"API"
34831,6,2026,41,"API"
34832,6,2026,47,"API"
34833,6,2026,67,"API"
34834,6,2026,61,"API"
34835,6,2026,35,"API"
34836,6,2026,46,"API"
34837,6,2026,63,"API"
34838,6,2026,59,"API"
34839,6,2026,34,"API"
34840,6,2026,0,"API"
34841,6,2026,0,"API"
34842,6,2026,0,"API"
34843,6,2026,0,"API"
34900,6,2026,4,"API"
34901,6,2026,6,"API"
34902,6,2026,5,"API"
34903,6,2026,3,"API"
34904,6,2026,7,"API"
34905,6,2026,11,"API"
34906,6,2026,10,"API"
34907,6,2026,5,"API"
34916,6,2026,2,"API"
34917,6,2026,2,"API"
34918,6,2026,2,"API"
34919,6,2026,3,"API"
34920,6,2026,4,"API"
34921,6,2026,3,"API"
34936,6,2026,3,"API"
34937,6,2026,6,"API"
34938,6,2026,5,"API"
34939,6,2026,4,"API"
34940,6,2026,4,"API"
34941,6,2026,10,"API"
34942,6,2026,10,"API"
34943,6,2026,8,"API"
34948,6,2026,7,"API"
34949,6,2026,9,"API"
34950,6,2026,7,"API"
34951,6,2026,4,"API"
34956,6,2026,5,"API"
34957,6,2026,7,"API"
34958,6,2026,7,"API"
34959,6,2026,3,"API"
34960,6,2026,4,"API"
34961,6,2026,8,"API"
34962,6,2026,9,"API"
34963,6,2026,7,"API"
34968,6,2026,6,"API"
34969,6,2026,9,"API"
34970,6,2026,7,"API"
34971,6,2026,4,"API"
34976,6,2026,9,"API"
34977,6,2026,14,"API"
34978,6,2026,11,"API"
34986,6,2026,5,"API"
34987,6,2026,7,"API"
34988,6,2026,5,"API"
34989,6,2026,3,"API"
34990,6,2026,8,"API"
34991,6,2026,12,"API"
34992,6,2026,9,"API"
34993,6,2026,5,"API"
34994,6,2026,5,"API"
34995,6,2026,7,"API"
34996,6,2026,8,"API"
34997,6,2026,6,"API"
34998,6,2026,7,"API"
34999,6,2026,11,"API"
35000,6,2026,11,"API"
35001,6,2026,9,"API"
35007,6,2026,9,"API"
35008,6,2026,14,"API"
35009,6,2026,8,"API"
35010,6,2026,3,"API"
35011,6,2026,5,"API"
35012,6,2026,5,"API"
35013,6,2026,4,"API"
35014,6,2026,4,"API"
35015,6,2026,8,"API"
35016,6,2026,7,"API"
35017,6,2026,5,"API"
35019,6,2026,74,"API"
35020,6,2026,112,"API"
35021,6,2026,80,"API"
35022,6,2026,86,"API"
35023,6,2026,130,"API"
35024,6,2026,104,"API"
35025,6,2026,62,"API"
35026,6,2026,93,"API"
35027,6,2026,67,"API"
35028,6,2026,70,"API"
35029,6,2026,101,"API"
35030,6,2026,73,"API"
35042,6,2026,8,"API"
35043,6,2026,10,"API"
35044,6,2026,10,"API"
35045,6,2026,7,"API"
35051,6,2026,2,"API"
35052,6,2026,3,"API"
35053,6,2026,3,"API"
35054,6,2026,2,"API"
35059,6,2026,3,"API"
35060,6,2026,5,"API"
35061,6,2026,6,"API"
35062,6,2026,5,"API"
35067,6,2026,14,"API"
35068,6,2026,21,"API"
35069,6,2026,18,"API"
35070,6,2026,12,"API"
35075,6,2026,6,"API"
35076,6,2026,7,"API"
35077,6,2026,6,"API"
35078,6,2026,4,"API"
35083,6,2026,7,"API"
35084,6,2026,15,"API"
35085,6,2026,17,"API"
35086,6,2026,13,"API"
35091,6,2026,3,"API"
35092,6,2026,5,"API"
35093,6,2026,2,"API"
35094,6,2026,2,"API"
35099,6,2026,6,"API"
35100,6,2026,9,"API"
35101,6,2026,7,"API"
35102,6,2026,5,"API"
35107,6,2026,9,"API"
35108,6,2026,11,"API"
35109,6,2026,9,"API"
35110,6,2026,5,"API"
35123,6,2026,5,"API"
35124,6,2026,8,"API"
35125,6,2026,8,"API"
35126,6,2026,5,"API"
35131,6,2026,2,"API"
35132,6,2026,8,"API"
35133,6,2026,9,"API"
35134,6,2026,6,"API"
35135,6,2026,5,"API"
35136,6,2026,6,"API"
35137,6,2026,4,"API"
35138,6,2026,3,"API"
35140,6,2026,6,"API"
35141,6,2026,7,"API"
35142,6,2026,6,"API"
35143,6,2026,4,"API"
35144,6,2026,3,"API"
35150,6,2026,3,"API"
35151,6,2026,3,"API"
35152,6,2026,3,"API"
35153,6,2026,2,"API"
35154,6,2026,2,"API"
35159,6,2026,3,"API"
35160,6,2026,2,"API"
35161,6,2026,2,"API"
35162,6,2026,1,"API"
35163,6,2026,3,"API"
35164,6,2026,2,"API"
35165,6,2026,2,"API"
35166,6,2026,6,"API"
35167,6,2026,5,"API"
35168,6,2026,3,"API"
35169,6,2026,5,"API"
35170,6,2026,4,"API"
35171,6,2026,4,"API"
35172,6,2026,9,"API"
35173,6,2026,7,"API"
35174,6,2026,6,"API"
35200,6,2026,145,"API"
35201,6,2026,215,"API"
35202,6,2026,138,"API"
35204,6,2026,129,"API"
35205,6,2026,190,"API"
35206,6,2026,131,"API"
35208,6,2026,167,"API"
35209,6,2026,247,"API"
35210,6,2026,179,"API"
35216,6,2026,139,"API"
35217,6,2026,234,"API"
35218,6,2026,184,"API"
35219,6,2026,100,"API"
35220,6,2026,157,"API"
35221,6,2026,264,"API"
35222,6,2026,211,"API"
35223,6,2026,109,"API"
35224,6,2026,184,"API"
35225,6,2026,299,"API"
35226,6,2026,245,"API"
35227,6,2026,139,"API"
35232,6,2026,41,"API"
35233,6,2026,67,"API"
35234,6,2026,67,"API"
35235,6,2026,46,"API"
35236,6,2026,57,"API"
35237,6,2026,98,"API"
35238,6,2026,94,"API"
35239,6,2026,69,"API"
35240,6,2026,36,"API"
35241,6,2026,56,"API"
35242,6,2026,59,"API"
35243,6,2026,38,"API"
35268,6,2026,75,"API"
35269,6,2026,182,"API"
35270,6,2026,215,"API"
35271,6,2026,188,"API"
35276,6,2026,60,"API"
35277,6,2026,135,"API"
35278,6,2026,162,"API"
35279,6,2026,144,"API"
35285,6,2026,99,"API"
35286,6,2026,191,"API"
35287,6,2026,199,"API"
35288,6,2026,140,"API"
35290,6,2026,113,"API"
35291,6,2026,235,"API"
35292,6,2026,249,"API"
35293,6,2026,183,"API"
35305,6,2026,110,"API"
35306,6,2026,218,"API"
35307,6,2026,259,"API"
35308,6,2026,230,"API"
35309,6,2026,164,"API"
35315,6,2026,58,"API"
35316,6,2026,120,"API"
35317,6,2026,144,"API"
35318,6,2026,129,"API"
35319,6,2026,90,"API"
35328,6,2026,181,"API"
35329,6,2026,301,"API"
35330,6,2026,242,"API"
35331,6,2026,110,"API"
35332,6,2026,140,"API"
35333,6,2026,225,"API"
35334,6,2026,183,"API"
35335,6,2026,83,"API"
35340,6,2026,143,"API"
35341,6,2026,416,"API"
35342,6,2026,428,"API"
35343,6,2026,327,"API"
35348,6,2026,110,"API"
35349,6,2026,346,"API"
35350,6,2026,358,"API"
35351,6,2026,272,"API"
35352,6,2026,103,"API"
35353,6,2026,285,"API"
35354,6,2026,274,"API"
35355,6,2026,163,"API"
35360,6,2026,120,"API"
35361,6,2026,283,"API"
35362,6,2026,280,"API"
35363,6,2026,182,"API"
35376,6,2026,123,"API"
35377,6,2026,204,"API"
35378,6,2026,191,"API"
35379,6,2026,102,"API"
35380,6,2026,83,"API"
35381,6,2026,145,"API"
35382,6,2026,129,"API"
35383,6,2026,66,"API"
35392,6,2026,104,"API"
35393,6,2026,225,"API"
35394,6,2026,210,"API"
35395,6,2026,133,"API"
35396,6,2026,87,"API"
35397,6,2026,187,"API"
35398,6,2026,175,"API"
35399,6,2026,110,"API"
35400,6,2026,5,"API"
35401,6,2026,6,"API"
35402,6,2026,5,"API"
35403,6,2026,3,"API"
35404,6,2026,7,"API"
35405,6,2026,8,"API"
35406,6,2026,7,"API"
35407,6,2026,5,"API"
35408,6,2026,2,"API"
35409,6,2026,2,"API"
35410,6,2026,2,"API"
35411,6,2026,6,"API"
35412,6,2026,4,"API"
35413,6,2026,3,"API"
35414,6,2026,6,"API"
35415,6,2026,8,"API"
35416,6,2026,7,"API"
35417,6,2026,4,"API"
35428,6,2026,97,"API"
35429,6,2026,191,"API"
35430,6,2026,161,"API"
35431,6,2026,76,"API"
35436,6,2026,118,"API"
35437,6,2026,231,"API"
35438,6,2026,190,"API"
35439,6,2026,96,"API"
35466,6,2026,8,"API"
35467,6,2026,5,"API"
35468,6,2026,3,"API"
35470,6,2026,6,"API"
35471,6,2026,21,"API"
35472,6,2026,22,"API"
35473,6,2026,11,"API"
35474,6,2026,8,"API"
35475,6,2026,7,"API"
35476,6,2026,31,"API"
35477,6,2026,28,"API"
35478,6,2026,11,"API"
35481,6,2026,23,"API"
35482,6,2026,30,"API"
35486,6,2026,37,"API"
35502,6,2026,6,"API"
35504,6,2026,10,"API"
35505,6,2026,15,"API"
35506,6,2026,7,"API"
35507,6,2026,6,"API"
35508,6,2026,17,"API"
35509,6,2026,22,"API"
35510,6,2026,12,"API"
35511,6,2026,7,"API"
35512,6,2026,13,"API"
35513,6,2026,16,"API"
35514,6,2026,9,"API"
35515,6,2026,19,"API"
35528,6,2026,2,"API"
35529,6,2026,4,"API"
35531,6,2026,9,"API"
35532,6,2026,13,"API"
35535,6,2026,15,"API"
35536,6,2026,22,"API"
35538,6,2026,14,"API"
35539,6,2026,21,"API"
35682,6,2026,4,"API"
35683,6,2026,6,"API"
35684,6,2026,6,"API"
35685,6,2026,4,"API"
35686,6,2026,3,"API"
35687,6,2026,4,"API"
35688,6,2026,7,"API"
35689,6,2026,6,"API"
35690,6,2026,4,"API"
35691,6,2026,2,"API"
35692,6,2026,3,"API"
35693,6,2026,3,"API"
35694,6,2026,3,"API"
35695,6,2026,3,"API"
35696,6,2026,4,"API"
35697,6,2026,4,"API"
35698,6,2026,2,"API"
35699,6,2026,2,"API"
35700,6,2026,3,"API"
35701,6,2026,3,"API"
35702,6,2026,2,"API"
35709,6,2026,2,"API"
35710,6,2026,3,"API"
35711,6,2026,4,"API"
35712,6,2026,3,"API"
35713,6,2026,3,"API"
35714,6,2026,4,"API"
35715,6,2026,4,"API"
35716,6,2026,2,"API"
35717,6,2026,2,"API"
35718,6,2026,3,"API"
35719,6,2026,3,"API"
35720,6,2026,2,"API"
35721,6,2026,3,"API"
35722,6,2026,5,"API"
35723,6,2026,4,"API"
35724,6,2026,3,"API"
35729,6,2026,5,"API"
35730,6,2026,7,"API"
35731,6,2026,6,"API"
35732,6,2026,4,"API"
35733,6,2026,4,"API"
35734,6,2026,5,"API"
35735,6,2026,5,"API"
35736,6,2026,3,"API"
35746,6,2026,6,"API"
35747,6,2026,10,"API"
35748,6,2026,6,"API"
35749,6,2026,5,"API"
35750,6,2026,3,"API"
35751,6,2026,4,"API"
35752,6,2026,3,"API"
35753,6,2026,2,"API"
35758,6,2026,3,"API"
35759,6,2026,4,"API"
35760,6,2026,4,"API"
35761,6,2026,3,"API"
35770,6,2026,46,"API"
35771,6,2026,80,"API"
35772,6,2026,65,"API"
35773,6,2026,30,"API"
35774,6,2026,40,"API"
35775,6,2026,69,"API"
35776,6,2026,57,"API"
35777,6,2026,24,"API"
35814,6,2026,7,"API"
35815,6,2026,10,"API"
35816,6,2026,10,"API"
35817,6,2026,6,"API"
35818,6,2026,2,"API"
35819,6,2026,4,"API"
35820,6,2026,4,"API"
35821,6,2026,4,"API"
35834,6,2026,30,"API"
35835,6,2026,51,"API"
35836,6,2026,50,"API"
35837,6,2026,31,"API"
35838,6,2026,0,"API"
35839,6,2026,0,"API"
35840,6,2026,0,"API"
35841,6,2026,0,"API"
35846,6,2026,4,"API"
35847,6,2026,5,"API"
35848,6,2026,5,"API"
35849,6,2026,3,"API"
35862,6,2026,7,"API"
35863,6,2026,8,"API"
35864,6,2026,7,"API"
35865,6,2026,3,"API"
35866,6,2026,3,"API"
35867,6,2026,3,"API"
35868,6,2026,3,"API"
35869,6,2026,2,"API"
35870,6,2026,12,"API"
35871,6,2026,14,"API"
35872,6,2026,8,"API"
35873,6,2026,12,"API"
35874,6,2026,15,"API"
35875,6,2026,8,"API"
35876,6,2026,6,"API"
35877,6,2026,10,"API"
35878,6,2026,11,"API"
35879,6,2026,8,"API"
35880,6,2026,6,"API"
35881,6,2026,9,"API"
35882,6,2026,9,"API"
35883,6,2026,7,"API"
35884,6,2026,11,"API"
35885,6,2026,16,"API"
35886,6,2026,13,"API"
35887,6,2026,10,"API"
35888,6,2026,14,"API"
35889,6,2026,12,"API"
35890,6,2026,6,"API"
35891,6,2026,10,"API"
35892,6,2026,8,"API"
35893,6,2026,6,"API"
35894,6,2026,9,"API"
35895,6,2026,7,"API"
35896,6,2026,6,"API"
35897,6,2026,10,"API"
35898,6,2026,10,"API"
35899,6,2026,7,"API"
35900,6,2026,4,"API"
35901,6,2026,7,"API"
35902,6,2026,7,"API"
35903,6,2026,6,"API"
35904,6,2026,15,"API"
35905,6,2026,20,"API"
35906,6,2026,16,"API"
35907,6,2026,6,"API"
35908,6,2026,11,"API"
35909,6,2026,15,"API"
35910,6,2026,12,"API"
35911,6,2026,5,"API"
35912,6,2026,8,"API"
35913,6,2026,9,"API"
35914,6,2026,7,"API"
35915,6,2026,4,"API"
35916,6,2026,6,"API"
35917,6,2026,7,"API"
35918,6,2026,6,"API"
35919,6,2026,4,"API"
35920,6,2026,3,"API"
35921,6,2026,2,"API"
35922,6,2026,2,"API"
35923,6,2026,1,"API"
35924,6,2026,5,"API"
35925,6,2026,4,"API"
35926,6,2026,2,"API"
35927,6,2026,2,"API"
35928,6,2026,15,"API"
35929,6,2026,19,"API"
35930,6,2026,12,"API"
35931,6,2026,6,"API"
35932,6,2026,15,"API"
35933,6,2026,18,"API"
35934,6,2026,11,"API"
35935,6,2026,6,"API"
35936,6,2026,8,"API"
35937,6,2026,8,"API"
35938,6,2026,6,"API"
35939,6,2026,4,"API"
35940,6,2026,7,"API"
35941,6,2026,8,"API"
35942,6,2026,6,"API"
35943,6,2026,4,"API"
35944,6,2026,4,"API"
35945,6,2026,3,"API"
35946,6,2026,2,"API"
35947,6,2026,6,"API"
35948,6,2026,4,"API"
35949,6,2026,2,"API"
35950,6,2026,5,"API"
35951,6,2026,6,"API"
35952,6,2026,5,"API"
35953,6,2026,3,"API"
35954,6,2026,4,"API"
35955,6,2026,5,"API"
35956,6,2026,4,"API"
35957,6,2026,3,"API"
35958,6,2026,13,"API"
35959,6,2026,20,"API"
35960,6,2026,17,"API"
35961,6,2026,11,"API"
35962,6,2026,2,"API"
35963,6,2026,3,"API"
35964,6,2026,2,"API"
35965,6,2026,2,"API"
35968,6,2026,7,"API"
35969,6,2026,8,"API"
35970,6,2026,5,"API"
35972,6,2026,6,"API"
35973,6,2026,11,"API"
35974,6,2026,12,"API"
35975,6,2026,10,"API"
35976,6,2026,1,"API"
35977,6,2026,3,"API"
35978,6,2026,3,"API"
35979,6,2026,3,"API"
35980,6,2026,5,"API"
35981,6,2026,8,"API"
35982,6,2026,7,"API"
35983,6,2026,5,"API"
35984,6,2026,3,"API"
35985,6,2026,6,"API"
35986,6,2026,6,"API"
35987,6,2026,4,"API"
35988,6,2026,5,"API"
35989,6,2026,6,"API"
35990,6,2026,5,"API"
35991,6,2026,4,"API"
35992,6,2026,7,"API"
35993,6,2026,9,"API"
35994,6,2026,9,"API"
35995,6,2026,6,"API"
35996,6,2026,9,"API"
35997,6,2026,11,"API"
35998,6,2026,8,"API"
35999,6,2026,5,"API"
36000,6,2026,2,"API"
36001,6,2026,2,"API"
36002,6,2026,2,"API"
36003,6,2026,1,"API"
36041,6,2026,7,"API"
36042,6,2026,9,"API"
36043,6,2026,7,"API"
36044,6,2026,4,"API"
36045,6,2026,5,"API"
36046,6,2026,7,"API"
36047,6,2026,7,"API"
36048,6,2026,3,"API"
36049,6,2026,2,"API"
36050,6,2026,4,"API"
36051,6,2026,4,"API"
36052,6,2026,2,"API"
36053,6,2026,7,"API"
36054,6,2026,11,"API"
36055,6,2026,7,"API"
36056,6,2026,7,"API"
36057,6,2026,11,"API"
36058,6,2026,11,"API"
36059,6,2026,6,"API"
36060,6,2026,4,"API"
36061,6,2026,5,"API"
36062,6,2026,5,"API"
36063,6,2026,3,"API"
36065,6,2026,0,"API"
36066,6,2026,43,"API"
36067,6,2026,46,"API"
36068,6,2026,0,"API"
36077,6,2026,31,"API"
36078,6,2026,59,"API"
36079,6,2026,51,"API"
36085,6,2026,0,"API"
36086,6,2026,0,"API"
36087,6,2026,0,"API"
36089,6,2026,3,"API"
36090,6,2026,4,"API"
36091,6,2026,6,"API"
36092,6,2026,3,"API"
36093,6,2026,6,"API"
36094,6,2026,3,"API"
36095,6,2026,5,"API"
36096,6,2026,4,"API"
36097,6,2026,4,"API"
36098,6,2026,6,"API"
36099,6,2026,5,"API"
36100,6,2026,3,"API"
36105,6,2026,4,"API"
36106,6,2026,6,"API"
36107,6,2026,6,"API"
36108,6,2026,4,"API"
36113,6,2026,2,"API"
36114,6,2026,3,"API"
36115,6,2026,3,"API"
36116,6,2026,2,"API"
36121,6,2026,4,"API"
36122,6,2026,5,"API"
36123,6,2026,4,"API"
36124,6,2026,2,"API"
36125,6,2026,2,"API"
36126,6,2026,2,"API"
36127,6,2026,2,"API"
36128,6,2026,1,"API"
36129,6,2026,62,"API"
36130,6,2026,85,"API"
36131,6,2026,80,"API"
36132,6,2026,59,"API"
36141,6,2026,91,"API"
36142,6,2026,127,"API"
36143,6,2026,127,"API"
36144,6,2026,87,"API"
36145,6,2026,3,"API"
36146,6,2026,4,"API"
36147,6,2026,4,"API"
36148,6,2026,2,"API"
36149,6,2026,4,"API"
36150,6,2026,6,"API"
36151,6,2026,5,"API"
36152,6,2026,2,"API"
36153,6,2026,7,"API"
36154,6,2026,9,"API"
36155,6,2026,7,"API"
36156,6,2026,2,"API"
36157,6,2026,6,"API"
36158,6,2026,7,"API"
36159,6,2026,5,"API"
36160,6,2026,2,"API"
36161,6,2026,12,"API"
36162,6,2026,15,"API"
36163,6,2026,9,"API"
36164,6,2026,10,"API"
36165,6,2026,14,"API"
36166,6,2026,9,"API"
36167,6,2026,11,"API"
36168,6,2026,7,"API"
36169,6,2026,10,"API"
36170,6,2026,7,"API"
36171,6,2026,9,"API"
36172,6,2026,6,"API"
36173,6,2026,9,"API"
36174,6,2026,10,"API"
36175,6,2026,8,"API"
36176,6,2026,5,"API"
36177,6,2026,10,"API"
36178,6,2026,10,"API"
36179,6,2026,9,"API"
36180,6,2026,5,"API"
36205,6,2026,2,"API"
36206,6,2026,5,"API"
36207,6,2026,5,"API"
36208,6,2026,4,"API"
36209,6,2026,2,"API"
36210,6,2026,6,"API"
36211,6,2026,8,"API"
36212,6,2026,6,"API"
36246,6,2026,7,"API"
36247,6,2026,8,"API"
36248,6,2026,6,"API"
36249,6,2026,2,"API"
36250,6,2026,6,"API"
36251,6,2026,6,"API"
36252,6,2026,5,"API"
36253,6,2026,2,"API"
36560,6,2026,3,"API"
36561,6,2026,3,"API"
36562,6,2026,3,"API"
36563,6,2026,2,"API"
36564,6,2026,2,"API"
36565,6,2026,4,"API"
36566,6,2026,4,"API"
36567,6,2026,4,"API"
36568,6,2026,3,"API"
36569,6,2026,2,"API"
36583,6,2026,39,"API"
36584,6,2026,61,"API"
36585,6,2026,56,"API"
36586,6,2026,41,"API"
36587,6,2026,60,"API"
36588,6,2026,85,"API"
36589,6,2026,77,"API"
36590,6,2026,56,"API"
36595,6,2026,8,"API"
36596,6,2026,9,"API"
36597,6,2026,17,"API"
36598,6,2026,18,"API"
36599,6,2026,17,"API"
36600,6,2026,21,"API"
36601,6,2026,15,"API"
36602,6,2026,17,"API"
36603,6,2026,12,"API"
36604,6,2026,8,"API"
36605,6,2026,10,"API"
36606,6,2026,16,"API"
36607,6,2026,20,"API"
36608,6,2026,16,"API"
36609,6,2026,19,"API"
36610,6,2026,12,"API"
36611,6,2026,14,"API"
36612,6,2026,15,"API"
36613,6,2026,11,"API"
36614,6,2026,8,"API"
36615,6,2026,28,"API"
36616,6,2026,18,"API"
36617,6,2026,31,"API"
36618,6,2026,17,"API"
36619,6,2026,29,"API"
36620,6,2026,17,"API"
36621,6,2026,21,"API"
36622,6,2026,0,"API"
36623,6,2026,0,"API"
36624,6,2026,0,"API"
36625,6,2026,0,"API"
36626,6,2026,0,"API"
36627,6,2026,0,"API"
36628,6,2026,0,"API"
36629,6,2026,0,"API"
36630,6,2026,0,"API"
36632,6,2026,7,"API"
36633,6,2026,28,"API"
36634,6,2026,10,"API"
36635,6,2026,28,"API"
36636,6,2026,11,"API"
36637,6,2026,24,"API"
36638,6,2026,11,"API"
36639,6,2026,7,"API"
36640,6,2026,24,"API"
36641,6,2026,12,"API"
36642,6,2026,27,"API"
36643,6,2026,14,"API"
36644,6,2026,21,"API"
36645,6,2026,14,"API"
36648,6,2026,7,"API"
36652,6,2026,5,"API"
36653,6,2026,5,"API"
36655,6,2026,16,"API"
36656,6,2026,21,"API"
36659,6,2026,24,"API"
36660,6,2026,26,"API"
36662,6,2026,21,"API"
36663,6,2026,27,"API"
36673,6,2026,55,"API"
36674,6,2026,79,"API"
36675,6,2026,71,"API"
36676,6,2026,45,"API"
36677,6,2026,35,"API"
36678,6,2026,50,"API"
36679,6,2026,46,"API"
36680,6,2026,28,"API"
36681,6,2026,4,"API"
36682,6,2026,5,"API"
36683,6,2026,5,"API"
36684,6,2026,3,"API"
36685,6,2026,7,"API"
36686,6,2026,10,"API"
36687,6,2026,8,"API"
36688,6,2026,5,"API"
36689,6,2026,10,"API"
36690,6,2026,10,"API"
36691,6,2026,7,"API"
36692,6,2026,8,"API"
36693,6,2026,12,"API"
36694,6,2026,11,"API"
36695,6,2026,6,"API"
36696,6,2026,2,"API"
36697,6,2026,3,"API"
36698,6,2026,2,"API"
36699,6,2026,2,"API"
36700,6,2026,3,"API"
36701,6,2026,4,"API"
36702,6,2026,3,"API"
36703,6,2026,1,"API"
36704,6,2026,14,"API"
36705,6,2026,27,"API"
36706,6,2026,23,"API"
36707,6,2026,7,"API"
36716,6,2026,10,"API"
36717,6,2026,27,"API"
36718,6,2026,22,"API"
36719,6,2026,6,"API"
36720,6,2026,2,"API"
36721,6,2026,4,"API"
36722,6,2026,3,"API"
36723,6,2026,2,"API"
36724,6,2026,0,"API"
36725,6,2026,0,"API"
36726,6,2026,0,"API"
36728,6,2026,7,"API"
36730,6,2026,11,"API"
36731,6,2026,8,"API"
36732,6,2026,3,"API"
36733,6,2026,2,"API"
36734,6,2026,18,"API"
36735,6,2026,15,"API"
36736,6,2026,7,"API"
36737,6,2026,2,"API"
36738,6,2026,16,"API"
36739,6,2026,14,"API"
36740,6,2026,7,"API"
36741,6,2026,13,"API"
36742,6,2026,16,"API"
36743,6,2026,26,"API"
36744,6,2026,25,"API"
36745,6,2026,17,"API"
36748,6,2026,24,"API"
36749,6,2026,32,"API"
36750,6,2026,31,"API"
36751,6,2026,20,"API"
36761,6,2026,1,"API"
36763,6,2026,1,"API"
36922,6,2026,65,"API"
36923,6,2026,60,"API"
36924,6,2026,46,"API"
36925,6,2026,10,"API"
36926,6,2026,6,"API"
36927,6,2026,4,"API"
36932,6,2026,33,"API"
36933,6,2026,31,"API"
36934,6,2026,29,"API"
36935,6,2026,23,"API"
36941,6,2026,29,"API"
36942,6,2026,31,"API"
36943,6,2026,27,"API"
36944,6,2026,21,"API"
36945,6,2026,17,"API"
36946,6,2026,12,"API"
36947,6,2026,17,"API"
36948,6,2026,17,"API"
36949,6,2026,14,"API"
36950,6,2026,8,"API"
4023,6,2026,64,"API"
4024,6,2026,95,"API"
4025,6,2026,89,"API"
4026,6,2026,99,"API"
4027,6,2026,141,"API"
4028,6,2026,126,"API"
4106,6,2026,104,"API"
4107,6,2026,195,"API"
4108,6,2026,195,"API"
4109,6,2026,116,"API"
4124,6,2026,184,"API"
4125,6,2026,348,"API"
4126,6,2026,342,"API"
4127,6,2026,209,"API"
4128,6,2026,253,"API"
4129,6,2026,495,"API"
4130,6,2026,468,"API"
4131,6,2026,253,"API"
4138,6,2026,146,"API"
4139,6,2026,269,"API"
4140,6,2026,254,"API"
4141,6,2026,141,"API"
5851,6,2026,209,"API"
5852,6,2026,371,"API"
5853,6,2026,285,"API"
5854,6,2026,69,"API"
5855,6,2026,115,"API"
5856,6,2026,87,"API"
6347,6,2026,29,"API"
6348,6,2026,60,"API"
6349,6,2026,55,"API"
6350,6,2026,25,"API"
6399,6,2026,27,"API"
6400,6,2026,76,"API"
6401,6,2026,67,"API"
6402,6,2026,33,"API"
6442,6,2026,249,"API"
6443,6,2026,850,"API"
6444,6,2026,881,"API"
6445,6,2026,533,"API"
6474,6,2026,183,"API"
6475,6,2026,649,"API"
6476,6,2026,702,"API"
6477,6,2026,462,"API"
6482,6,2026,77,"API"
6483,6,2026,261,"API"
6484,6,2026,267,"API"
6485,6,2026,166,"API"
6499,6,2026,151,"API"
6500,6,2026,553,"API"
6501,6,2026,600,"API"
6502,6,2026,375,"API"
6708,6,2026,23,"API"
6709,6,2026,51,"API"
6710,6,2026,68,"API"
6711,6,2026,42,"API"
6712,6,2026,0,"API"
6713,6,2026,0,"API"
6714,6,2026,0,"API"
6715,6,2026,0,"API"
6734,6,2026,92,"API"
6735,6,2026,94,"API"
6736,6,2026,48,"API"
6743,6,2026,95,"API"
6744,6,2026,200,"API"
6745,6,2026,203,"API"
6746,6,2026,135,"API"
6747,6,2026,38,"API"
6762,6,2026,0,"API"
6763,6,2026,0,"API"
6764,6,2026,0,"API"
6765,6,2026,0,"API"
6766,6,2026,49,"API"
6767,6,2026,99,"API"
6768,6,2026,100,"API"
6769,6,2026,64,"API"
6823,6,2026,108,"API"
6824,6,2026,119,"API"
6825,6,2026,87,"API"
6827,6,2026,67,"API"
6828,6,2026,77,"API"
6829,6,2026,64,"API"
6869,6,2026,303,"API"
6870,6,2026,677,"API"
6871,6,2026,686,"API"
6872,6,2026,471,"API"
6873,6,2026,44,"API"
6874,6,2026,129,"API"
6875,6,2026,139,"API"
6876,6,2026,112,"API"
7024,6,2026,40,"API"
7025,6,2026,112,"API"
7026,6,2026,110,"API"
7027,6,2026,73,"API"
7032,6,2026,0,"API"
7033,6,2026,0,"API"
7034,6,2026,0,"API"
7035,6,2026,0,"API"
7108,6,2026,93,"API"
7109,6,2026,144,"API"
7110,6,2026,144,"API"
7111,6,2026,96,"API"
8028,6,2026,44,"API"
8029,6,2026,120,"API"
8047,6,2026,143,"API"
8048,6,2026,101,"API"
8053,6,2026,135,"API"
8054,6,2026,392,"API"
8055,6,2026,457,"API"
8056,6,2026,309,"API"
8057,6,2026,88,"API"
8058,6,2026,226,"API"
8059,6,2026,273,"API"
8060,6,2026,200,"API"
8064,6,2026,78,"API"
8065,6,2026,201,"API"
8066,6,2026,242,"API"
8067,6,2026,169,"API"
8899,6,2026,20,"API"
8900,6,2026,39,"API"
8901,6,2026,31,"API"
8902,6,2026,25,"API"
8947,6,2026,30,"API"
8948,6,2026,86,"API"
8949,6,2026,99,"API"
8950,6,2026,86,"API"
9066,6,2026,38,"API"
9067,6,2026,79,"API"
9068,6,2026,73,"API"
9069,6,2026,42,"API"
9070,6,2026,33,"API"
9071,6,2026,19,"API"
9072,6,2026,25,"API"
9073,6,2026,24,"API"
9074,6,2026,19,"API"
9075,6,2026,14,"API"
9144,6,2026,41,"API"
9145,6,2026,32,"API"
9161,6,2026,88,"API"
9162,6,2026,127,"API"
9163,6,2026,106,"API"
9164,6,2026,70,"API"
9165,6,2026,30,"API"
9166,6,2026,49,"API"
9187,6,2026,30,"API"
9188,6,2026,86,"API"
9189,6,2026,54,"API"
9190,6,2026,40,"API"
9195,6,2026,22,"API"
9196,6,2026,47,"API"
9197,6,2026,38,"API"
9198,6,2026,30,"API"
9203,6,2026,31,"API"
9204,6,2026,90,"API"
9205,6,2026,58,"API"
9206,6,2026,40,"API"
9207,6,2026,62,"API"
9208,6,2026,31,"API"
9209,6,2026,11,"API"
9210,6,2026,28,"API"
9211,6,2026,28,"API"
9212,6,2026,21,"API"
9221,6,2026,21,"API"
9222,6,2026,44,"API"
9316,6,2026,22,"API"
9317,6,2026,47,"API"
9318,6,2026,33,"API"
9619,6,2026,79,"API"
9620,6,2026,82,"API"
9621,6,2026,56,"API"
9652,6,2026,30,"API"
9666,6,2026,61,"API"
9667,6,2026,124,"API"
9668,6,2026,135,"API"
9669,6,2026,101,"API"
9674,6,2026,17,"API"
9675,6,2026,53,"API"
9676,6,2026,72,"API"
9677,6,2026,39,"API"
9812,6,2026,89,"API"
9813,6,2026,134,"API"
9814,6,2026,112,"API"
9815,6,2026,67,"API"
9816,6,2026,92,"API"
9817,6,2026,75,"API"
9868,6,2026,128,"API"
9869,6,2026,229,"API"
9870,6,2026,177,"API"
9892,6,2026,152,"API"
9893,6,2026,298,"API"
9894,6,2026,247,"API"
9898,6,2026,90,"API"
9899,6,2026,149,"API"
9900,6,2026,121,"API"
9953,6,2026,68,"API"
9954,6,2026,124,"API"
9955,6,2026,144,"API"
9956,6,2026,103,"API"
9957,6,2026,71,"API"
9958,6,2026,137,"API"
9959,6,2026,157,"API"
9960,6,2026,117,"API"
9981,6,2026,38,"API"
9982,6,2026,102,"API"
9983,6,2026,115,"API"
9984,6,2026,95,"API"
10430,7,2026,121,"API"
10431,7,2026,96,"API"
10458,7,2026,58,"API"
10464,7,2026,93,"API"
10476,7,2026,129,"API"
10477,7,2026,184,"API"
10478,7,2026,147,"API"
10479,7,2026,129,"API"
10480,7,2026,92,"API"
10481,7,2026,131,"API"
10482,7,2026,96,"API"
10483,7,2026,55,"API"
10494,7,2026,80,"API"
10495,7,2026,132,"API"
10496,7,2026,94,"API"
10497,7,2026,59,"API"
10498,7,2026,95,"API"
10499,7,2026,73,"API"
10783,7,2026,17,"API"
10784,7,2026,34,"API"
10785,7,2026,35,"API"
10786,7,2026,27,"API"
10787,7,2026,46,"API"
10788,7,2026,48,"API"
13561,7,2026,55,"API"
13562,7,2026,39,"API"
13576,7,2026,74,"API"
13586,7,2026,112,"API"
13587,7,2026,113,"API"
13588,7,2026,65,"API"
13589,7,2026,50,"API"
13595,7,2026,78,"API"
16030,7,2026,25,"API"
16031,7,2026,37,"API"
16032,7,2026,34,"API"
16033,7,2026,23,"API"
16034,7,2026,21,"API"
16035,7,2026,25,"API"
16036,7,2026,19,"API"
16037,7,2026,16,"API"
16042,7,2026,50,"API"
16043,7,2026,56,"API"
16044,7,2026,38,"API"
16045,7,2026,26,"API"
16046,7,2026,81,"API"
16047,7,2026,87,"API"
16048,7,2026,59,"API"
16049,7,2026,35,"API"
16050,7,2026,39,"API"
16051,7,2026,55,"API"
16052,7,2026,41,"API"
16053,7,2026,89,"API"
16054,7,2026,120,"API"
16055,7,2026,89,"API"
16056,7,2026,31,"API"
16057,7,2026,39,"API"
16058,7,2026,29,"API"
16059,7,2026,23,"API"
16064,7,2026,44,"API"
16065,7,2026,49,"API"
16066,7,2026,28,"API"
16067,7,2026,23,"API"
16433,7,2026,117,"API"
16434,7,2026,174,"API"
16435,7,2026,97,"API"
16436,7,2026,37,"API"
16437,7,2026,308,"API"
16438,7,2026,473,"API"
16439,7,2026,267,"API"
16440,7,2026,87,"API"
16441,7,2026,355,"API"
16442,7,2026,536,"API"
16443,7,2026,275,"API"
16444,7,2026,87,"API"
16453,7,2026,122,"API"
16454,7,2026,210,"API"
16455,7,2026,119,"API"
16456,7,2026,38,"API"
16457,7,2026,352,"API"
16458,7,2026,607,"API"
16459,7,2026,399,"API"
16460,7,2026,129,"API"
16461,7,2026,439,"API"
16462,7,2026,791,"API"
16463,7,2026,469,"API"
16464,7,2026,125,"API"
16664,7,2026,35,"API"
16665,7,2026,31,"API"
16666,7,2026,24,"API"
16667,7,2026,17,"API"
16694,7,2026,11,"API"
16695,7,2026,44,"API"
16696,7,2026,46,"API"
16697,7,2026,31,"API"
16698,7,2026,12,"API"
16699,7,2026,49,"API"
16700,7,2026,55,"API"
16701,7,2026,37,"API"
16713,7,2026,253,"API"
16714,7,2026,476,"API"
16715,7,2026,431,"API"
16716,7,2026,224,"API"
16748,7,2026,48,"API"
16749,7,2026,127,"API"
16750,7,2026,117,"API"
16751,7,2026,65,"API"
16756,7,2026,81,"API"
16757,7,2026,222,"API"
16758,7,2026,194,"API"
16759,7,2026,88,"API"
16855,7,2026,208,"API"
16856,7,2026,313,"API"
16857,7,2026,163,"API"
16858,7,2026,52,"API"
16863,7,2026,45,"API"
16864,7,2026,125,"API"
16865,7,2026,112,"API"
16866,7,2026,53,"API"
16879,7,2026,255,"API"
16880,7,2026,467,"API"
16881,7,2026,285,"API"
16882,7,2026,74,"API"
16912,7,2026,38,"API"
16913,7,2026,64,"API"
16914,7,2026,53,"API"
16915,7,2026,28,"API"
16916,7,2026,17,"API"
16917,7,2026,30,"API"
16918,7,2026,31,"API"
16919,7,2026,12,"API"
16933,7,2026,43,"API"
16934,7,2026,40,"API"
16935,7,2026,29,"API"
16936,7,2026,22,"API"
16976,7,2026,28,"API"
16977,7,2026,73,"API"
16978,7,2026,65,"API"
16979,7,2026,30,"API"
17581,7,2026,66,"API"
17582,7,2026,130,"API"
17583,7,2026,96,"API"
17584,7,2026,45,"API"
17585,7,2026,46,"API"
17586,7,2026,99,"API"
17587,7,2026,70,"API"
17588,7,2026,33,"API"
17626,7,2026,95,"API"
17627,7,2026,94,"API"
17628,7,2026,79,"API"
17681,7,2026,49,"API"
17682,7,2026,130,"API"
17683,7,2026,123,"API"
17684,7,2026,129,"API"
17685,7,2026,407,"API"
17686,7,2026,387,"API"
17687,7,2026,81,"API"
17688,7,2026,241,"API"
17689,7,2026,216,"API"
17690,7,2026,149,"API"
17691,7,2026,408,"API"
17692,7,2026,352,"API"
17748,7,2026,46,"API"
17749,7,2026,74,"API"
17750,7,2026,64,"API"
17754,7,2026,49,"API"
17755,7,2026,81,"API"
17756,7,2026,53,"API"
17766,7,2026,23,"API"
17767,7,2026,32,"API"
17768,7,2026,24,"API"
17781,7,2026,44,"API"
17782,7,2026,92,"API"
17783,7,2026,62,"API"
17784,7,2026,29,"API"
17987,7,2026,11,"API"
17988,7,2026,50,"API"
17989,7,2026,55,"API"
17990,7,2026,37,"API"
18030,7,2026,26,"API"
18031,7,2026,44,"API"
18032,7,2026,48,"API"
18033,7,2026,32,"API"
18034,7,2026,53,"API"
18035,7,2026,84,"API"
18036,7,2026,80,"API"
18037,7,2026,57,"API"
18038,7,2026,25,"API"
18039,7,2026,36,"API"
18040,7,2026,38,"API"
18041,7,2026,26,"API"
18058,7,2026,94,"API"
18059,7,2026,226,"API"
18060,7,2026,263,"API"
18061,7,2026,207,"API"
18062,7,2026,146,"API"
18063,7,2026,369,"API"
18064,7,2026,435,"API"
18065,7,2026,314,"API"
18066,7,2026,70,"API"
18067,7,2026,146,"API"
18068,7,2026,177,"API"
18069,7,2026,126,"API"
18078,7,2026,62,"API"
18079,7,2026,140,"API"
18080,7,2026,133,"API"
18081,7,2026,111,"API"
18082,7,2026,266,"API"
18083,7,2026,259,"API"
18084,7,2026,66,"API"
18085,7,2026,142,"API"
18086,7,2026,137,"API"
18093,7,2026,10,"API"
18094,7,2026,28,"API"
18095,7,2026,30,"API"
18096,7,2026,27,"API"
18097,7,2026,29,"API"
18098,7,2026,71,"API"
18099,7,2026,76,"API"
18100,7,2026,66,"API"
18101,7,2026,14,"API"
18102,7,2026,32,"API"
18103,7,2026,26,"API"
18104,7,2026,20,"API"
18170,7,2026,48,"API"
18171,7,2026,107,"API"
18172,7,2026,121,"API"
18173,7,2026,98,"API"
18277,7,2026,69,"API"
18278,7,2026,197,"API"
18279,7,2026,117,"API"
18280,7,2026,216,"API"
18281,7,2026,15,"API"
18282,7,2026,28,"API"
18283,7,2026,24,"API"
18284,7,2026,14,"API"
18632,7,2026,17,"API"
18633,7,2026,31,"API"
18634,7,2026,34,"API"
18635,7,2026,25,"API"
18640,7,2026,27,"API"
18641,7,2026,70,"API"
18642,7,2026,76,"API"
18643,7,2026,52,"API"
18973,7,2026,15,"API"
18974,7,2026,20,"API"
18975,7,2026,16,"API"
18976,7,2026,11,"API"
18977,7,2026,14,"API"
18978,7,2026,21,"API"
18979,7,2026,18,"API"
18980,7,2026,11,"API"
18985,7,2026,14,"API"
18986,7,2026,19,"API"
18987,7,2026,17,"API"
18988,7,2026,10,"API"
19278,7,2026,21,"API"
19279,7,2026,35,"API"
19280,7,2026,38,"API"
19281,7,2026,26,"API"
19282,7,2026,38,"API"
19283,7,2026,61,"API"
19284,7,2026,65,"API"
19285,7,2026,34,"API"
19298,7,2026,62,"API"
19299,7,2026,117,"API"
19300,7,2026,82,"API"
19307,7,2026,56,"API"
19308,7,2026,125,"API"
19309,7,2026,69,"API"
19310,7,2026,43,"API"
19311,7,2026,77,"API"
19312,7,2026,42,"API"
19319,7,2026,33,"API"
19320,7,2026,57,"API"
19321,7,2026,35,"API"
19348,7,2026,5,"API"
19350,7,2026,7,"API"
19351,7,2026,13,"API"
19352,7,2026,6,"API"
19353,7,2026,8,"API"
19354,7,2026,12,"API"
19355,7,2026,13,"API"
19356,7,2026,9,"API"
19357,7,2026,6,"API"
19358,7,2026,11,"API"
19359,7,2026,14,"API"
19360,7,2026,5,"API"
19361,7,2026,8,"API"
19362,7,2026,11,"API"
19363,7,2026,10,"API"
19364,7,2026,8,"API"
19366,7,2026,8,"API"
19367,7,2026,31,"API"
19368,7,2026,37,"API"
19369,7,2026,25,"API"
19370,7,2026,18,"API"
19371,7,2026,9,"API"
19372,7,2026,46,"API"
19373,7,2026,62,"API"
19374,7,2026,31,"API"
19375,7,2026,43,"API"
19376,7,2026,63,"API"
19377,7,2026,45,"API"
19378,7,2026,38,"API"
19379,7,2026,15,"API"
19381,7,2026,27,"API"
19382,7,2026,150,"API"
19383,7,2026,123,"API"
19384,7,2026,68,"API"
19385,7,2026,59,"API"
19386,7,2026,27,"API"
19387,7,2026,177,"API"
19388,7,2026,215,"API"
19389,7,2026,89,"API"
19390,7,2026,167,"API"
19391,7,2026,179,"API"
19392,7,2026,6,"API"
19394,7,2026,13,"API"
19395,7,2026,21,"API"
19396,7,2026,13,"API"
19397,7,2026,11,"API"
19398,7,2026,28,"API"
19399,7,2026,40,"API"
19400,7,2026,19,"API"
19401,7,2026,13,"API"
19402,7,2026,28,"API"
19403,7,2026,31,"API"
19404,7,2026,16,"API"
19405,7,2026,17,"API"
19406,7,2026,16,"API"
19408,7,2026,34,"API"
19409,7,2026,53,"API"
19410,7,2026,32,"API"
19411,7,2026,22,"API"
19412,7,2026,69,"API"
19413,7,2026,94,"API"
19414,7,2026,35,"API"
19415,7,2026,21,"API"
19416,7,2026,63,"API"
19417,7,2026,62,"API"
19418,7,2026,23,"API"
19419,7,2026,32,"API"
19598,7,2026,10,"API"
19599,7,2026,14,"API"
19618,7,2026,69,"API"
19620,7,2026,27,"API"
19621,7,2026,29,"API"
19622,7,2026,12,"API"
19623,7,2026,20,"API"
19655,7,2026,149,"API"
19657,7,2026,81,"API"
19658,7,2026,89,"API"
21350,7,2026,22,"API"
21351,7,2026,34,"API"
21352,7,2026,12,"API"
21353,7,2026,31,"API"
21354,7,2026,41,"API"
21355,7,2026,24,"API"
21359,7,2026,26,"API"
21360,7,2026,30,"API"
21361,7,2026,15,"API"
21365,7,2026,49,"API"
21366,7,2026,97,"API"
21367,7,2026,78,"API"
21368,7,2026,64,"API"
21369,7,2026,113,"API"
21370,7,2026,101,"API"
22358,7,2026,58,"API"
22359,7,2026,113,"API"
22360,7,2026,130,"API"
22361,7,2026,94,"API"
22362,7,2026,68,"API"
22760,7,2026,8,"API"
22761,7,2026,5,"API"
22762,7,2026,1,"API"
22763,7,2026,13,"API"
22764,7,2026,14,"API"
22765,7,2026,7,"API"
22766,7,2026,3,"API"
22767,7,2026,14,"API"
22768,7,2026,16,"API"
22770,7,2026,7,"API"
22771,7,2026,12,"API"
22772,7,2026,19,"API"
22773,7,2026,3,"API"
22774,7,2026,4,"API"
22775,7,2026,7,"API"
22776,7,2026,4,"API"
22778,7,2026,10,"API"
22779,7,2026,11,"API"
22780,7,2026,4,"API"
22781,7,2026,24,"API"
22782,7,2026,30,"API"
22783,7,2026,12,"API"
22784,7,2026,10,"API"
22785,7,2026,25,"API"
22786,7,2026,34,"API"
22788,7,2026,15,"API"
22789,7,2026,24,"API"
22790,7,2026,23,"API"
22791,7,2026,5,"API"
22792,7,2026,9,"API"
22793,7,2026,12,"API"
22794,7,2026,9,"API"
23091,7,2026,96,"API"
23092,7,2026,141,"API"
23387,7,2026,29,"API"
23388,7,2026,61,"API"
23389,7,2026,65,"API"
23390,7,2026,50,"API"
23391,7,2026,12,"API"
23392,7,2026,24,"API"
23393,7,2026,28,"API"
23394,7,2026,22,"API"
24079,7,2026,8,"API"
24080,7,2026,6,"API"
24081,7,2026,5,"API"
24082,7,2026,13,"API"
24083,7,2026,13,"API"
24084,7,2026,5,"API"
24085,7,2026,4,"API"
24086,7,2026,16,"API"
24087,7,2026,16,"API"
24088,7,2026,4,"API"
24089,7,2026,5,"API"
24090,7,2026,9,"API"
24091,7,2026,8,"API"
24092,7,2026,5,"API"
24093,7,2026,7,"API"
24094,7,2026,13,"API"
24095,7,2026,10,"API"
24096,7,2026,8,"API"
24097,7,2026,19,"API"
24098,7,2026,19,"API"
24099,7,2026,10,"API"
24100,7,2026,6,"API"
24101,7,2026,24,"API"
24102,7,2026,23,"API"
24103,7,2026,6,"API"
24104,7,2026,5,"API"
24105,7,2026,15,"API"
24106,7,2026,12,"API"
24107,7,2026,12,"API"
24108,7,2026,13,"API"
24234,7,2026,68,"API"
24235,7,2026,69,"API"
24236,7,2026,59,"API"
24237,7,2026,36,"API"
25620,7,2026,140,"API"
25621,7,2026,323,"API"
25622,7,2026,175,"API"
25623,7,2026,61,"API"
25624,7,2026,122,"API"
25625,7,2026,279,"API"
25626,7,2026,161,"API"
25627,7,2026,61,"API"
25628,7,2026,78,"API"
25629,7,2026,165,"API"
25630,7,2026,103,"API"
25631,7,2026,46,"API"
25640,7,2026,125,"API"
25641,7,2026,322,"API"
25642,7,2026,260,"API"
25643,7,2026,123,"API"
25644,7,2026,124,"API"
25645,7,2026,353,"API"
25646,7,2026,263,"API"
25647,7,2026,121,"API"
25648,7,2026,90,"API"
25649,7,2026,220,"API"
25650,7,2026,175,"API"
25651,7,2026,77,"API"
25660,7,2026,259,"API"
25661,7,2026,476,"API"
25662,7,2026,277,"API"
25663,7,2026,92,"API"
25664,7,2026,135,"API"
25665,7,2026,235,"API"
25666,7,2026,123,"API"
25667,7,2026,40,"API"
25668,7,2026,210,"API"
25669,7,2026,362,"API"
25670,7,2026,211,"API"
25671,7,2026,70,"API"
25721,7,2026,18,"API"
25722,7,2026,29,"API"
25723,7,2026,19,"API"
25724,7,2026,15,"API"
25725,7,2026,19,"API"
25726,7,2026,33,"API"
25727,7,2026,24,"API"
25728,7,2026,18,"API"
25729,7,2026,22,"API"
25730,7,2026,27,"API"
25731,7,2026,27,"API"
25732,7,2026,17,"API"
25737,7,2026,37,"API"
25738,7,2026,53,"API"
25739,7,2026,43,"API"
25740,7,2026,25,"API"
25745,7,2026,36,"API"
25746,7,2026,55,"API"
25747,7,2026,51,"API"
25748,7,2026,29,"API"
25753,7,2026,47,"API"
25754,7,2026,83,"API"
25755,7,2026,67,"API"
25756,7,2026,37,"API"
25761,7,2026,47,"API"
25762,7,2026,82,"API"
25763,7,2026,70,"API"
25764,7,2026,34,"API"
25963,7,2026,46,"API"
25964,7,2026,47,"API"
25965,7,2026,39,"API"
25967,7,2026,18,"API"
25968,7,2026,16,"API"
25969,7,2026,14,"API"
25986,7,2026,30,"API"
25987,7,2026,69,"API"
25988,7,2026,66,"API"
25989,7,2026,56,"API"
25990,7,2026,14,"API"
25991,7,2026,32,"API"
25992,7,2026,26,"API"
25993,7,2026,17,"API"
26019,7,2026,10,"API"
26020,7,2026,19,"API"
26021,7,2026,24,"API"
26022,7,2026,16,"API"
26318,7,2026,23,"API"
26320,7,2026,26,"API"
27047,7,2026,59,"API"
27048,7,2026,139,"API"
27049,7,2026,90,"API"
27050,7,2026,32,"API"
27051,7,2026,122,"API"
27052,7,2026,213,"API"
27053,7,2026,120,"API"
27054,7,2026,37,"API"
27055,7,2026,73,"API"
27056,7,2026,148,"API"
27057,7,2026,126,"API"
27058,7,2026,59,"API"
27099,7,2026,37,"API"
27100,7,2026,38,"API"
27101,7,2026,24,"API"
27102,7,2026,17,"API"
27103,7,2026,11,"API"
27104,7,2026,47,"API"
27105,7,2026,57,"API"
27106,7,2026,38,"API"
27107,7,2026,26,"API"
27108,7,2026,20,"API"
27600,7,2026,29,"API"
27601,7,2026,54,"API"
27602,7,2026,43,"API"
27603,7,2026,22,"API"
27604,7,2026,43,"API"
27605,7,2026,24,"API"
27677,7,2026,23,"API"
27678,7,2026,65,"API"
27679,7,2026,66,"API"
27680,7,2026,46,"API"
27681,7,2026,22,"API"
27682,7,2026,74,"API"
27683,7,2026,59,"API"
27684,7,2026,40,"API"
27969,7,2026,78,"API"
27970,7,2026,100,"API"
27971,7,2026,63,"API"
27972,7,2026,27,"API"
27973,7,2026,51,"API"
27974,7,2026,67,"API"
27975,7,2026,46,"API"
27976,7,2026,20,"API"
27977,7,2026,102,"API"
27978,7,2026,136,"API"
27979,7,2026,94,"API"
27980,7,2026,45,"API"
28606,7,2026,35,"API"
28607,7,2026,30,"API"
28608,7,2026,21,"API"
28609,7,2026,13,"API"
28610,7,2026,10,"API"
28612,7,2026,36,"API"
28613,7,2026,36,"API"
28614,7,2026,24,"API"
28615,7,2026,14,"API"
28625,7,2026,45,"API"
28626,7,2026,115,"API"
28627,7,2026,140,"API"
28628,7,2026,97,"API"
28629,7,2026,89,"API"
28630,7,2026,170,"API"
28631,7,2026,143,"API"
28632,7,2026,80,"API"
28633,7,2026,37,"API"
28634,7,2026,103,"API"
28635,7,2026,127,"API"
28636,7,2026,108,"API"
28637,7,2026,86,"API"
28638,7,2026,241,"API"
28639,7,2026,223,"API"
28640,7,2026,123,"API"
28641,7,2026,122,"API"
28642,7,2026,476,"API"
28643,7,2026,491,"API"
28644,7,2026,314,"API"
28645,7,2026,93,"API"
28646,7,2026,193,"API"
28647,7,2026,106,"API"
28648,7,2026,37,"API"
28649,7,2026,138,"API"
28650,7,2026,254,"API"
28651,7,2026,150,"API"
28652,7,2026,53,"API"
28653,7,2026,86,"API"
28654,7,2026,215,"API"
28655,7,2026,182,"API"
28656,7,2026,88,"API"
29094,7,2026,20,"API"
29095,7,2026,30,"API"
29096,7,2026,23,"API"
29097,7,2026,14,"API"
29141,7,2026,35,"API"
29142,7,2026,37,"API"
29143,7,2026,24,"API"
29144,7,2026,19,"API"
29145,7,2026,20,"API"
29146,7,2026,19,"API"
29147,7,2026,15,"API"
29148,7,2026,13,"API"
29415,7,2026,84,"API"
29416,7,2026,86,"API"
29417,7,2026,70,"API"
29418,7,2026,58,"API"
29419,7,2026,59,"API"
29420,7,2026,45,"API"
29424,7,2026,51,"API"
29425,7,2026,51,"API"
29426,7,2026,46,"API"
29427,7,2026,71,"API"
29428,7,2026,70,"API"
29429,7,2026,59,"API"
29430,7,2026,27,"API"
29431,7,2026,16,"API"
29432,7,2026,17,"API"
29433,7,2026,33,"API"
29434,7,2026,26,"API"
29435,7,2026,20,"API"
29448,7,2026,40,"API"
29449,7,2026,35,"API"
29450,7,2026,26,"API"
29454,7,2026,48,"API"
29455,7,2026,33,"API"
29456,7,2026,32,"API"
29552,7,2026,33,"API"
29553,7,2026,15,"API"
29617,7,2026,11,"API"
29618,7,2026,27,"API"
29619,7,2026,36,"API"
29620,7,2026,21,"API"
29875,7,2026,56,"API"
29876,7,2026,51,"API"
29877,7,2026,41,"API"
29881,7,2026,27,"API"
29882,7,2026,29,"API"
29883,7,2026,26,"API"
29971,7,2026,62,"API"
29972,7,2026,72,"API"
29973,7,2026,62,"API"
30003,7,2026,32,"API"
30004,7,2026,23,"API"
30005,7,2026,22,"API"
30006,7,2026,22,"API"
30007,7,2026,14,"API"
30008,7,2026,12,"API"
30061,7,2026,195,"API"
30062,7,2026,248,"API"
30063,7,2026,201,"API"
30064,7,2026,114,"API"
30065,7,2026,81,"API"
30066,7,2026,109,"API"
30067,7,2026,95,"API"
30068,7,2026,53,"API"
30097,7,2026,32,"API"
30101,7,2026,61,"API"
30105,7,2026,52,"API"
30109,7,2026,33,"API"
30150,7,2026,4,"API"
30151,7,2026,5,"API"
30153,7,2026,19,"API"
30154,7,2026,21,"API"
30157,7,2026,28,"API"
30158,7,2026,35,"API"
30160,7,2026,21,"API"
30161,7,2026,32,"API"
30286,7,2026,110,"API"
30287,7,2026,146,"API"
30288,7,2026,131,"API"
30289,7,2026,68,"API"
30290,7,2026,117,"API"
30291,7,2026,108,"API"
30581,7,2026,65,"API"
30582,7,2026,84,"API"
30583,7,2026,66,"API"
30584,7,2026,31,"API"
30745,7,2026,33,"API"
30746,7,2026,47,"API"
30747,7,2026,37,"API"
30748,7,2026,22,"API"
30749,7,2026,22,"API"
30750,7,2026,31,"API"
30751,7,2026,31,"API"
30752,7,2026,18,"API"
30893,7,2026,28,"API"
30894,7,2026,32,"API"
30895,7,2026,26,"API"
30896,7,2026,25,"API"
30897,7,2026,12,"API"
30898,7,2026,15,"API"
30899,7,2026,11,"API"
30900,7,2026,10,"API"
30901,7,2026,78,"API"
30902,7,2026,84,"API"
30903,7,2026,75,"API"
30904,7,2026,40,"API"
30905,7,2026,30,"API"
30906,7,2026,36,"API"
30907,7,2026,46,"API"
30908,7,2026,39,"API"
30909,7,2026,22,"API"
30910,7,2026,16,"API"
30945,7,2026,13,"API"
30946,7,2026,21,"API"
30947,7,2026,18,"API"
30948,7,2026,15,"API"
30949,7,2026,11,"API"
31047,7,2026,37,"API"
31049,7,2026,34,"API"
31050,7,2026,54,"API"
31068,7,2026,112,"API"
31069,7,2026,39,"API"
31070,7,2026,84,"API"
31072,7,2026,73,"API"
31073,7,2026,42,"API"
31074,7,2026,67,"API"
31075,7,2026,56,"API"
31076,7,2026,33,"API"
31097,7,2026,21,"API"
31101,7,2026,28,"API"
31108,7,2026,66,"API"
31109,7,2026,40,"API"
31110,7,2026,63,"API"
31111,7,2026,52,"API"
31112,7,2026,32,"API"
31113,7,2026,38,"API"
31114,7,2026,59,"API"
31115,7,2026,50,"API"
31116,7,2026,27,"API"
31117,7,2026,30,"API"
31118,7,2026,63,"API"
31119,7,2026,61,"API"
31120,7,2026,49,"API"
31121,7,2026,127,"API"
31122,7,2026,225,"API"
31123,7,2026,196,"API"
31124,7,2026,96,"API"
31125,7,2026,47,"API"
31126,7,2026,110,"API"
31127,7,2026,119,"API"
31128,7,2026,88,"API"
31129,7,2026,67,"API"
31130,7,2026,87,"API"
31131,7,2026,71,"API"
31132,7,2026,39,"API"
31138,7,2026,18,"API"
31139,7,2026,26,"API"
31140,7,2026,20,"API"
31141,7,2026,76,"API"
31142,7,2026,108,"API"
31143,7,2026,82,"API"
31144,7,2026,30,"API"
31145,7,2026,47,"API"
31146,7,2026,40,"API"
31147,7,2026,24,"API"
31351,7,2026,81,"API"
31353,7,2026,54,"API"
31359,7,2026,39,"API"
31361,7,2026,102,"API"
31368,7,2026,21,"API"
31370,7,2026,10,"API"
31375,7,2026,62,"API"
31376,7,2026,30,"API"
31378,7,2026,6,"API"
31379,7,2026,41,"API"
31380,7,2026,72,"API"
31381,7,2026,49,"API"
31382,7,2026,34,"API"
31383,7,2026,23,"API"
31387,7,2026,21,"API"
31388,7,2026,30,"API"
31389,7,2026,37,"API"
31396,7,2026,15,"API"
31397,7,2026,12,"API"
31398,7,2026,19,"API"
31943,7,2026,47,"API"
31944,7,2026,80,"API"
31945,7,2026,67,"API"
31946,7,2026,32,"API"
31963,7,2026,332,"API"
31965,7,2026,11,"API"
31966,7,2026,23,"API"
31967,7,2026,20,"API"
31968,7,2026,9,"API"
31969,7,2026,13,"API"
31970,7,2026,15,"API"
31971,7,2026,14,"API"
31972,7,2026,7,"API"
31973,7,2026,132,"API"
31974,7,2026,175,"API"
31975,7,2026,148,"API"
31976,7,2026,116,"API"
31977,7,2026,39,"API"
31978,7,2026,31,"API"
31979,7,2026,30,"API"
31980,7,2026,19,"API"
31985,7,2026,24,"API"
31987,7,2026,22,"API"
31988,7,2026,55,"API"
31989,7,2026,43,"API"
31990,7,2026,21,"API"
31995,7,2026,360,"API"
31997,7,2026,54,"API"
31999,7,2026,5,"API"
32000,7,2026,12,"API"
32001,7,2026,12,"API"
32002,7,2026,8,"API"
32003,7,2026,11,"API"
32004,7,2026,21,"API"
32005,7,2026,26,"API"
32006,7,2026,24,"API"
32012,7,2026,7,"API"
32013,7,2026,14,"API"
32014,7,2026,6,"API"
32056,7,2026,14,"API"
32057,7,2026,50,"API"
32058,7,2026,65,"API"
32059,7,2026,48,"API"
32076,7,2026,13,"API"
32077,7,2026,49,"API"
32078,7,2026,62,"API"
32079,7,2026,42,"API"
32164,7,2026,51,"API"
32165,7,2026,35,"API"
32166,7,2026,23,"API"
32170,7,2026,26,"API"
32171,7,2026,18,"API"
32172,7,2026,12,"API"
32200,7,2026,29,"API"
32201,7,2026,26,"API"
32202,7,2026,18,"API"
32212,7,2026,35,"API"
32213,7,2026,29,"API"
32214,7,2026,22,"API"
32261,7,2026,47,"API"
32302,7,2026,46,"API"
32303,7,2026,101,"API"
32304,7,2026,89,"API"
32305,7,2026,37,"API"
32306,7,2026,88,"API"
32307,7,2026,186,"API"
32308,7,2026,156,"API"
32309,7,2026,69,"API"
32310,7,2026,45,"API"
32311,7,2026,113,"API"
32312,7,2026,91,"API"
32313,7,2026,39,"API"
32314,7,2026,53,"API"
32315,7,2026,118,"API"
32316,7,2026,103,"API"
32317,7,2026,49,"API"
32318,7,2026,95,"API"
32319,7,2026,217,"API"
32320,7,2026,185,"API"
32321,7,2026,86,"API"
32344,7,2026,26,"API"
32345,7,2026,42,"API"
32346,7,2026,33,"API"
32347,7,2026,22,"API"
32353,7,2026,16,"API"
32354,7,2026,23,"API"
32355,7,2026,22,"API"
32356,7,2026,11,"API"
32565,7,2026,133,"API"
32566,7,2026,313,"API"
32567,7,2026,415,"API"
32568,7,2026,331,"API"
32569,7,2026,220,"API"
32575,7,2026,84,"API"
32576,7,2026,208,"API"
32577,7,2026,260,"API"
32578,7,2026,207,"API"
32579,7,2026,132,"API"
32580,7,2026,216,"API"
32581,7,2026,529,"API"
32582,7,2026,634,"API"
32583,7,2026,533,"API"
32584,7,2026,333,"API"
32585,7,2026,49,"API"
32586,7,2026,104,"API"
32587,7,2026,131,"API"
32588,7,2026,100,"API"
32589,7,2026,58,"API"
32595,7,2026,47,"API"
32596,7,2026,133,"API"
32597,7,2026,165,"API"
32598,7,2026,126,"API"
32599,7,2026,86,"API"
32798,7,2026,10,"API"
32799,7,2026,12,"API"
32800,7,2026,9,"API"
32801,7,2026,6,"API"
32802,7,2026,5,"API"
32803,7,2026,11,"API"
32804,7,2026,15,"API"
32805,7,2026,14,"API"
32806,7,2026,6,"API"
32807,7,2026,4,"API"
32808,7,2026,32,"API"
32809,7,2026,31,"API"
32810,7,2026,23,"API"
32812,7,2026,40,"API"
32813,7,2026,32,"API"
32814,7,2026,18,"API"
32893,7,2026,13,"API"
32894,7,2026,23,"API"
32895,7,2026,19,"API"
32896,7,2026,12,"API"
32897,7,2026,14,"API"
32898,7,2026,26,"API"
32899,7,2026,23,"API"
32900,7,2026,10,"API"
32901,7,2026,70,"API"
32902,7,2026,136,"API"
32903,7,2026,117,"API"
32904,7,2026,68,"API"
32905,7,2026,61,"API"
32906,7,2026,104,"API"
32907,7,2026,103,"API"
32908,7,2026,63,"API"
32918,7,2026,19,"API"
32919,7,2026,16,"API"
32920,7,2026,10,"API"
32921,7,2026,8,"API"
32922,7,2026,12,"API"
32923,7,2026,9,"API"
32924,7,2026,8,"API"
32925,7,2026,6,"API"
32952,7,2026,43,"API"
32953,7,2026,31,"API"
32954,7,2026,27,"API"
33102,7,2026,28,"API"
33103,7,2026,38,"API"
33104,7,2026,29,"API"
33105,7,2026,14,"API"
33114,7,2026,20,"API"
33115,7,2026,24,"API"
33116,7,2026,21,"API"
33117,7,2026,12,"API"
33156,7,2026,39,"API"
33157,7,2026,57,"API"
33158,7,2026,47,"API"
33159,7,2026,30,"API"
33215,7,2026,16,"API"
33216,7,2026,48,"API"
33217,7,2026,46,"API"
33218,7,2026,43,"API"
33227,7,2026,18,"API"
33228,7,2026,31,"API"
33229,7,2026,28,"API"
33230,7,2026,14,"API"
33534,7,2026,21,"API"
33535,7,2026,19,"API"
33538,7,2026,44,"API"
33539,7,2026,33,"API"
33574,7,2026,24,"API"
33575,7,2026,21,"API"
33576,7,2026,14,"API"
33577,7,2026,50,"API"
33578,7,2026,44,"API"
33579,7,2026,31,"API"
33628,7,2026,47,"API"
33629,7,2026,65,"API"
33630,7,2026,65,"API"
33631,7,2026,50,"API"
33632,7,2026,52,"API"
33633,7,2026,70,"API"
33634,7,2026,68,"API"
33635,7,2026,52,"API"
33719,7,2026,42,"API"
33720,7,2026,19,"API"
33724,7,2026,10,"API"
33725,7,2026,17,"API"
33726,7,2026,14,"API"
33727,7,2026,8,"API"
33728,7,2026,13,"API"
33729,7,2026,21,"API"
33730,7,2026,19,"API"
33731,7,2026,10,"API"
33740,7,2026,44,"API"
33741,7,2026,77,"API"
33742,7,2026,71,"API"
33743,7,2026,41,"API"
33930,7,2026,8,"API"
33931,7,2026,14,"API"
33932,7,2026,9,"API"
33933,7,2026,7,"API"
33934,7,2026,12,"API"
33935,7,2026,25,"API"
33936,7,2026,20,"API"
33937,7,2026,12,"API"
34023,7,2026,5,"API"
34024,7,2026,23,"API"
34025,7,2026,27,"API"
34026,7,2026,23,"API"
34027,7,2026,15,"API"
34028,7,2026,39,"API"
34029,7,2026,46,"API"
34030,7,2026,40,"API"
34031,7,2026,32,"API"
34034,7,2026,27,"API"
34036,7,2026,33,"API"
34037,7,2026,43,"API"
34038,7,2026,34,"API"
34039,7,2026,18,"API"
34040,7,2026,31,"API"
34041,7,2026,45,"API"
34042,7,2026,38,"API"
34043,7,2026,23,"API"
34044,7,2026,15,"API"
34045,7,2026,20,"API"
34046,7,2026,15,"API"
34047,7,2026,12,"API"
34074,7,2026,23,"API"
34075,7,2026,33,"API"
34076,7,2026,27,"API"
34077,7,2026,16,"API"
34078,7,2026,31,"API"
34079,7,2026,49,"API"
34080,7,2026,43,"API"
34081,7,2026,25,"API"
34082,7,2026,13,"API"
34083,7,2026,18,"API"
34084,7,2026,13,"API"
34085,7,2026,10,"API"
34124,7,2026,19,"API"
34125,7,2026,31,"API"
34126,7,2026,25,"API"
34127,7,2026,11,"API"
34128,7,2026,8,"API"
34129,7,2026,16,"API"
34130,7,2026,11,"API"
34131,7,2026,5,"API"
34132,7,2026,8,"API"
34133,7,2026,12,"API"
34134,7,2026,11,"API"
34135,7,2026,7,"API"
34136,7,2026,16,"API"
34137,7,2026,21,"API"
34138,7,2026,18,"API"
34139,7,2026,9,"API"
34140,7,2026,27,"API"
34141,7,2026,35,"API"
34142,7,2026,36,"API"
34143,7,2026,30,"API"
34144,7,2026,25,"API"
34145,7,2026,18,"API"
34146,7,2026,15,"API"
34147,7,2026,143,"API"
34148,7,2026,111,"API"
34149,7,2026,39,"API"
34150,7,2026,29,"API"
34159,7,2026,35,"API"
34160,7,2026,25,"API"
34161,7,2026,22,"API"
34162,7,2026,14,"API"
34163,7,2026,26,"API"
34164,7,2026,18,"API"
34165,7,2026,10,"API"
34166,7,2026,8,"API"
34167,7,2026,23,"API"
34168,7,2026,18,"API"
34169,7,2026,15,"API"
34170,7,2026,11,"API"
34171,7,2026,65,"API"
34172,7,2026,47,"API"
34173,7,2026,36,"API"
34174,7,2026,26,"API"
34205,7,2026,19,"API"
34206,7,2026,31,"API"
34207,7,2026,29,"API"
34208,7,2026,14,"API"
34209,7,2026,31,"API"
34210,7,2026,48,"API"
34211,7,2026,41,"API"
34212,7,2026,23,"API"
34213,7,2026,20,"API"
34214,7,2026,43,"API"
34215,7,2026,48,"API"
34216,7,2026,37,"API"
34280,7,2026,167,"API"
34281,7,2026,288,"API"
34282,7,2026,165,"API"
34283,7,2026,66,"API"
34284,7,2026,118,"API"
34285,7,2026,191,"API"
34286,7,2026,113,"API"
34287,7,2026,40,"API"
34337,7,2026,35,"API"
34338,7,2026,61,"API"
34339,7,2026,63,"API"
34340,7,2026,38,"API"
34341,7,2026,22,"API"
34343,7,2026,25,"API"
34397,7,2026,30,"API"
34398,7,2026,40,"API"
34399,7,2026,42,"API"
34400,7,2026,32,"API"
34402,7,2026,12,"API"
34403,7,2026,16,"API"
34404,7,2026,14,"API"
34405,7,2026,12,"API"
34407,7,2026,11,"API"
34408,7,2026,17,"API"
34409,7,2026,18,"API"
34410,7,2026,14,"API"
34412,7,2026,50,"API"
34413,7,2026,51,"API"
34414,7,2026,48,"API"
34415,7,2026,33,"API"
34416,7,2026,22,"API"
34417,7,2026,19,"API"
34418,7,2026,20,"API"
34419,7,2026,19,"API"
34420,7,2026,13,"API"
34421,7,2026,7,"API"
34422,7,2026,18,"API"
34423,7,2026,25,"API"
34424,7,2026,18,"API"
34425,7,2026,17,"API"
34426,7,2026,9,"API"
34427,7,2026,3,"API"
34428,7,2026,4,"API"
34429,7,2026,10,"API"
34430,7,2026,13,"API"
34431,7,2026,14,"API"
34432,7,2026,12,"API"
34433,7,2026,14,"API"
34441,7,2026,16,"API"
34442,7,2026,21,"API"
34443,7,2026,23,"API"
34444,7,2026,26,"API"
34445,7,2026,31,"API"
34446,7,2026,32,"API"
34450,7,2026,11,"API"
34451,7,2026,7,"API"
34459,7,2026,44,"API"
34460,7,2026,74,"API"
34461,7,2026,69,"API"
34462,7,2026,43,"API"
34463,7,2026,24,"API"
34464,7,2026,46,"API"
34465,7,2026,40,"API"
34466,7,2026,26,"API"
34467,7,2026,30,"API"
34468,7,2026,47,"API"
34469,7,2026,46,"API"
34470,7,2026,25,"API"
34479,7,2026,13,"API"
34480,7,2026,22,"API"
34481,7,2026,22,"API"
34482,7,2026,12,"API"
34686,7,2026,7,"API"
34687,7,2026,14,"API"
34688,7,2026,14,"API"
34689,7,2026,9,"API"
34690,7,2026,13,"API"
34691,7,2026,28,"API"
34692,7,2026,29,"API"
34693,7,2026,24,"API"
34694,7,2026,6,"API"
34695,7,2026,17,"API"
34696,7,2026,17,"API"
34697,7,2026,13,"API"
34698,7,2026,8,"API"
34699,7,2026,14,"API"
34700,7,2026,38,"API"
34701,7,2026,39,"API"
34702,7,2026,31,"API"
34703,7,2026,17,"API"
34704,7,2026,5,"API"
34705,7,2026,22,"API"
34706,7,2026,25,"API"
34707,7,2026,20,"API"
34708,7,2026,13,"API"
34709,7,2026,6,"API"
34710,7,2026,29,"API"
34711,7,2026,37,"API"
34712,7,2026,30,"API"
34713,7,2026,17,"API"
34718,7,2026,8,"API"
34719,7,2026,17,"API"
34720,7,2026,17,"API"
34721,7,2026,14,"API"
34722,7,2026,18,"API"
34723,7,2026,51,"API"
34724,7,2026,56,"API"
34725,7,2026,46,"API"
34726,7,2026,6,"API"
34727,7,2026,9,"API"
34728,7,2026,10,"API"
34729,7,2026,9,"API"
34730,7,2026,4,"API"
34731,7,2026,8,"API"
34732,7,2026,6,"API"
34733,7,2026,6,"API"
34734,7,2026,5,"API"
34735,7,2026,7,"API"
34736,7,2026,23,"API"
34737,7,2026,22,"API"
34738,7,2026,27,"API"
34739,7,2026,23,"API"
34740,7,2026,26,"API"
34773,7,2026,154,"API"
34774,7,2026,230,"API"
34775,7,2026,173,"API"
34776,7,2026,98,"API"
34777,7,2026,143,"API"
34778,7,2026,105,"API"
34779,7,2026,87,"API"
34780,7,2026,121,"API"
34781,7,2026,91,"API"
34782,7,2026,130,"API"
34783,7,2026,185,"API"
34784,7,2026,137,"API"
34810,7,2026,147,"API"
34811,7,2026,200,"API"
34812,7,2026,147,"API"
34813,7,2026,127,"API"
34814,7,2026,157,"API"
34815,7,2026,120,"API"
34816,7,2026,133,"API"
34817,7,2026,182,"API"
34818,7,2026,135,"API"
34819,7,2026,66,"API"
34820,7,2026,90,"API"
34821,7,2026,67,"API"
34828,7,2026,65,"API"
34829,7,2026,103,"API"
34830,7,2026,91,"API"
34831,7,2026,45,"API"
34832,7,2026,51,"API"
34833,7,2026,74,"API"
34834,7,2026,65,"API"
34835,7,2026,30,"API"
34836,7,2026,57,"API"
34837,7,2026,84,"API"
34838,7,2026,75,"API"
34839,7,2026,36,"API"
34840,7,2026,42,"API"
34841,7,2026,60,"API"
34842,7,2026,52,"API"
34843,7,2026,24,"API"
35019,7,2026,84,"API"
35020,7,2026,122,"API"
35021,7,2026,94,"API"
35022,7,2026,105,"API"
35023,7,2026,154,"API"
35024,7,2026,125,"API"
35025,7,2026,84,"API"
35026,7,2026,118,"API"
35027,7,2026,94,"API"
35028,7,2026,74,"API"
35029,7,2026,107,"API"
35030,7,2026,83,"API"
35204,7,2026,148,"API"
35205,7,2026,226,"API"
35206,7,2026,161,"API"
35207,7,2026,59,"API"
35208,7,2026,164,"API"
35209,7,2026,258,"API"
35210,7,2026,185,"API"
35211,7,2026,73,"API"
35212,7,2026,158,"API"
35213,7,2026,240,"API"
35214,7,2026,141,"API"
35215,7,2026,47,"API"
35220,7,2026,175,"API"
35221,7,2026,304,"API"
35222,7,2026,243,"API"
35223,7,2026,102,"API"
35224,7,2026,178,"API"
35225,7,2026,305,"API"
35226,7,2026,241,"API"
35227,7,2026,118,"API"
35228,7,2026,207,"API"
35229,7,2026,345,"API"
35230,7,2026,224,"API"
35231,7,2026,86,"API"
35232,7,2026,41,"API"
35233,7,2026,72,"API"
35234,7,2026,69,"API"
35235,7,2026,42,"API"
35236,7,2026,56,"API"
35237,7,2026,97,"API"
35238,7,2026,91,"API"
35239,7,2026,55,"API"
35244,7,2026,111,"API"
35245,7,2026,197,"API"
35246,7,2026,184,"API"
35247,7,2026,123,"API"
35252,7,2026,70,"API"
35253,7,2026,165,"API"
35254,7,2026,197,"API"
35255,7,2026,152,"API"
35256,7,2026,76,"API"
35257,7,2026,184,"API"
35258,7,2026,205,"API"
35259,7,2026,159,"API"
35260,7,2026,48,"API"
35261,7,2026,123,"API"
35262,7,2026,154,"API"
35263,7,2026,110,"API"
35268,7,2026,111,"API"
35269,7,2026,244,"API"
35270,7,2026,275,"API"
35271,7,2026,238,"API"
35272,7,2026,73,"API"
35273,7,2026,169,"API"
35274,7,2026,199,"API"
35275,7,2026,157,"API"
35276,7,2026,76,"API"
35277,7,2026,171,"API"
35278,7,2026,193,"API"
35279,7,2026,173,"API"
35285,7,2026,105,"API"
35286,7,2026,200,"API"
35287,7,2026,203,"API"
35288,7,2026,138,"API"
35290,7,2026,124,"API"
35291,7,2026,250,"API"
35292,7,2026,251,"API"
35293,7,2026,181,"API"
35295,7,2026,107,"API"
35296,7,2026,207,"API"
35297,7,2026,195,"API"
35298,7,2026,119,"API"
35305,7,2026,121,"API"
35306,7,2026,255,"API"
35307,7,2026,301,"API"
35308,7,2026,266,"API"
35309,7,2026,178,"API"
35310,7,2026,43,"API"
35311,7,2026,95,"API"
35312,7,2026,121,"API"
35313,7,2026,103,"API"
35314,7,2026,69,"API"
35315,7,2026,64,"API"
35316,7,2026,143,"API"
35317,7,2026,170,"API"
35318,7,2026,150,"API"
35319,7,2026,102,"API"
35324,7,2026,190,"API"
35325,7,2026,325,"API"
35326,7,2026,198,"API"
35327,7,2026,87,"API"
35328,7,2026,185,"API"
35329,7,2026,313,"API"
35330,7,2026,246,"API"
35331,7,2026,110,"API"
35332,7,2026,143,"API"
35333,7,2026,231,"API"
35334,7,2026,184,"API"
35335,7,2026,76,"API"
35336,7,2026,133,"API"
35337,7,2026,501,"API"
35338,7,2026,516,"API"
35339,7,2026,324,"API"
35340,7,2026,166,"API"
35341,7,2026,489,"API"
35342,7,2026,496,"API"
35343,7,2026,369,"API"
35348,7,2026,155,"API"
35349,7,2026,469,"API"
35350,7,2026,487,"API"
35351,7,2026,342,"API"
35352,7,2026,117,"API"
35353,7,2026,299,"API"
35354,7,2026,290,"API"
35355,7,2026,186,"API"
35356,7,2026,104,"API"
35357,7,2026,281,"API"
35358,7,2026,257,"API"
35359,7,2026,152,"API"
35360,7,2026,134,"API"
35361,7,2026,315,"API"
35362,7,2026,314,"API"
35363,7,2026,205,"API"
35368,7,2026,104,"API"
35369,7,2026,208,"API"
35370,7,2026,141,"API"
35371,7,2026,63,"API"
35376,7,2026,121,"API"
35377,7,2026,212,"API"
35378,7,2026,178,"API"
35379,7,2026,75,"API"
35380,7,2026,92,"API"
35381,7,2026,172,"API"
35382,7,2026,132,"API"
35383,7,2026,64,"API"
35384,7,2026,83,"API"
35385,7,2026,210,"API"
35386,7,2026,171,"API"
35387,7,2026,88,"API"
35392,7,2026,108,"API"
35393,7,2026,227,"API"
35394,7,2026,212,"API"
35395,7,2026,128,"API"
35396,7,2026,96,"API"
35397,7,2026,202,"API"
35398,7,2026,185,"API"
35399,7,2026,112,"API"
35428,7,2026,87,"API"
35429,7,2026,172,"API"
35430,7,2026,149,"API"
35431,7,2026,70,"API"
35436,7,2026,121,"API"
35437,7,2026,235,"API"
35438,7,2026,198,"API"
35439,7,2026,102,"API"
35440,7,2026,88,"API"
35441,7,2026,210,"API"
35442,7,2026,177,"API"
35443,7,2026,83,"API"
35466,7,2026,7,"API"
35467,7,2026,10,"API"
35468,7,2026,7,"API"
35470,7,2026,3,"API"
35471,7,2026,22,"API"
35472,7,2026,31,"API"
35473,7,2026,19,"API"
35474,7,2026,8,"API"
35475,7,2026,5,"API"
35476,7,2026,29,"API"
35477,7,2026,40,"API"
35478,7,2026,22,"API"
35481,7,2026,25,"API"
35482,7,2026,35,"API"
35486,7,2026,27,"API"
35502,7,2026,5,"API"
35504,7,2026,13,"API"
35505,7,2026,17,"API"
35506,7,2026,12,"API"
35507,7,2026,8,"API"
35508,7,2026,21,"API"
35509,7,2026,26,"API"
35510,7,2026,15,"API"
35511,7,2026,9,"API"
35512,7,2026,19,"API"
35513,7,2026,20,"API"
35514,7,2026,11,"API"
35515,7,2026,17,"API"
35528,7,2026,3,"API"
35529,7,2026,4,"API"
35531,7,2026,12,"API"
35532,7,2026,18,"API"
35535,7,2026,16,"API"
35536,7,2026,25,"API"
35538,7,2026,12,"API"
35539,7,2026,20,"API"
35770,7,2026,68,"API"
35771,7,2026,105,"API"
35772,7,2026,94,"API"
35773,7,2026,58,"API"
35774,7,2026,46,"API"
35775,7,2026,69,"API"
35776,7,2026,63,"API"
35777,7,2026,36,"API"
35834,7,2026,53,"API"
35835,7,2026,89,"API"
35836,7,2026,83,"API"
35837,7,2026,56,"API"
35838,7,2026,38,"API"
35839,7,2026,68,"API"
35840,7,2026,62,"API"
35841,7,2026,37,"API"
36033,7,2026,52,"API"
36034,7,2026,84,"API"
36035,7,2026,74,"API"
36036,7,2026,37,"API"
36037,7,2026,34,"API"
36038,7,2026,60,"API"
36039,7,2026,58,"API"
36040,7,2026,36,"API"
36065,7,2026,19,"API"
36066,7,2026,68,"API"
36067,7,2026,63,"API"
36068,7,2026,51,"API"
36077,7,2026,33,"API"
36078,7,2026,62,"API"
36079,7,2026,52,"API"
36085,7,2026,29,"API"
36086,7,2026,44,"API"
36087,7,2026,29,"API"
36129,7,2026,64,"API"
36130,7,2026,89,"API"
36131,7,2026,86,"API"
36132,7,2026,63,"API"
36141,7,2026,96,"API"
36142,7,2026,140,"API"
36143,7,2026,134,"API"
36144,7,2026,90,"API"
36583,7,2026,30,"API"
36584,7,2026,50,"API"
36585,7,2026,41,"API"
36586,7,2026,24,"API"
36587,7,2026,53,"API"
36588,7,2026,71,"API"
36589,7,2026,63,"API"
36590,7,2026,37,"API"
36595,7,2026,9,"API"
36596,7,2026,9,"API"
36597,7,2026,22,"API"
36598,7,2026,21,"API"
36599,7,2026,24,"API"
36600,7,2026,24,"API"
36601,7,2026,20,"API"
36602,7,2026,18,"API"
36603,7,2026,20,"API"
36604,7,2026,9,"API"
36605,7,2026,6,"API"
36606,7,2026,20,"API"
36607,7,2026,17,"API"
36608,7,2026,20,"API"
36609,7,2026,19,"API"
36610,7,2026,16,"API"
36611,7,2026,16,"API"
36612,7,2026,15,"API"
36613,7,2026,17,"API"
36614,7,2026,14,"API"
36615,7,2026,43,"API"
36616,7,2026,24,"API"
36617,7,2026,47,"API"
36618,7,2026,27,"API"
36619,7,2026,39,"API"
36620,7,2026,25,"API"
36621,7,2026,22,"API"
36622,7,2026,11,"API"
36623,7,2026,8,"API"
36624,7,2026,21,"API"
36625,7,2026,14,"API"
36626,7,2026,23,"API"
36627,7,2026,17,"API"
36628,7,2026,19,"API"
36629,7,2026,15,"API"
36630,7,2026,11,"API"
36632,7,2026,9,"API"
36633,7,2026,25,"API"
36634,7,2026,14,"API"
36635,7,2026,26,"API"
36636,7,2026,15,"API"
36637,7,2026,22,"API"
36638,7,2026,13,"API"
36639,7,2026,10,"API"
36640,7,2026,21,"API"
36641,7,2026,14,"API"
36642,7,2026,26,"API"
36643,7,2026,15,"API"
36644,7,2026,19,"API"
36645,7,2026,13,"API"
36652,7,2026,3,"API"
36653,7,2026,4,"API"
36655,7,2026,20,"API"
36656,7,2026,22,"API"
36659,7,2026,30,"API"
36660,7,2026,29,"API"
36662,7,2026,24,"API"
36663,7,2026,28,"API"
36673,7,2026,48,"API"
36674,7,2026,65,"API"
36675,7,2026,56,"API"
36676,7,2026,29,"API"
36704,7,2026,29,"API"
36705,7,2026,47,"API"
36706,7,2026,24,"API"
36707,7,2026,8,"API"
36716,7,2026,26,"API"
36717,7,2026,46,"API"
36718,7,2026,28,"API"
36719,7,2026,13,"API"
36724,7,2026,7,"API"
36725,7,2026,10,"API"
36726,7,2026,6,"API"
36727,7,2026,3,"API"
36728,7,2026,6,"API"
36730,7,2026,12,"API"
36731,7,2026,15,"API"
36732,7,2026,10,"API"
36733,7,2026,6,"API"
36734,7,2026,19,"API"
36735,7,2026,22,"API"
36736,7,2026,12,"API"
36737,7,2026,6,"API"
36738,7,2026,20,"API"
36739,7,2026,21,"API"
36740,7,2026,8,"API"
36741,7,2026,17,"API"
36742,7,2026,20,"API"
36743,7,2026,32,"API"
36744,7,2026,28,"API"
36745,7,2026,15,"API"
36748,7,2026,25,"API"
36749,7,2026,41,"API"
36750,7,2026,36,"API"
36751,7,2026,20,"API"
36761,7,2026,7,"API"
36763,7,2026,10,"API"
36764,7,2026,46,"API"
36767,7,2026,17,"API"
36768,7,2026,18,"API"
36769,7,2026,26,"API"
36779,7,2026,6,"API"
36780,7,2026,1,"API"
36846,7,2026,72,"API"
36847,7,2026,122,"API"
36848,7,2026,104,"API"
36849,7,2026,65,"API"
36854,7,2026,59,"API"
36855,7,2026,100,"API"
36856,7,2026,85,"API"
36857,7,2026,53,"API"
36862,7,2026,82,"API"
36863,7,2026,59,"API"
36864,7,2026,50,"API"
36865,7,2026,67,"API"
36866,7,2026,49,"API"
36867,7,2026,41,"API"
36871,7,2026,34,"API"
36872,7,2026,68,"API"
36873,7,2026,78,"API"
36874,7,2026,61,"API"
36879,7,2026,28,"API"
36880,7,2026,56,"API"
36881,7,2026,64,"API"
36882,7,2026,50,"API"
36890,7,2026,39,"API"
36891,7,2026,83,"API"
36892,7,2026,89,"API"
36893,7,2026,67,"API"
36905,7,2026,32,"API"
36906,7,2026,68,"API"
36907,7,2026,73,"API"
36908,7,2026,55,"API"
36922,7,2026,73,"API"
36923,7,2026,69,"API"
36924,7,2026,53,"API"
36925,7,2026,21,"API"
36926,7,2026,17,"API"
36927,7,2026,14,"API"
36932,7,2026,42,"API"
36933,7,2026,46,"API"
36934,7,2026,39,"API"
36935,7,2026,27,"API"
36941,7,2026,35,"API"
36942,7,2026,37,"API"
36943,7,2026,29,"API"
36944,7,2026,22,"API"
36945,7,2026,17,"API"
36946,7,2026,23,"API"
36947,7,2026,31,"API"
36948,7,2026,29,"API"
36949,7,2026,22,"API"
36950,7,2026,17,"API"
36953,7,2026,75,"API"
36954,7,2026,119,"API"
36955,7,2026,96,"API"
36956,7,2026,50,"API"
36957,7,2026,80,"API"
36958,7,2026,64,"API"
36971,7,2026,43,"API"
36972,7,2026,51,"API"
36973,7,2026,40,"API"
36974,7,2026,25,"API"
36975,7,2026,28,"API"
36976,7,2026,34,"API"
36977,7,2026,26,"API"
36978,7,2026,17,"API"
36987,7,2026,127,"API"
36988,7,2026,217,"API"
36989,7,2026,191,"API"
36993,7,2026,104,"API"
36994,7,2026,177,"API"
36995,7,2026,156,"API"
36997,7,2026,14,"API"
36998,7,2026,28,"API"
36999,7,2026,33,"API"
37000,7,2026,25,"API"
37001,7,2026,21,"API"
37002,7,2026,42,"API"
37003,7,2026,50,"API"
37004,7,2026,38,"API"
37009,7,2026,90,"API"
37010,7,2026,96,"API"
37011,7,2026,73,"API"
37012,7,2026,35,"API"
37013,7,2026,42,"API"
37014,7,2026,85,"API"
37015,7,2026,100,"API"
37016,7,2026,76,"API"
37021,7,2026,101,"API"
37022,7,2026,165,"API"
37023,7,2026,149,"API"
37024,7,2026,85,"API"
37025,7,2026,37,"API"
37026,7,2026,110,"API"
37027,7,2026,179,"API"
37028,7,2026,162,"API"
37029,7,2026,92,"API"
37030,7,2026,40,"API"
37031,7,2026,47,"API"
37032,7,2026,73,"API"
37033,7,2026,57,"API"
37034,7,2026,51,"API"
37035,7,2026,79,"API"
37036,7,2026,62,"API"
37039,7,2026,91,"API"
37040,7,2026,108,"API"
37041,7,2026,85,"API"
37042,7,2026,54,"API"
37043,7,2026,84,"API"
37044,7,2026,100,"API"
37045,7,2026,78,"API"
37046,7,2026,50,"API"
37052,7,2026,102,"API"
37053,7,2026,162,"API"
37054,7,2026,130,"API"
37055,7,2026,65,"API"
37056,7,2026,102,"API"
37057,7,2026,162,"API"
37058,7,2026,130,"API"
37059,7,2026,65,"API"
37064,7,2026,61,"API"
37065,7,2026,89,"API"
37066,7,2026,61,"API"
37067,7,2026,43,"API"
37068,7,2026,61,"API"
37069,7,2026,89,"API"
37070,7,2026,61,"API"
37071,7,2026,43,"API"
37076,7,2026,28,"API"
37077,7,2026,60,"API"
37078,7,2026,64,"API"
37079,7,2026,48,"API"
37088,7,2026,58,"API"
37089,7,2026,100,"API"
37090,7,2026,78,"API"
37091,7,2026,42,"API"
37096,7,2026,160,"API"
37097,7,2026,243,"API"
37098,7,2026,195,"API"
37099,7,2026,97,"API"
37117,7,2026,111,"API"
37118,7,2026,172,"API"
37119,7,2026,134,"API"
37120,7,2026,111,"API"
37121,7,2026,172,"API"
37122,7,2026,134,"API"
37153,7,2026,40,"API"
37154,7,2026,65,"API"
37155,7,2026,59,"API"
37156,7,2026,27,"API"
37161,7,2026,40,"API"
37162,7,2026,65,"API"
37163,7,2026,59,"API"
37164,7,2026,27,"API"
37165,7,2026,40,"API"
37166,7,2026,69,"API"
37167,7,2026,59,"API"
37168,7,2026,34,"API"
37169,7,2026,27,"API"
37170,7,2026,46,"API"
37171,7,2026,39,"API"
37172,7,2026,23,"API"
37173,7,2026,45,"API"
37174,7,2026,73,"API"
37175,7,2026,49,"API"
37176,7,2026,37,"API"
37177,7,2026,59,"API"
37178,7,2026,40,"API"
37183,7,2026,17,"API"
37184,7,2026,26,"API"
37185,7,2026,21,"API"
37186,7,2026,12,"API"
37187,7,2026,39,"API"
37188,7,2026,60,"API"
37189,7,2026,50,"API"
37190,7,2026,28,"API"
37346,7,2026,82,"API"
37347,7,2026,193,"API"
37348,7,2026,116,"API"
37349,7,2026,43,"API"
37350,7,2026,88,"API"
37351,7,2026,209,"API"
37352,7,2026,126,"API"
37353,7,2026,47,"API"
37362,7,2026,167,"API"
37363,7,2026,257,"API"
37364,7,2026,202,"API"
37368,7,2026,269,"API"
37369,7,2026,457,"API"
37370,7,2026,403,"API"
37371,7,2026,376,"API"
37372,7,2026,639,"API"
37373,7,2026,564,"API"
37374,7,2026,32,"API"
37375,7,2026,30,"API"
37376,7,2026,23,"API"
37378,7,2026,30,"API"
37379,7,2026,27,"API"
37380,7,2026,21,"API"
37394,7,2026,39,"API"
37395,7,2026,78,"API"
37396,7,2026,92,"API"
37397,7,2026,69,"API"
37400,7,2026,42,"API"
37401,7,2026,84,"API"
37402,7,2026,99,"API"
37403,7,2026,75,"API"
37406,7,2026,96,"API"
37407,7,2026,149,"API"
37408,7,2026,117,"API"
37409,7,2026,40,"API"
37410,7,2026,118,"API"
37411,7,2026,182,"API"
37412,7,2026,142,"API"
37413,7,2026,49,"API"
37417,7,2026,29,"API"
37418,7,2026,30,"API"
37419,7,2026,24,"API"
37420,7,2026,17,"API"
37427,7,2026,44,"API"
37428,7,2026,75,"API"
37429,7,2026,66,"API"
37430,7,2026,35,"API"
37440,7,2026,63,"API"
37441,7,2026,45,"API"
37442,7,2026,31,"API"
37454,7,2026,93,"API"
37455,7,2026,158,"API"
37456,7,2026,139,"API"
37457,7,2026,93,"API"
37458,7,2026,158,"API"
37459,7,2026,139,"API"
37464,7,2026,22,"API"
37465,7,2026,23,"API"
37466,7,2026,18,"API"
37467,7,2026,13,"API"
37483,7,2026,61,"API"
37484,7,2026,72,"API"
37485,7,2026,56,"API"
37486,7,2026,36,"API"
37487,7,2026,50,"API"
37488,7,2026,59,"API"
37489,7,2026,46,"API"
37490,7,2026,29,"API"
37491,7,2026,60,"API"
37492,7,2026,69,"API"
37493,7,2026,52,"API"
37494,7,2026,27,"API"
37495,7,2026,49,"API"
37496,7,2026,56,"API"
37497,7,2026,43,"API"
37498,7,2026,22,"API"
37499,7,2026,26,"API"
37500,7,2026,27,"API"
37501,7,2026,22,"API"
37502,7,2026,15,"API"
37507,7,2026,21,"API"
37508,7,2026,22,"API"
37509,7,2026,18,"API"
37510,7,2026,13,"API"
37511,7,2026,51,"API"
37512,7,2026,89,"API"
37513,7,2026,74,"API"
37514,7,2026,41,"API"
37519,7,2026,42,"API"
37520,7,2026,73,"API"
37521,7,2026,60,"API"
37522,7,2026,33,"API"
37544,7,2026,53,"API"
37545,7,2026,38,"API"
37546,7,2026,26,"API"
37551,7,2026,28,"API"
37552,7,2026,77,"API"
37553,7,2026,77,"API"
37555,7,2026,12,"API"
37556,7,2026,33,"API"
37557,7,2026,33,"API"
37570,7,2026,81,"API"
37571,7,2026,93,"API"
37572,7,2026,78,"API"
37573,7,2026,48,"API"
37574,7,2026,67,"API"
37575,7,2026,76,"API"
37576,7,2026,64,"API"
37577,7,2026,39,"API"
37590,7,2026,68,"API"
37591,7,2026,78,"API"
37592,7,2026,66,"API"
37593,7,2026,40,"API"
37598,7,2026,87,"API"
37599,7,2026,75,"API"
37600,7,2026,87,"API"
37601,7,2026,75,"API"
37610,7,2026,62,"API"
37611,7,2026,85,"API"
37612,7,2026,55,"API"
37613,7,2026,36,"API"
37614,7,2026,57,"API"
37615,7,2026,79,"API"
37616,7,2026,50,"API"
37617,7,2026,33,"API"
37623,7,2026,62,"API"
37624,7,2026,71,"API"
37625,7,2026,59,"API"
37626,7,2026,37,"API"
37627,7,2026,75,"API"
37628,7,2026,87,"API"
37629,7,2026,73,"API"
37630,7,2026,45,"API"
37637,7,2026,33,"API"
37638,7,2026,46,"API"
37639,7,2026,29,"API"
37640,7,2026,19,"API"
37641,7,2026,33,"API"
37642,7,2026,46,"API"
37643,7,2026,29,"API"
37644,7,2026,19,"API"
37657,7,2026,63,"API"
37658,7,2026,74,"API"
37659,7,2026,60,"API"
37660,7,2026,37,"API"
37661,7,2026,40,"API"
37662,7,2026,45,"API"
37663,7,2026,34,"API"
37664,7,2026,18,"API"
37669,7,2026,40,"API"
37670,7,2026,45,"API"
37671,7,2026,34,"API"
37672,7,2026,18,"API"
37674,7,2026,28,"API"
37675,7,2026,60,"API"
37676,7,2026,64,"API"
37677,7,2026,48,"API"
37678,7,2026,44,"API"
37679,7,2026,75,"API"
37680,7,2026,66,"API"
37681,7,2026,35,"API"
37682,7,2026,68,"API"
37683,7,2026,78,"API"
37684,7,2026,66,"API"
37685,7,2026,40,"API"
37686,7,2026,74,"API"
37687,7,2026,74,"API"
37688,7,2026,22,"API"
37689,7,2026,23,"API"
37690,7,2026,18,"API"
37691,7,2026,13,"API"
37694,7,2026,63,"API"
37695,7,2026,45,"API"
37696,7,2026,31,"API"
37697,7,2026,63,"API"
37698,7,2026,74,"API"
37699,7,2026,60,"API"
37700,7,2026,37,"API"
37701,7,2026,35,"API"
37702,7,2026,56,"API"
37703,7,2026,51,"API"
37704,7,2026,25,"API"
37705,7,2026,35,"API"
37706,7,2026,56,"API"
37707,7,2026,51,"API"
37708,7,2026,25,"API"
37709,7,2026,51,"API"
37710,7,2026,68,"API"
37711,7,2026,49,"API"
37712,7,2026,51,"API"
37713,7,2026,68,"API"
37714,7,2026,49,"API"
37715,7,2026,47,"API"
37716,7,2026,69,"API"
37717,7,2026,52,"API"
37718,7,2026,47,"API"
37719,7,2026,69,"API"
37720,7,2026,52,"API"
37721,7,2026,80,"API"
37722,7,2026,101,"API"
37723,7,2026,74,"API"
37724,7,2026,52,"API"
37725,7,2026,80,"API"
37726,7,2026,101,"API"
37727,7,2026,74,"API"
37728,7,2026,52,"API"
37730,7,2026,15,"API"
37731,7,2026,24,"API"
37732,7,2026,22,"API"
37733,7,2026,15,"API"
37734,7,2026,24,"API"
37735,7,2026,22,"API"
37736,7,2026,63,"API"
37737,7,2026,140,"API"
37738,7,2026,160,"API"
37739,7,2026,116,"API"
37740,7,2026,63,"API"
37741,7,2026,140,"API"
37742,7,2026,160,"API"
37743,7,2026,116,"API"
37744,7,2026,42,"API"
37745,7,2026,78,"API"
37746,7,2026,78,"API"
37747,7,2026,60,"API"
37748,7,2026,42,"API"
37749,7,2026,78,"API"
37750,7,2026,78,"API"
37751,7,2026,60,"API"
37752,7,2026,163,"API"
37753,7,2026,293,"API"
37754,7,2026,228,"API"
37755,7,2026,130,"API"
37756,7,2026,163,"API"
37757,7,2026,293,"API"
37758,7,2026,228,"API"
37759,7,2026,130,"API"
37760,7,2026,68,"API"
37761,7,2026,93,"API"
37762,7,2026,74,"API"
37763,7,2026,38,"API"
37764,7,2026,68,"API"
37765,7,2026,93,"API"
37766,7,2026,74,"API"
37767,7,2026,38,"API"
37784,7,2026,28,"API"
37785,7,2026,57,"API"
37786,7,2026,67,"API"
37787,7,2026,51,"API"
37790,7,2026,39,"API"
37791,7,2026,67,"API"
37792,7,2026,52,"API"
37793,7,2026,28,"API"
37794,7,2026,70,"API"
37796,7,2026,111,"API"
37797,7,2026,172,"API"
37798,7,2026,134,"API"
37799,7,2026,46,"API"
37800,7,2026,60,"API"
37801,7,2026,64,"API"
37802,7,2026,48,"API"
37803,7,2026,23,"API"
37806,7,2026,107,"API"
37807,7,2026,162,"API"
37808,7,2026,130,"API"
37809,7,2026,65,"API"
37810,7,2026,19,"API"
37811,7,2026,20,"API"
37812,7,2026,16,"API"
37813,7,2026,11,"API"
37815,7,2026,35,"API"
37816,7,2026,25,"API"
37817,7,2026,17,"API"
37818,7,2026,32,"API"
37819,7,2026,48,"API"
37820,7,2026,51,"API"
37821,7,2026,22,"API"
37822,7,2026,29,"API"
37823,7,2026,50,"API"
37824,7,2026,39,"API"
37825,7,2026,24,"API"
37826,7,2026,30,"API"
37827,7,2026,52,"API"
37828,7,2026,40,"API"
37829,7,2026,24,"API"
37830,7,2026,29,"API"
37831,7,2026,50,"API"
37832,7,2026,39,"API"
37833,7,2026,24,"API"
37834,7,2026,46,"API"
37835,7,2026,46,"API"
37836,7,2026,47,"API"
37837,7,2026,38,"API"
37838,7,2026,21,"API"
37839,7,2026,20,"API"
37840,7,2026,215,"API"
37841,7,2026,301,"API"
37842,7,2026,215,"API"
37843,7,2026,365,"API"
37844,7,2026,322,"API"
37845,7,2026,172,"API"
37846,7,2026,215,"API"
37847,7,2026,365,"API"
37848,7,2026,322,"API"
37849,7,2026,172,"API"
37850,7,2026,253,"API"
37851,7,2026,169,"API"
37852,7,2026,38,"API"
37853,7,2026,64,"API"
37854,7,2026,55,"API"
37855,7,2026,34,"API"
37856,7,2026,47,"API"
37857,7,2026,81,"API"
37858,7,2026,69,"API"
37859,7,2026,43,"API"
37860,7,2026,66,"API"
37861,7,2026,113,"API"
37862,7,2026,96,"API"
37863,7,2026,60,"API"
37864,7,2026,38,"API"
37865,7,2026,64,"API"
37866,7,2026,55,"API"
37867,7,2026,34,"API"
37868,7,2026,102,"API"
37869,7,2026,83,"API"
37870,7,2026,30,"API"
37871,7,2026,30,"API"
37872,7,2026,28,"API"
37873,7,2026,21,"API"
37874,7,2026,15,"API"
37875,7,2026,27,"API"
37876,7,2026,30,"API"
37877,7,2026,25,"API"
37878,7,2026,18,"API"
37880,7,2026,40,"API"
37881,7,2026,53,"API"
37882,7,2026,40,"API"
37883,7,2026,28,"API"
37884,7,2026,26,"API"
37886,7,2026,18,"API"
37887,7,2026,16,"API"
37888,7,2026,12,"API"
37889,7,2026,9,"API"
37890,7,2026,41,"API"
37891,7,2026,26,"API"
37892,7,2026,27,"API"
37893,7,2026,47,"API"
37894,7,2026,43,"API"
37895,7,2026,33,"API"
37896,7,2026,51,"API"
37897,7,2026,34,"API"
37898,7,2026,30,"API"
37903,7,2026,46,"API"
37904,7,2026,31,"API"
37905,7,2026,23,"API"
37944,7,2026,23,"API"
37945,7,2026,29,"API"
37946,7,2026,31,"API"
37947,7,2026,21,"API"
37956,7,2026,29,"API"
37957,7,2026,42,"API"
37958,7,2026,40,"API"
37959,7,2026,21,"API"
37960,7,2026,41,"API"
37961,7,2026,54,"API"
37962,7,2026,46,"API"
37963,7,2026,29,"API"
37964,7,2026,26,"API"
37965,7,2026,44,"API"
37966,7,2026,27,"API"
37967,7,2026,12,"API"
37968,7,2026,52,"API"
37969,7,2026,75,"API"
37970,7,2026,66,"API"
37971,7,2026,42,"API"
37972,7,2026,40,"API"
37973,7,2026,76,"API"
37974,7,2026,64,"API"
37975,7,2026,35,"API"
37976,7,2026,24,"API"
37977,7,2026,46,"API"
37978,7,2026,78,"API"
37979,7,2026,66,"API"
37980,7,2026,39,"API"
37989,7,2026,81,"API"
37990,7,2026,122,"API"
37991,7,2026,103,"API"
37992,7,2026,63,"API"
37993,7,2026,81,"API"
37994,7,2026,122,"API"
37995,7,2026,103,"API"
37996,7,2026,63,"API"
37997,7,2026,106,"API"
37998,7,2026,156,"API"
37999,7,2026,114,"API"
38000,7,2026,46,"API"
38001,7,2026,106,"API"
38002,7,2026,156,"API"
38003,7,2026,114,"API"
38004,7,2026,46,"API"
38005,7,2026,43,"API"
38006,7,2026,60,"API"
38007,7,2026,45,"API"
38008,7,2026,24,"API"
38009,7,2026,43,"API"
38010,7,2026,60,"API"
38011,7,2026,45,"API"
38012,7,2026,24,"API"
38014,7,2026,9,"API"
38015,7,2026,33,"API"
38016,7,2026,16,"API"
38017,7,2026,34,"API"
38018,7,2026,17,"API"
38019,7,2026,30,"API"
38020,7,2026,16,"API"
38021,7,2026,8,"API"
38022,7,2026,7,"API"
38023,7,2026,16,"API"
38024,7,2026,13,"API"
38025,7,2026,18,"API"
38026,7,2026,13,"API"
38027,7,2026,16,"API"
38028,7,2026,11,"API"
38029,7,2026,13,"API"
38030,7,2026,6,"API"
38031,7,2026,7,"API"
38032,7,2026,15,"API"
38033,7,2026,16,"API"
38034,7,2026,16,"API"
38035,7,2026,17,"API"
38036,7,2026,12,"API"
38037,7,2026,12,"API"
38038,7,2026,11,"API"
38039,7,2026,22,"API"
38040,7,2026,44,"API"
38041,7,2026,35,"API"
38042,7,2026,21,"API"
38043,7,2026,18,"API"
38044,7,2026,30,"API"
38045,7,2026,25,"API"
38046,7,2026,17,"API"
38047,7,2026,16,"API"
38048,7,2026,27,"API"
38049,7,2026,29,"API"
38050,7,2026,25,"API"
38055,7,2026,21,"API"
38056,7,2026,32,"API"
38057,7,2026,35,"API"
38058,7,2026,23,"API"
38059,7,2026,23,"API"
38060,7,2026,29,"API"
38061,7,2026,31,"API"
38062,7,2026,21,"API"
38063,7,2026,29,"API"
38064,7,2026,42,"API"
38065,7,2026,40,"API"
38066,7,2026,21,"API"
38286,7,2026,12,"API"
38287,7,2026,38,"API"
38288,7,2026,45,"API"
38289,7,2026,44,"API"
38290,7,2026,30,"API"
38291,7,2026,87,"API"
38292,7,2026,75,"API"
38293,7,2026,12,"API"
38294,7,2026,12,"API"
38295,7,2026,41,"API"
38296,7,2026,51,"API"
38297,7,2026,41,"API"
38298,7,2026,12,"API"
38299,7,2026,41,"API"
38300,7,2026,51,"API"
38301,7,2026,41,"API"
38307,7,2026,57,"API"
38308,7,2026,101,"API"
38309,7,2026,86,"API"
38310,7,2026,51,"API"
38315,7,2026,57,"API"
38316,7,2026,101,"API"
38317,7,2026,86,"API"
38318,7,2026,51,"API"
38322,7,2026,19,"API"
38323,7,2026,29,"API"
38324,7,2026,27,"API"
38325,7,2026,19,"API"
38326,7,2026,44,"API"
38327,7,2026,69,"API"
38328,7,2026,62,"API"
38329,7,2026,44,"API"
38343,7,2026,30,"API"
38344,7,2026,27,"API"
38364,7,2026,38,"API"
38365,7,2026,64,"API"
38366,7,2026,50,"API"
38367,7,2026,27,"API"
38368,7,2026,38,"API"
38369,7,2026,64,"API"
38370,7,2026,50,"API"
38371,7,2026,27,"API"
38372,7,2026,35,"API"
38373,7,2026,60,"API"
38374,7,2026,50,"API"
38375,7,2026,30,"API"
38376,7,2026,15,"API"
38377,7,2026,26,"API"
38378,7,2026,21,"API"
38379,7,2026,13,"API"
38380,7,2026,36,"API"
38381,7,2026,63,"API"
38382,7,2026,63,"API"
38383,7,2026,18,"API"
38384,7,2026,36,"API"
38385,7,2026,63,"API"
38386,7,2026,63,"API"
38387,7,2026,18,"API"
38433,7,2026,37,"API"
38434,7,2026,73,"API"
38435,7,2026,67,"API"
38436,7,2026,39,"API"
38437,7,2026,49,"API"
38438,7,2026,99,"API"
38439,7,2026,90,"API"
38440,7,2026,52,"API"
38441,7,2026,19,"API"
38442,7,2026,39,"API"
38443,7,2026,35,"API"
38444,7,2026,20,"API"
38445,7,2026,21,"API"
38446,7,2026,43,"API"
38447,7,2026,39,"API"
38448,7,2026,23,"API"
38449,7,2026,21,"API"
38450,7,2026,43,"API"
38451,7,2026,39,"API"
38452,7,2026,23,"API"
38453,7,2026,26,"API"
38454,7,2026,52,"API"
38455,7,2026,47,"API"
38456,7,2026,27,"API"
38457,7,2026,26,"API"
38458,7,2026,52,"API"
38459,7,2026,47,"API"
38460,7,2026,27,"API"
38461,7,2026,15,"API"
38462,7,2026,30,"API"
38463,7,2026,27,"API"
38464,7,2026,16,"API"
4023,7,2026,46,"API"
4024,7,2026,87,"API"
4025,7,2026,77,"API"
4026,7,2026,104,"API"
4027,7,2026,160,"API"
4028,7,2026,127,"API"
4106,7,2026,91,"API"
4107,7,2026,188,"API"
4108,7,2026,170,"API"
4109,7,2026,90,"API"
4124,7,2026,221,"API"
4125,7,2026,394,"API"
4126,7,2026,331,"API"
4127,7,2026,194,"API"
4128,7,2026,268,"API"
4129,7,2026,533,"API"
4130,7,2026,474,"API"
4131,7,2026,244,"API"
4138,7,2026,133,"API"
4139,7,2026,242,"API"
4140,7,2026,207,"API"
4141,7,2026,115,"API"
5851,7,2026,206,"API"
5852,7,2026,324,"API"
5853,7,2026,247,"API"
5854,7,2026,61,"API"
5855,7,2026,77,"API"
5856,7,2026,63,"API"
6347,7,2026,31,"API"
6348,7,2026,87,"API"
6349,7,2026,78,"API"
6350,7,2026,37,"API"
6399,7,2026,33,"API"
6400,7,2026,78,"API"
6401,7,2026,73,"API"
6402,7,2026,41,"API"
6442,7,2026,216,"API"
6443,7,2026,864,"API"
6444,7,2026,813,"API"
6445,7,2026,487,"API"
6474,7,2026,157,"API"
6475,7,2026,681,"API"
6476,7,2026,702,"API"
6477,7,2026,424,"API"
6482,7,2026,69,"API"
6483,7,2026,253,"API"
6484,7,2026,264,"API"
6485,7,2026,158,"API"
6499,7,2026,122,"API"
6500,7,2026,480,"API"
6501,7,2026,512,"API"
6502,7,2026,321,"API"
6708,7,2026,34,"API"
6709,7,2026,61,"API"
6710,7,2026,66,"API"
6711,7,2026,50,"API"
6712,7,2026,15,"API"
6713,7,2026,23,"API"
6714,7,2026,25,"API"
6715,7,2026,20,"API"
6734,7,2026,79,"API"
6735,7,2026,84,"API"
6736,7,2026,70,"API"
6743,7,2026,104,"API"
6744,7,2026,221,"API"
6745,7,2026,211,"API"
6746,7,2026,138,"API"
6747,7,2026,35,"API"
6762,7,2026,21,"API"
6763,7,2026,29,"API"
6764,7,2026,31,"API"
6765,7,2026,23,"API"
6766,7,2026,33,"API"
6767,7,2026,67,"API"
6768,7,2026,65,"API"
6769,7,2026,65,"API"
6823,7,2026,99,"API"
6824,7,2026,100,"API"
6825,7,2026,62,"API"
6827,7,2026,51,"API"
6828,7,2026,63,"API"
6829,7,2026,47,"API"
6869,7,2026,258,"API"
6870,7,2026,531,"API"
6871,7,2026,518,"API"
6872,7,2026,346,"API"
6873,7,2026,49,"API"
6874,7,2026,107,"API"
6875,7,2026,136,"API"
6876,7,2026,89,"API"
7024,7,2026,53,"API"
7025,7,2026,129,"API"
7026,7,2026,114,"API"
7027,7,2026,84,"API"
7032,7,2026,20,"API"
7033,7,2026,68,"API"
7034,7,2026,66,"API"
7035,7,2026,45,"API"
7108,7,2026,74,"API"
7109,7,2026,132,"API"
7110,7,2026,132,"API"
7111,7,2026,79,"API"
8028,7,2026,33,"API"
8029,7,2026,91,"API"
8047,7,2026,119,"API"
8048,7,2026,83,"API"
8053,7,2026,134,"API"
8054,7,2026,339,"API"
8055,7,2026,427,"API"
8056,7,2026,287,"API"
8057,7,2026,82,"API"
8058,7,2026,205,"API"
8059,7,2026,257,"API"
8060,7,2026,184,"API"
8064,7,2026,59,"API"
8065,7,2026,150,"API"
8066,7,2026,208,"API"
8067,7,2026,135,"API"
8899,7,2026,17,"API"
8900,7,2026,45,"API"
8901,7,2026,41,"API"
8902,7,2026,23,"API"
8947,7,2026,38,"API"
8948,7,2026,100,"API"
8949,7,2026,102,"API"
8950,7,2026,78,"API"
9066,7,2026,35,"API"
9067,7,2026,62,"API"
9068,7,2026,62,"API"
9069,7,2026,42,"API"
9070,7,2026,30,"API"
9071,7,2026,18,"API"
9072,7,2026,29,"API"
9073,7,2026,28,"API"
9074,7,2026,24,"API"
9075,7,2026,14,"API"
9144,7,2026,39,"API"
9145,7,2026,32,"API"
9161,7,2026,78,"API"
9162,7,2026,111,"API"
9163,7,2026,97,"API"
9164,7,2026,64,"API"
9165,7,2026,30,"API"
9166,7,2026,50,"API"
9187,7,2026,42,"API"
9188,7,2026,76,"API"
9189,7,2026,66,"API"
9190,7,2026,45,"API"
9195,7,2026,35,"API"
9196,7,2026,54,"API"
9197,7,2026,53,"API"
9198,7,2026,31,"API"
9203,7,2026,44,"API"
9204,7,2026,69,"API"
9205,7,2026,63,"API"
9206,7,2026,41,"API"
9207,7,2026,61,"API"
9208,7,2026,46,"API"
9209,7,2026,16,"API"
9210,7,2026,33,"API"
9211,7,2026,39,"API"
9212,7,2026,27,"API"
9221,7,2026,26,"API"
9222,7,2026,62,"API"
9316,7,2026,32,"API"
9317,7,2026,46,"API"
9318,7,2026,36,"API"
9619,7,2026,73,"API"
9620,7,2026,78,"API"
9621,7,2026,58,"API"
9652,7,2026,34,"API"
9666,7,2026,46,"API"
9667,7,2026,121,"API"
9668,7,2026,125,"API"
9669,7,2026,97,"API"
9674,7,2026,28,"API"
9675,7,2026,74,"API"
9676,7,2026,78,"API"
9677,7,2026,56,"API"
9812,7,2026,101,"API"
9813,7,2026,144,"API"
9814,7,2026,107,"API"
9815,7,2026,83,"API"
9816,7,2026,112,"API"
9817,7,2026,84,"API"
9868,7,2026,153,"API"
9869,7,2026,251,"API"
9870,7,2026,187,"API"
9892,7,2026,177,"API"
9893,7,2026,347,"API"
9894,7,2026,269,"API"
9898,7,2026,116,"API"
9899,7,2026,198,"API"
9900,7,2026,127,"API"
9953,7,2026,58,"API"
9954,7,2026,133,"API"
9955,7,2026,147,"API"
9956,7,2026,90,"API"
9957,7,2026,68,"API"
9958,7,2026,159,"API"
9959,7,2026,178,"API"
9960,7,2026,128,"API"
9981,7,2026,48,"API"
9982,7,2026,110,"API"
9983,7,2026,126,"API"
9984,7,2026,84,"API"
10430,8,2026,62,"AJUSTE_BRANCO_40_PCT"
10431,8,2026,48,"AJUSTE_BRANCO_40_PCT"
10458,8,2026,29,"AJUSTE_BRANCO_40_PCT"
10464,8,2026,111,"API"
10476,8,2026,150,"API"
10477,8,2026,208,"API"
10478,8,2026,171,"API"
10479,8,2026,53,"AJUSTE_BRANCO_40_PCT"
10480,8,2026,120,"API"
10481,8,2026,184,"API"
10482,8,2026,183,"API"
10483,8,2026,100,"API"
10494,8,2026,146,"API"
10495,8,2026,250,"API"
10496,8,2026,226,"API"
10497,8,2026,32,"AJUSTE_BRANCO_40_PCT"
10498,8,2026,56,"AJUSTE_BRANCO_40_PCT"
10499,8,2026,46,"AJUSTE_BRANCO_40_PCT"
10783,8,2026,10,"AJUSTE_BRANCO_40_PCT"
10784,8,2026,18,"AJUSTE_BRANCO_40_PCT"
10785,8,2026,18,"AJUSTE_BRANCO_40_PCT"
10786,8,2026,37,"API"
10787,8,2026,61,"API"
10788,8,2026,68,"API"
13561,8,2026,82,"API"
13562,8,2026,57,"API"
13576,8,2026,113,"API"
13586,8,2026,179,"API"
13587,8,2026,162,"API"
13588,8,2026,104,"API"
13589,8,2026,73,"API"
13595,8,2026,114,"API"
16030,8,2026,36,"API"
16031,8,2026,41,"API"
16032,8,2026,37,"API"
16033,8,2026,29,"API"
16034,8,2026,34,"API"
16035,8,2026,34,"API"
16036,8,2026,28,"API"
16037,8,2026,24,"API"
16042,8,2026,84,"API"
16043,8,2026,93,"API"
16044,8,2026,64,"API"
16045,8,2026,47,"API"
16046,8,2026,138,"API"
16047,8,2026,135,"API"
16048,8,2026,86,"API"
16049,8,2026,58,"API"
16050,8,2026,70,"API"
16051,8,2026,81,"API"
16052,8,2026,66,"API"
16053,8,2026,157,"API"
16054,8,2026,178,"API"
16055,8,2026,140,"API"
16056,8,2026,50,"API"
16057,8,2026,62,"API"
16058,8,2026,47,"API"
16059,8,2026,37,"API"
16064,8,2026,67,"API"
16065,8,2026,78,"API"
16066,8,2026,56,"API"
16067,8,2026,43,"API"
16433,8,2026,54,"AJUSTE_BRANCO_40_PCT"
16434,8,2026,85,"AJUSTE_BRANCO_40_PCT"
16435,8,2026,60,"AJUSTE_BRANCO_40_PCT"
16436,8,2026,12,"AJUSTE_BRANCO_40_PCT"
16437,8,2026,520,"API"
16438,8,2026,821,"API"
16439,8,2026,497,"API"
16440,8,2026,20,"API"
16441,8,2026,611,"API"
16442,8,2026,982,"API"
16443,8,2026,571,"API"
16444,8,2026,124,"API"
16453,8,2026,89,"AJUSTE_BRANCO_40_PCT"
16454,8,2026,154,"AJUSTE_BRANCO_40_PCT"
16455,8,2026,95,"AJUSTE_BRANCO_40_PCT"
16456,8,2026,41,"AJUSTE_BRANCO_40_PCT"
16457,8,2026,577,"API"
16458,8,2026,1073,"API"
16459,8,2026,726,"API"
16460,8,2026,282,"API"
16461,8,2026,730,"API"
16462,8,2026,1393,"API"
16463,8,2026,884,"API"
16464,8,2026,342,"API"
16664,8,2026,64,"API"
16665,8,2026,64,"API"
16666,8,2026,40,"API"
16667,8,2026,30,"API"
16694,8,2026,19,"API"
16695,8,2026,72,"API"
16696,8,2026,77,"API"
16697,8,2026,55,"API"
16698,8,2026,19,"API"
16699,8,2026,73,"API"
16700,8,2026,84,"API"
16701,8,2026,61,"API"
16713,8,2026,381,"API"
16714,8,2026,713,"API"
16715,8,2026,656,"API"
16716,8,2026,398,"API"
16748,8,2026,69,"API"
16749,8,2026,223,"API"
16750,8,2026,186,"API"
16751,8,2026,103,"API"
16756,8,2026,87,"API"
16757,8,2026,336,"API"
16758,8,2026,312,"API"
16759,8,2026,153,"API"
16855,8,2026,390,"API"
16856,8,2026,610,"API"
16857,8,2026,356,"API"
16858,8,2026,85,"API"
16863,8,2026,61,"API"
16864,8,2026,183,"API"
16865,8,2026,160,"API"
16866,8,2026,83,"API"
16879,8,2026,420,"API"
16880,8,2026,824,"API"
16881,8,2026,517,"API"
16882,8,2026,196,"API"
16912,8,2026,49,"API"
16913,8,2026,92,"API"
16914,8,2026,65,"API"
16915,8,2026,40,"API"
16916,8,2026,13,"API"
16917,8,2026,22,"API"
16918,8,2026,20,"API"
16919,8,2026,18,"API"
16933,8,2026,80,"API"
16934,8,2026,74,"API"
16935,8,2026,51,"API"
16936,8,2026,37,"API"
16976,8,2026,48,"API"
16977,8,2026,106,"API"
16978,8,2026,90,"API"
16979,8,2026,48,"API"
17581,8,2026,78,"API"
17582,8,2026,151,"API"
17583,8,2026,126,"API"
17584,8,2026,72,"API"
17585,8,2026,86,"API"
17586,8,2026,172,"API"
17587,8,2026,138,"API"
17588,8,2026,71,"API"
17626,8,2026,123,"API"
17627,8,2026,124,"API"
17628,8,2026,89,"API"
17681,8,2026,35,"AJUSTE_BRANCO_40_PCT"
17682,8,2026,84,"AJUSTE_BRANCO_40_PCT"
17683,8,2026,76,"AJUSTE_BRANCO_40_PCT"
17684,8,2026,233,"API"
17685,8,2026,591,"API"
17686,8,2026,560,"API"
17687,8,2026,143,"API"
17688,8,2026,377,"API"
17689,8,2026,360,"API"
17690,8,2026,243,"API"
17691,8,2026,590,"API"
17692,8,2026,544,"API"
17748,8,2026,44,"API"
17749,8,2026,77,"API"
17750,8,2026,66,"API"
17754,8,2026,47,"API"
17755,8,2026,72,"API"
17756,8,2026,62,"API"
17766,8,2026,69,"API"
17767,8,2026,87,"API"
17768,8,2026,120,"API"
17781,8,2026,28,"AJUSTE_BRANCO_40_PCT"
17782,8,2026,51,"AJUSTE_BRANCO_40_PCT"
17783,8,2026,40,"AJUSTE_BRANCO_40_PCT"
17784,8,2026,21,"AJUSTE_BRANCO_40_PCT"
17987,8,2026,20,"API"
17988,8,2026,77,"API"
17989,8,2026,80,"API"
17990,8,2026,57,"API"
18030,8,2026,43,"API"
18031,8,2026,64,"API"
18032,8,2026,58,"API"
18033,8,2026,41,"API"
18034,8,2026,73,"API"
18035,8,2026,112,"API"
18036,8,2026,99,"API"
18037,8,2026,68,"API"
18038,8,2026,39,"API"
18039,8,2026,58,"API"
18040,8,2026,51,"API"
18041,8,2026,39,"API"
18058,8,2026,156,"API"
18059,8,2026,331,"API"
18060,8,2026,397,"API"
18061,8,2026,318,"API"
18062,8,2026,209,"API"
18063,8,2026,515,"API"
18064,8,2026,621,"API"
18065,8,2026,467,"API"
18066,8,2026,91,"API"
18067,8,2026,221,"API"
18068,8,2026,276,"API"
18069,8,2026,207,"API"
18078,8,2026,114,"API"
18079,8,2026,234,"API"
18080,8,2026,252,"API"
18081,8,2026,169,"API"
18082,8,2026,382,"API"
18083,8,2026,419,"API"
18084,8,2026,94,"API"
18085,8,2026,209,"API"
18086,8,2026,221,"API"
18093,8,2026,46,"API"
18094,8,2026,81,"API"
18095,8,2026,95,"API"
18096,8,2026,71,"API"
18097,8,2026,70,"API"
18098,8,2026,144,"API"
18099,8,2026,168,"API"
18100,8,2026,130,"API"
18101,8,2026,35,"API"
18102,8,2026,66,"API"
18103,8,2026,72,"API"
18104,8,2026,53,"API"
18170,8,2026,30,"AJUSTE_BRANCO_40_PCT"
18171,8,2026,69,"AJUSTE_BRANCO_40_PCT"
18172,8,2026,82,"AJUSTE_BRANCO_40_PCT"
18173,8,2026,60,"AJUSTE_BRANCO_40_PCT"
18277,8,2026,45,"AJUSTE_BRANCO_40_PCT"
18278,8,2026,305,"API"
18279,8,2026,207,"API"
18280,8,2026,357,"API"
18281,8,2026,23,"API"
18282,8,2026,32,"API"
18283,8,2026,38,"API"
18284,8,2026,35,"API"
18632,8,2026,25,"API"
18633,8,2026,51,"API"
18634,8,2026,60,"API"
18635,8,2026,48,"API"
18640,8,2026,32,"API"
18641,8,2026,92,"API"
18642,8,2026,111,"API"
18643,8,2026,83,"API"
18973,8,2026,14,"API"
18974,8,2026,27,"API"
18975,8,2026,21,"API"
18976,8,2026,19,"API"
18977,8,2026,17,"API"
18978,8,2026,24,"API"
18979,8,2026,20,"API"
18980,8,2026,10,"API"
18985,8,2026,14,"API"
18986,8,2026,22,"API"
18987,8,2026,17,"API"
18988,8,2026,14,"API"
19278,8,2026,37,"API"
19279,8,2026,62,"API"
19280,8,2026,58,"API"
19281,8,2026,36,"API"
19282,8,2026,63,"API"
19283,8,2026,96,"API"
19284,8,2026,91,"API"
19285,8,2026,59,"API"
19298,8,2026,62,"API"
19299,8,2026,179,"API"
19300,8,2026,141,"API"
19307,8,2026,85,"API"
19308,8,2026,170,"API"
19309,8,2026,129,"API"
19310,8,2026,82,"API"
19311,8,2026,146,"API"
19312,8,2026,103,"API"
19319,8,2026,66,"API"
19320,8,2026,124,"API"
19321,8,2026,81,"API"
19348,8,2026,3,"API"
19350,8,2026,15,"API"
19351,8,2026,9,"API"
19352,8,2026,17,"API"
19353,8,2026,8,"API"
19354,8,2026,15,"API"
19355,8,2026,27,"API"
19356,8,2026,20,"API"
19357,8,2026,13,"API"
19358,8,2026,22,"API"
19359,8,2026,29,"API"
19360,8,2026,16,"API"
19361,8,2026,20,"API"
19362,8,2026,31,"API"
19363,8,2026,16,"API"
19364,8,2026,14,"API"
19366,8,2026,9,"API"
19367,8,2026,51,"API"
19368,8,2026,39,"API"
19369,8,2026,26,"API"
19370,8,2026,26,"API"
19371,8,2026,15,"API"
19372,8,2026,54,"API"
19373,8,2026,96,"API"
19374,8,2026,40,"API"
19375,8,2026,76,"API"
19376,8,2026,96,"API"
19377,8,2026,78,"API"
19378,8,2026,50,"API"
19379,8,2026,28,"API"
19381,8,2026,34,"API"
19382,8,2026,198,"API"
19383,8,2026,163,"API"
19384,8,2026,91,"API"
19385,8,2026,77,"API"
19386,8,2026,43,"API"
19387,8,2026,240,"API"
19388,8,2026,274,"API"
19389,8,2026,127,"API"
19390,8,2026,231,"API"
19391,8,2026,250,"API"
19392,8,2026,16,"API"
19394,8,2026,26,"API"
19395,8,2026,35,"API"
19396,8,2026,23,"API"
19397,8,2026,20,"API"
19398,8,2026,44,"API"
19399,8,2026,59,"API"
19400,8,2026,32,"API"
19401,8,2026,15,"API"
19402,8,2026,41,"API"
19403,8,2026,69,"API"
19404,8,2026,22,"API"
19405,8,2026,38,"API"
19406,8,2026,25,"API"
19408,8,2026,66,"API"
19409,8,2026,82,"API"
19410,8,2026,48,"API"
19411,8,2026,31,"API"
19412,8,2026,100,"API"
19413,8,2026,132,"API"
19414,8,2026,57,"API"
19415,8,2026,26,"API"
19416,8,2026,87,"API"
19417,8,2026,106,"API"
19418,8,2026,38,"API"
19419,8,2026,76,"API"
19598,8,2026,14,"API"
19599,8,2026,20,"API"
19618,8,2026,108,"API"
19620,8,2026,60,"API"
19621,8,2026,56,"API"
19622,8,2026,25,"API"
19623,8,2026,39,"API"
19655,8,2026,256,"API"
19657,8,2026,143,"API"
19658,8,2026,165,"API"
21350,8,2026,12,"AJUSTE_BRANCO_40_PCT"
21351,8,2026,17,"AJUSTE_BRANCO_40_PCT"
21352,8,2026,15,"AJUSTE_BRANCO_40_PCT"
21353,8,2026,43,"API"
21354,8,2026,86,"API"
21355,8,2026,53,"API"
21359,8,2026,28,"API"
21360,8,2026,40,"API"
21361,8,2026,18,"API"
21365,8,2026,95,"API"
21366,8,2026,169,"API"
21367,8,2026,151,"API"
21368,8,2026,100,"API"
21369,8,2026,187,"API"
21370,8,2026,148,"API"
22358,8,2026,83,"API"
22359,8,2026,163,"API"
22360,8,2026,183,"API"
22361,8,2026,141,"API"
22362,8,2026,97,"API"
22760,8,2026,10,"API"
22761,8,2026,9,"API"
22762,8,2026,3,"API"
22763,8,2026,18,"API"
22764,8,2026,21,"API"
22765,8,2026,15,"API"
22766,8,2026,8,"API"
22767,8,2026,19,"API"
22768,8,2026,27,"API"
22770,8,2026,15,"API"
22771,8,2026,20,"API"
22772,8,2026,21,"API"
22773,8,2026,13,"API"
22774,8,2026,6,"API"
22775,8,2026,13,"API"
22776,8,2026,8,"API"
22778,8,2026,13,"API"
22779,8,2026,13,"API"
22780,8,2026,7,"API"
22781,8,2026,32,"API"
22782,8,2026,40,"API"
22783,8,2026,19,"API"
22784,8,2026,9,"API"
22785,8,2026,42,"API"
22786,8,2026,47,"API"
22788,8,2026,21,"API"
22789,8,2026,43,"API"
22790,8,2026,33,"API"
22791,8,2026,13,"API"
22792,8,2026,16,"API"
22793,8,2026,23,"API"
22794,8,2026,12,"API"
23091,8,2026,52,"AJUSTE_BRANCO_40_PCT"
23092,8,2026,187,"API"
23387,8,2026,26,"API"
23388,8,2026,75,"API"
23389,8,2026,101,"API"
23390,8,2026,66,"API"
23391,8,2026,16,"API"
23392,8,2026,27,"API"
23393,8,2026,29,"API"
23394,8,2026,33,"API"
24079,8,2026,16,"API"
24080,8,2026,11,"API"
24081,8,2026,11,"API"
24082,8,2026,22,"API"
24083,8,2026,21,"API"
24084,8,2026,9,"API"
24085,8,2026,11,"API"
24086,8,2026,26,"API"
24087,8,2026,22,"API"
24088,8,2026,10,"API"
24089,8,2026,10,"API"
24090,8,2026,21,"API"
24091,8,2026,16,"API"
24092,8,2026,14,"API"
24093,8,2026,12,"API"
24094,8,2026,20,"API"
24095,8,2026,18,"API"
24096,8,2026,11,"API"
24097,8,2026,34,"API"
24098,8,2026,37,"API"
24099,8,2026,17,"API"
24100,8,2026,7,"API"
24101,8,2026,41,"API"
24102,8,2026,36,"API"
24103,8,2026,12,"API"
24104,8,2026,15,"API"
24105,8,2026,31,"API"
24106,8,2026,25,"API"
24107,8,2026,21,"API"
24108,8,2026,17,"API"
24234,8,2026,77,"API"
24235,8,2026,77,"API"
24236,8,2026,65,"API"
24237,8,2026,43,"API"
25620,8,2026,227,"API"
25621,8,2026,477,"API"
25622,8,2026,330,"API"
25623,8,2026,131,"API"
25624,8,2026,218,"API"
25625,8,2026,447,"API"
25626,8,2026,313,"API"
25627,8,2026,123,"API"
25628,8,2026,161,"API"
25629,8,2026,320,"API"
25630,8,2026,231,"API"
25631,8,2026,87,"API"
25640,8,2026,162,"API"
25641,8,2026,429,"API"
25642,8,2026,366,"API"
25643,8,2026,197,"API"
25644,8,2026,188,"API"
25645,8,2026,459,"API"
25646,8,2026,371,"API"
25647,8,2026,193,"API"
25648,8,2026,144,"API"
25649,8,2026,346,"API"
25650,8,2026,278,"API"
25651,8,2026,143,"API"
25660,8,2026,283,"API"
25661,8,2026,590,"API"
25662,8,2026,372,"API"
25663,8,2026,140,"API"
25664,8,2026,160,"API"
25665,8,2026,340,"API"
25666,8,2026,211,"API"
25667,8,2026,74,"API"
25668,8,2026,229,"API"
25669,8,2026,469,"API"
25670,8,2026,289,"API"
25671,8,2026,110,"API"
25721,8,2026,27,"API"
25722,8,2026,25,"API"
25723,8,2026,31,"API"
25724,8,2026,23,"API"
25725,8,2026,21,"API"
25726,8,2026,34,"API"
25727,8,2026,38,"API"
25728,8,2026,19,"API"
25729,8,2026,18,"API"
25730,8,2026,27,"API"
25731,8,2026,26,"API"
25732,8,2026,17,"API"
25737,8,2026,34,"API"
25738,8,2026,72,"API"
25739,8,2026,42,"API"
25740,8,2026,25,"API"
25745,8,2026,24,"API"
25746,8,2026,41,"API"
25747,8,2026,33,"API"
25748,8,2026,22,"API"
25753,8,2026,46,"API"
25754,8,2026,85,"API"
25755,8,2026,53,"API"
25756,8,2026,30,"API"
25761,8,2026,33,"API"
25762,8,2026,58,"API"
25763,8,2026,46,"API"
25764,8,2026,28,"API"
25963,8,2026,37,"API"
25964,8,2026,42,"API"
25965,8,2026,37,"API"
25967,8,2026,35,"API"
25968,8,2026,34,"API"
25969,8,2026,18,"API"
25986,8,2026,35,"API"
25987,8,2026,107,"API"
25988,8,2026,98,"API"
25989,8,2026,50,"API"
25990,8,2026,22,"API"
25991,8,2026,44,"API"
25992,8,2026,23,"API"
25993,8,2026,31,"API"
26019,8,2026,8,"API"
26020,8,2026,10,"API"
26021,8,2026,9,"API"
26022,8,2026,8,"API"
26318,8,2026,23,"API"
26320,8,2026,21,"API"
27047,8,2026,47,"AJUSTE_BRANCO_40_PCT"
27048,8,2026,91,"AJUSTE_BRANCO_40_PCT"
27049,8,2026,67,"AJUSTE_BRANCO_40_PCT"
27050,8,2026,25,"AJUSTE_BRANCO_40_PCT"
27051,8,2026,54,"AJUSTE_BRANCO_40_PCT"
27052,8,2026,111,"AJUSTE_BRANCO_40_PCT"
27053,8,2026,72,"AJUSTE_BRANCO_40_PCT"
27054,8,2026,26,"AJUSTE_BRANCO_40_PCT"
27055,8,2026,34,"AJUSTE_BRANCO_40_PCT"
27056,8,2026,85,"AJUSTE_BRANCO_40_PCT"
27057,8,2026,67,"AJUSTE_BRANCO_40_PCT"
27058,8,2026,34,"AJUSTE_BRANCO_40_PCT"
27099,8,2026,60,"API"
27100,8,2026,72,"API"
27101,8,2026,48,"API"
27102,8,2026,33,"API"
27103,8,2026,19,"API"
27104,8,2026,70,"API"
27105,8,2026,89,"API"
27106,8,2026,66,"API"
27107,8,2026,46,"API"
27108,8,2026,30,"API"
27600,8,2026,50,"API"
27601,8,2026,114,"API"
27602,8,2026,84,"API"
27603,8,2026,43,"API"
27604,8,2026,80,"API"
27605,8,2026,52,"API"
27677,8,2026,28,"API"
27678,8,2026,76,"API"
27679,8,2026,86,"API"
27680,8,2026,64,"API"
27681,8,2026,36,"API"
27682,8,2026,97,"API"
27683,8,2026,101,"API"
27684,8,2026,69,"API"
27969,8,2026,33,"AJUSTE_BRANCO_40_PCT"
27970,8,2026,40,"AJUSTE_BRANCO_40_PCT"
27971,8,2026,32,"AJUSTE_BRANCO_40_PCT"
27972,8,2026,14,"AJUSTE_BRANCO_40_PCT"
27973,8,2026,48,"API"
27974,8,2026,60,"API"
27975,8,2026,36,"API"
27976,8,2026,17,"API"
27977,8,2026,97,"API"
27978,8,2026,148,"API"
27979,8,2026,117,"API"
27980,8,2026,54,"API"
28606,8,2026,61,"API"
28607,8,2026,63,"API"
28608,8,2026,40,"API"
28609,8,2026,31,"API"
28610,8,2026,22,"API"
28612,8,2026,67,"API"
28613,8,2026,67,"API"
28614,8,2026,44,"API"
28615,8,2026,32,"API"
28625,8,2026,73,"API"
28626,8,2026,211,"API"
28627,8,2026,251,"API"
28628,8,2026,180,"API"
28629,8,2026,139,"API"
28630,8,2026,266,"API"
28631,8,2026,251,"API"
28632,8,2026,152,"API"
28633,8,2026,82,"API"
28634,8,2026,198,"API"
28635,8,2026,240,"API"
28636,8,2026,185,"API"
28637,8,2026,144,"API"
28638,8,2026,388,"API"
28639,8,2026,366,"API"
28640,8,2026,218,"API"
28641,8,2026,213,"API"
28642,8,2026,798,"API"
28643,8,2026,865,"API"
28644,8,2026,555,"API"
28645,8,2026,161,"API"
28646,8,2026,324,"API"
28647,8,2026,234,"API"
28648,8,2026,87,"API"
28649,8,2026,176,"API"
28650,8,2026,361,"API"
28651,8,2026,224,"API"
28652,8,2026,82,"API"
28653,8,2026,138,"API"
28654,8,2026,330,"API"
28655,8,2026,266,"API"
28656,8,2026,147,"API"
29094,8,2026,25,"API"
29095,8,2026,39,"API"
29096,8,2026,35,"API"
29097,8,2026,23,"API"
29141,8,2026,63,"API"
29142,8,2026,49,"API"
29143,8,2026,21,"API"
29144,8,2026,17,"API"
29145,8,2026,33,"API"
29146,8,2026,29,"API"
29147,8,2026,21,"API"
29148,8,2026,18,"API"
29415,8,2026,107,"API"
29416,8,2026,95,"API"
29417,8,2026,81,"API"
29418,8,2026,77,"API"
29419,8,2026,74,"API"
29420,8,2026,70,"API"
29424,8,2026,72,"API"
29425,8,2026,58,"API"
29426,8,2026,59,"API"
29427,8,2026,83,"API"
29428,8,2026,85,"API"
29429,8,2026,73,"API"
29448,8,2026,63,"API"
29449,8,2026,35,"API"
29450,8,2026,35,"API"
29454,8,2026,66,"API"
29455,8,2026,53,"API"
29456,8,2026,41,"API"
29552,8,2026,62,"API"
29553,8,2026,19,"API"
29617,8,2026,13,"API"
29618,8,2026,23,"API"
29619,8,2026,18,"API"
29620,8,2026,20,"API"
29875,8,2026,89,"API"
29876,8,2026,89,"API"
29877,8,2026,65,"API"
29881,8,2026,47,"API"
29882,8,2026,51,"API"
29883,8,2026,43,"API"
29971,8,2026,6,"AJUSTE_BRANCO_40_PCT"
29972,8,2026,25,"API"
29973,8,2026,22,"API"
30003,8,2026,45,"API"
30004,8,2026,42,"API"
30005,8,2026,31,"API"
30006,8,2026,27,"API"
30007,8,2026,24,"API"
30008,8,2026,19,"API"
30061,8,2026,266,"API"
30062,8,2026,362,"API"
30063,8,2026,275,"API"
30064,8,2026,154,"API"
30065,8,2026,145,"API"
30066,8,2026,191,"API"
30067,8,2026,158,"API"
30068,8,2026,97,"API"
30097,8,2026,65,"API"
30101,8,2026,100,"API"
30105,8,2026,102,"API"
30109,8,2026,67,"API"
30150,8,2026,12,"API"
30151,8,2026,12,"API"
30153,8,2026,27,"API"
30154,8,2026,31,"API"
30157,8,2026,37,"API"
30158,8,2026,41,"API"
30160,8,2026,23,"API"
30161,8,2026,41,"API"
30286,8,2026,143,"API"
30287,8,2026,199,"API"
30288,8,2026,179,"API"
30289,8,2026,106,"API"
30290,8,2026,172,"API"
30291,8,2026,164,"API"
30581,8,2026,62,"API"
30582,8,2026,106,"API"
30583,8,2026,89,"API"
30584,8,2026,46,"API"
30745,8,2026,38,"API"
30746,8,2026,64,"API"
30747,8,2026,42,"API"
30748,8,2026,29,"API"
30749,8,2026,20,"API"
30750,8,2026,35,"API"
30751,8,2026,37,"API"
30752,8,2026,24,"API"
30893,8,2026,73,"API"
30894,8,2026,80,"API"
30895,8,2026,70,"API"
30896,8,2026,51,"API"
30897,8,2026,26,"API"
30898,8,2026,35,"API"
30899,8,2026,31,"API"
30900,8,2026,25,"API"
30901,8,2026,101,"API"
30902,8,2026,115,"API"
30903,8,2026,99,"API"
30904,8,2026,62,"API"
30905,8,2026,45,"API"
30906,8,2026,52,"API"
30907,8,2026,69,"API"
30908,8,2026,54,"API"
30909,8,2026,31,"API"
30910,8,2026,21,"API"
30945,8,2026,28,"API"
30946,8,2026,38,"API"
30947,8,2026,33,"API"
30948,8,2026,16,"API"
30949,8,2026,16,"API"
31047,8,2026,26,"AJUSTE_BRANCO_40_PCT"
31049,8,2026,40,"API"
31050,8,2026,129,"API"
31068,8,2026,182,"API"
31069,8,2026,66,"API"
31070,8,2026,115,"API"
31072,8,2026,108,"API"
31073,8,2026,28,"AJUSTE_BRANCO_40_PCT"
31074,8,2026,41,"AJUSTE_BRANCO_40_PCT"
31075,8,2026,37,"AJUSTE_BRANCO_40_PCT"
31076,8,2026,24,"AJUSTE_BRANCO_40_PCT"
31097,8,2026,12,"AJUSTE_BRANCO_40_PCT"
31101,8,2026,39,"API"
31108,8,2026,90,"API"
31109,8,2026,64,"API"
31110,8,2026,93,"API"
31111,8,2026,62,"API"
31112,8,2026,42,"API"
31113,8,2026,48,"API"
31114,8,2026,86,"API"
31115,8,2026,71,"API"
31116,8,2026,44,"API"
31117,8,2026,37,"API"
31118,8,2026,82,"API"
31119,8,2026,85,"API"
31120,8,2026,65,"API"
31121,8,2026,155,"API"
31122,8,2026,279,"API"
31123,8,2026,234,"API"
31124,8,2026,128,"API"
31125,8,2026,66,"API"
31126,8,2026,152,"API"
31127,8,2026,149,"API"
31128,8,2026,117,"API"
31129,8,2026,74,"API"
31130,8,2026,91,"API"
31131,8,2026,73,"API"
31132,8,2026,47,"API"
31138,8,2026,23,"API"
31139,8,2026,32,"API"
31140,8,2026,26,"API"
31141,8,2026,73,"API"
31142,8,2026,106,"API"
31143,8,2026,89,"API"
31144,8,2026,46,"API"
31145,8,2026,72,"API"
31146,8,2026,63,"API"
31147,8,2026,39,"API"
31351,8,2026,134,"API"
31353,8,2026,92,"API"
31359,8,2026,49,"API"
31361,8,2026,129,"API"
31368,8,2026,19,"API"
31370,8,2026,14,"API"
31375,8,2026,52,"API"
31376,8,2026,24,"API"
31378,8,2026,15,"API"
31379,8,2026,59,"API"
31380,8,2026,131,"API"
31381,8,2026,62,"API"
31382,8,2026,60,"API"
31383,8,2026,36,"API"
31387,8,2026,27,"API"
31388,8,2026,35,"API"
31389,8,2026,90,"API"
31396,8,2026,67,"API"
31397,8,2026,16,"API"
31398,8,2026,26,"API"
31943,8,2026,19,"API"
31944,8,2026,23,"API"
31945,8,2026,18,"API"
31946,8,2026,12,"API"
32056,8,2026,16,"API"
32057,8,2026,57,"API"
32058,8,2026,64,"API"
32059,8,2026,46,"API"
32076,8,2026,19,"API"
32077,8,2026,59,"API"
32078,8,2026,69,"API"
32079,8,2026,56,"API"
32164,8,2026,55,"API"
32165,8,2026,49,"API"
32166,8,2026,43,"API"
32170,8,2026,36,"API"
32171,8,2026,29,"API"
32172,8,2026,23,"API"
32200,8,2026,46,"API"
32201,8,2026,42,"API"
32202,8,2026,29,"API"
32203,8,2026,16,"API"
32212,8,2026,62,"API"
32213,8,2026,52,"API"
32214,8,2026,40,"API"
32302,8,2026,24,"AJUSTE_BRANCO_40_PCT"
32303,8,2026,51,"AJUSTE_BRANCO_40_PCT"
32304,8,2026,43,"AJUSTE_BRANCO_40_PCT"
32305,8,2026,21,"AJUSTE_BRANCO_40_PCT"
32306,8,2026,108,"API"
32307,8,2026,234,"API"
32308,8,2026,203,"API"
32309,8,2026,111,"API"
32310,8,2026,73,"API"
32311,8,2026,177,"API"
32312,8,2026,145,"API"
32313,8,2026,66,"API"
32314,8,2026,80,"API"
32315,8,2026,177,"API"
32316,8,2026,153,"API"
32317,8,2026,76,"API"
32318,8,2026,112,"API"
32319,8,2026,247,"API"
32320,8,2026,211,"API"
32321,8,2026,106,"API"
32344,8,2026,30,"API"
32345,8,2026,50,"API"
32346,8,2026,44,"API"
32347,8,2026,30,"API"
32353,8,2026,16,"API"
32354,8,2026,29,"API"
32355,8,2026,30,"API"
32356,8,2026,22,"API"
32565,8,2026,138,"API"
32566,8,2026,354,"API"
32567,8,2026,403,"API"
32568,8,2026,315,"API"
32569,8,2026,221,"API"
32575,8,2026,89,"API"
32576,8,2026,240,"API"
32577,8,2026,281,"API"
32578,8,2026,210,"API"
32579,8,2026,146,"API"
32580,8,2026,222,"API"
32581,8,2026,536,"API"
32582,8,2026,660,"API"
32583,8,2026,540,"API"
32584,8,2026,360,"API"
32585,8,2026,25,"AJUSTE_BRANCO_40_PCT"
32586,8,2026,54,"AJUSTE_BRANCO_40_PCT"
32587,8,2026,61,"AJUSTE_BRANCO_40_PCT"
32588,8,2026,48,"AJUSTE_BRANCO_40_PCT"
32589,8,2026,27,"AJUSTE_BRANCO_40_PCT"
32595,8,2026,55,"API"
32596,8,2026,131,"API"
32597,8,2026,145,"API"
32598,8,2026,131,"API"
32599,8,2026,94,"API"
32798,8,2026,20,"API"
32799,8,2026,20,"API"
32800,8,2026,12,"API"
32801,8,2026,7,"API"
32802,8,2026,6,"API"
32803,8,2026,24,"API"
32804,8,2026,30,"API"
32805,8,2026,18,"API"
32806,8,2026,18,"API"
32807,8,2026,12,"API"
32808,8,2026,29,"API"
32809,8,2026,17,"API"
32810,8,2026,11,"API"
32812,8,2026,49,"API"
32813,8,2026,28,"API"
32814,8,2026,22,"API"
32893,8,2026,22,"API"
32894,8,2026,43,"API"
32895,8,2026,36,"API"
32896,8,2026,18,"API"
32897,8,2026,27,"API"
32898,8,2026,46,"API"
32899,8,2026,44,"API"
32900,8,2026,22,"API"
32901,8,2026,116,"API"
32902,8,2026,217,"API"
32903,8,2026,197,"API"
32904,8,2026,112,"API"
32905,8,2026,93,"API"
32906,8,2026,173,"API"
32907,8,2026,159,"API"
32908,8,2026,89,"API"
32918,8,2026,18,"API"
32919,8,2026,16,"API"
32920,8,2026,13,"API"
32921,8,2026,13,"API"
32922,8,2026,12,"API"
32923,8,2026,12,"API"
32924,8,2026,8,"API"
32925,8,2026,9,"API"
32952,8,2026,49,"API"
32953,8,2026,39,"API"
32954,8,2026,33,"API"
33102,8,2026,19,"API"
33103,8,2026,42,"API"
33104,8,2026,33,"API"
33105,8,2026,22,"API"
33114,8,2026,23,"API"
33115,8,2026,33,"API"
33116,8,2026,27,"API"
33117,8,2026,23,"API"
33156,8,2026,22,"API"
33157,8,2026,46,"API"
33158,8,2026,34,"API"
33159,8,2026,18,"API"
33215,8,2026,22,"API"
33216,8,2026,87,"API"
33217,8,2026,82,"API"
33218,8,2026,73,"API"
33227,8,2026,35,"API"
33228,8,2026,46,"API"
33229,8,2026,37,"API"
33230,8,2026,21,"API"
33534,8,2026,35,"API"
33535,8,2026,24,"API"
33538,8,2026,70,"API"
33539,8,2026,49,"API"
33574,8,2026,42,"API"
33575,8,2026,38,"API"
33576,8,2026,28,"API"
33577,8,2026,72,"API"
33578,8,2026,71,"API"
33579,8,2026,52,"API"
33628,8,2026,48,"API"
33629,8,2026,55,"API"
33630,8,2026,61,"API"
33631,8,2026,40,"API"
33632,8,2026,84,"API"
33633,8,2026,98,"API"
33634,8,2026,108,"API"
33635,8,2026,70,"API"
33719,8,2026,63,"API"
33720,8,2026,35,"API"
33724,8,2026,13,"API"
33725,8,2026,28,"API"
33726,8,2026,27,"API"
33727,8,2026,13,"API"
33728,8,2026,13,"API"
33729,8,2026,31,"API"
33730,8,2026,26,"API"
33731,8,2026,14,"API"
33740,8,2026,90,"API"
33741,8,2026,150,"API"
33742,8,2026,136,"API"
33743,8,2026,72,"API"
33930,8,2026,12,"API"
33931,8,2026,23,"API"
33932,8,2026,13,"API"
33933,8,2026,9,"API"
33934,8,2026,12,"API"
33935,8,2026,27,"API"
33936,8,2026,32,"API"
33937,8,2026,22,"API"
34023,8,2026,8,"API"
34024,8,2026,22,"API"
34025,8,2026,26,"API"
34026,8,2026,19,"API"
34027,8,2026,14,"API"
34028,8,2026,28,"API"
34029,8,2026,37,"API"
34030,8,2026,28,"API"
34031,8,2026,47,"API"
34034,8,2026,31,"API"
34036,8,2026,10,"AJUSTE_BRANCO_40_PCT"
34037,8,2026,12,"AJUSTE_BRANCO_40_PCT"
34038,8,2026,11,"AJUSTE_BRANCO_40_PCT"
34039,8,2026,6,"AJUSTE_BRANCO_40_PCT"
34040,8,2026,14,"API"
34041,8,2026,26,"API"
34042,8,2026,24,"API"
34043,8,2026,17,"API"
34044,8,2026,17,"API"
34045,8,2026,25,"API"
34046,8,2026,19,"API"
34047,8,2026,13,"API"
34074,8,2026,8,"AJUSTE_BRANCO_40_PCT"
34075,8,2026,14,"AJUSTE_BRANCO_40_PCT"
34076,8,2026,13,"AJUSTE_BRANCO_40_PCT"
34077,8,2026,6,"AJUSTE_BRANCO_40_PCT"
34078,8,2026,26,"API"
34079,8,2026,39,"API"
34080,8,2026,34,"API"
34081,8,2026,23,"API"
34082,8,2026,16,"API"
34083,8,2026,23,"API"
34084,8,2026,22,"API"
34085,8,2026,15,"API"
34124,8,2026,22,"API"
34125,8,2026,31,"API"
34126,8,2026,30,"API"
34127,8,2026,21,"API"
34128,8,2026,10,"API"
34129,8,2026,20,"API"
34130,8,2026,18,"API"
34131,8,2026,11,"API"
34132,8,2026,6,"API"
34133,8,2026,17,"API"
34134,8,2026,17,"API"
34135,8,2026,9,"API"
34136,8,2026,17,"API"
34137,8,2026,26,"API"
34138,8,2026,25,"API"
34139,8,2026,21,"API"
34140,8,2026,29,"API"
34141,8,2026,37,"API"
34142,8,2026,37,"API"
34143,8,2026,27,"API"
34144,8,2026,40,"API"
34145,8,2026,29,"API"
34146,8,2026,27,"API"
34147,8,2026,217,"API"
34148,8,2026,177,"API"
34149,8,2026,61,"API"
34150,8,2026,54,"API"
34159,8,2026,33,"API"
34160,8,2026,30,"API"
34161,8,2026,26,"API"
34162,8,2026,22,"API"
34163,8,2026,43,"API"
34164,8,2026,34,"API"
34165,8,2026,26,"API"
34166,8,2026,20,"API"
34167,8,2026,22,"API"
34168,8,2026,21,"API"
34169,8,2026,11,"API"
34170,8,2026,11,"API"
34171,8,2026,86,"API"
34172,8,2026,74,"API"
34173,8,2026,61,"API"
34174,8,2026,40,"API"
34205,8,2026,41,"API"
34206,8,2026,55,"API"
34207,8,2026,53,"API"
34208,8,2026,27,"API"
34209,8,2026,24,"API"
34210,8,2026,53,"API"
34211,8,2026,40,"API"
34212,8,2026,19,"API"
34213,8,2026,23,"API"
34214,8,2026,83,"API"
34215,8,2026,74,"API"
34216,8,2026,72,"API"
34280,8,2026,169,"API"
34281,8,2026,387,"API"
34282,8,2026,282,"API"
34283,8,2026,101,"API"
34284,8,2026,149,"API"
34285,8,2026,235,"API"
34286,8,2026,156,"API"
34287,8,2026,15,"API"
34337,8,2026,30,"API"
34338,8,2026,77,"API"
34339,8,2026,77,"API"
34340,8,2026,59,"API"
34341,8,2026,35,"API"
34343,8,2026,40,"API"
34397,8,2026,46,"API"
34398,8,2026,48,"API"
34399,8,2026,53,"API"
34400,8,2026,37,"API"
34402,8,2026,21,"API"
34403,8,2026,27,"API"
34404,8,2026,28,"API"
34405,8,2026,26,"API"
34407,8,2026,21,"API"
34408,8,2026,22,"API"
34409,8,2026,23,"API"
34410,8,2026,22,"API"
34412,8,2026,63,"API"
34413,8,2026,64,"API"
34414,8,2026,52,"API"
34415,8,2026,37,"API"
34416,8,2026,28,"API"
34417,8,2026,23,"API"
34418,8,2026,28,"API"
34419,8,2026,23,"API"
34420,8,2026,16,"API"
34421,8,2026,11,"API"
34422,8,2026,25,"API"
34423,8,2026,22,"API"
34424,8,2026,22,"API"
34425,8,2026,19,"API"
34426,8,2026,11,"API"
34427,8,2026,7,"API"
34428,8,2026,9,"API"
34429,8,2026,18,"API"
34430,8,2026,18,"API"
34431,8,2026,25,"API"
34432,8,2026,21,"API"
34433,8,2026,24,"API"
34441,8,2026,35,"API"
34442,8,2026,47,"API"
34443,8,2026,40,"API"
34444,8,2026,51,"API"
34445,8,2026,65,"API"
34446,8,2026,49,"API"
34450,8,2026,22,"API"
34451,8,2026,12,"API"
34459,8,2026,26,"API"
34460,8,2026,42,"API"
34461,8,2026,37,"API"
34462,8,2026,25,"API"
34463,8,2026,14,"API"
34464,8,2026,29,"API"
34465,8,2026,28,"API"
34466,8,2026,14,"API"
34467,8,2026,8,"AJUSTE_BRANCO_40_PCT"
34468,8,2026,15,"AJUSTE_BRANCO_40_PCT"
34469,8,2026,14,"AJUSTE_BRANCO_40_PCT"
34470,8,2026,10,"AJUSTE_BRANCO_40_PCT"
34480,8,2026,6,"API"
34481,8,2026,6,"API"
34691,8,2026,21,"API"
34692,8,2026,19,"API"
34693,8,2026,11,"API"
34699,8,2026,11,"API"
34700,8,2026,25,"API"
34701,8,2026,20,"API"
34702,8,2026,15,"API"
34703,8,2026,8,"API"
34705,8,2026,16,"API"
34706,8,2026,16,"API"
34707,8,2026,13,"API"
34710,8,2026,30,"API"
34711,8,2026,32,"API"
34712,8,2026,23,"API"
34723,8,2026,33,"API"
34724,8,2026,35,"API"
34725,8,2026,27,"API"
34734,8,2026,10,"API"
34735,8,2026,17,"API"
34736,8,2026,30,"API"
34737,8,2026,43,"API"
34738,8,2026,45,"API"
34739,8,2026,48,"API"
34740,8,2026,42,"API"
34773,8,2026,98,"API"
34774,8,2026,143,"API"
34775,8,2026,96,"API"
34776,8,2026,60,"API"
34777,8,2026,86,"API"
34778,8,2026,54,"API"
34782,8,2026,82,"API"
34783,8,2026,118,"API"
34784,8,2026,79,"API"
34810,8,2026,63,"API"
34811,8,2026,79,"API"
34812,8,2026,55,"API"
34813,8,2026,11,"AJUSTE_BRANCO_40_PCT"
34814,8,2026,14,"AJUSTE_BRANCO_40_PCT"
34815,8,2026,10,"AJUSTE_BRANCO_40_PCT"
34816,8,2026,48,"API"
34817,8,2026,57,"API"
34818,8,2026,41,"API"
34819,8,2026,20,"API"
34820,8,2026,26,"API"
34821,8,2026,19,"API"
34828,8,2026,36,"API"
34829,8,2026,54,"API"
34830,8,2026,43,"API"
34831,8,2026,23,"API"
34832,8,2026,10,"AJUSTE_BRANCO_40_PCT"
34833,8,2026,14,"AJUSTE_BRANCO_40_PCT"
34834,8,2026,10,"AJUSTE_BRANCO_40_PCT"
34835,8,2026,6,"AJUSTE_BRANCO_40_PCT"
34836,8,2026,30,"API"
34837,8,2026,41,"API"
34838,8,2026,31,"API"
34839,8,2026,18,"API"
34840,8,2026,24,"API"
34841,8,2026,37,"API"
34842,8,2026,24,"API"
34843,8,2026,15,"API"
35019,8,2026,14,"AJUSTE_BRANCO_40_PCT"
35020,8,2026,18,"AJUSTE_BRANCO_40_PCT"
35021,8,2026,13,"AJUSTE_BRANCO_40_PCT"
35022,8,2026,40,"API"
35023,8,2026,49,"API"
35024,8,2026,37,"API"
35025,8,2026,28,"API"
35026,8,2026,38,"API"
35027,8,2026,29,"API"
35028,8,2026,29,"API"
35029,8,2026,37,"API"
35030,8,2026,27,"API"
35204,8,2026,98,"API"
35205,8,2026,140,"API"
35206,8,2026,87,"API"
35208,8,2026,146,"API"
35209,8,2026,173,"API"
35210,8,2026,108,"API"
35212,8,2026,159,"API"
35213,8,2026,241,"API"
35214,8,2026,141,"API"
35215,8,2026,47,"API"
35220,8,2026,133,"API"
35221,8,2026,233,"API"
35222,8,2026,145,"API"
35223,8,2026,48,"API"
35224,8,2026,167,"API"
35225,8,2026,277,"API"
35226,8,2026,192,"API"
35227,8,2026,75,"API"
35228,8,2026,207,"API"
35229,8,2026,346,"API"
35230,8,2026,225,"API"
35231,8,2026,86,"API"
35232,8,2026,25,"API"
35233,8,2026,39,"API"
35234,8,2026,32,"API"
35235,8,2026,14,"API"
35236,8,2026,36,"API"
35237,8,2026,60,"API"
35238,8,2026,54,"API"
35239,8,2026,28,"API"
35244,8,2026,111,"API"
35245,8,2026,197,"API"
35246,8,2026,185,"API"
35247,8,2026,123,"API"
35252,8,2026,35,"API"
35253,8,2026,88,"API"
35254,8,2026,100,"API"
35255,8,2026,79,"API"
35256,8,2026,43,"API"
35257,8,2026,105,"API"
35258,8,2026,138,"API"
35259,8,2026,101,"API"
35260,8,2026,48,"API"
35261,8,2026,123,"API"
35262,8,2026,154,"API"
35263,8,2026,110,"API"
35268,8,2026,54,"API"
35269,8,2026,143,"API"
35270,8,2026,169,"API"
35271,8,2026,135,"API"
35272,8,2026,73,"API"
35273,8,2026,170,"API"
35274,8,2026,200,"API"
35275,8,2026,158,"API"
35276,8,2026,43,"API"
35277,8,2026,100,"API"
35278,8,2026,106,"API"
35279,8,2026,79,"API"
35285,8,2026,62,"API"
35286,8,2026,128,"API"
35287,8,2026,135,"API"
35288,8,2026,76,"API"
35290,8,2026,95,"API"
35291,8,2026,158,"API"
35292,8,2026,165,"API"
35293,8,2026,106,"API"
35295,8,2026,107,"API"
35296,8,2026,208,"API"
35297,8,2026,195,"API"
35298,8,2026,120,"API"
35305,8,2026,68,"API"
35306,8,2026,136,"API"
35307,8,2026,160,"API"
35308,8,2026,141,"API"
35309,8,2026,92,"API"
35310,8,2026,43,"API"
35311,8,2026,95,"API"
35312,8,2026,121,"API"
35313,8,2026,104,"API"
35314,8,2026,69,"API"
35315,8,2026,32,"API"
35316,8,2026,67,"API"
35317,8,2026,79,"API"
35318,8,2026,69,"API"
35319,8,2026,48,"API"
35324,8,2026,191,"API"
35325,8,2026,326,"API"
35326,8,2026,199,"API"
35327,8,2026,87,"API"
35328,8,2026,150,"API"
35329,8,2026,249,"API"
35330,8,2026,179,"API"
35331,8,2026,74,"API"
35332,8,2026,121,"API"
35333,8,2026,226,"API"
35334,8,2026,129,"API"
35335,8,2026,36,"API"
35336,8,2026,133,"API"
35337,8,2026,503,"API"
35338,8,2026,518,"API"
35339,8,2026,325,"API"
35340,8,2026,135,"API"
35341,8,2026,414,"API"
35342,8,2026,430,"API"
35343,8,2026,297,"API"
35348,8,2026,149,"API"
35349,8,2026,488,"API"
35350,8,2026,459,"API"
35351,8,2026,284,"API"
35352,8,2026,95,"API"
35353,8,2026,235,"API"
35354,8,2026,196,"API"
35355,8,2026,113,"API"
35356,8,2026,105,"API"
35357,8,2026,282,"API"
35358,8,2026,258,"API"
35359,8,2026,153,"API"
35360,8,2026,119,"API"
35361,8,2026,248,"API"
35362,8,2026,251,"API"
35363,8,2026,149,"API"
35368,8,2026,105,"API"
35369,8,2026,209,"API"
35370,8,2026,141,"API"
35371,8,2026,63,"API"
35376,8,2026,103,"API"
35377,8,2026,169,"API"
35378,8,2026,115,"API"
35379,8,2026,35,"API"
35380,8,2026,84,"API"
35381,8,2026,145,"API"
35382,8,2026,85,"API"
35383,8,2026,28,"API"
35384,8,2026,83,"API"
35385,8,2026,210,"API"
35386,8,2026,172,"API"
35387,8,2026,89,"API"
35392,8,2026,93,"API"
35393,8,2026,203,"API"
35394,8,2026,167,"API"
35395,8,2026,82,"API"
35396,8,2026,83,"API"
35397,8,2026,180,"API"
35398,8,2026,146,"API"
35399,8,2026,62,"API"
35428,8,2026,43,"API"
35429,8,2026,78,"API"
35430,8,2026,51,"API"
35431,8,2026,18,"API"
35436,8,2026,67,"API"
35437,8,2026,123,"API"
35438,8,2026,89,"API"
35439,8,2026,35,"API"
35440,8,2026,89,"API"
35441,8,2026,211,"API"
35442,8,2026,177,"API"
35443,8,2026,83,"API"
35471,8,2026,9,"API"
35472,8,2026,13,"API"
35473,8,2026,8,"API"
35476,8,2026,13,"API"
35477,8,2026,19,"API"
35478,8,2026,9,"API"
35481,8,2026,12,"API"
35482,8,2026,15,"API"
35486,8,2026,11,"API"
35504,8,2026,14,"API"
35505,8,2026,12,"API"
35508,8,2026,19,"API"
35509,8,2026,17,"API"
35510,8,2026,5,"API"
35512,8,2026,18,"API"
35513,8,2026,12,"API"
35515,8,2026,7,"API"
35531,8,2026,9,"API"
35532,8,2026,13,"API"
35535,8,2026,16,"API"
35536,8,2026,22,"API"
35538,8,2026,15,"API"
35539,8,2026,15,"API"
35770,8,2026,66,"API"
35771,8,2026,94,"API"
35772,8,2026,76,"API"
35774,8,2026,43,"API"
35775,8,2026,59,"API"
35776,8,2026,53,"API"
35834,8,2026,53,"API"
35835,8,2026,76,"API"
35836,8,2026,70,"API"
35837,8,2026,46,"API"
35838,8,2026,20,"API"
35839,8,2026,34,"API"
35840,8,2026,30,"API"
35841,8,2026,18,"API"
36033,8,2026,52,"API"
36034,8,2026,84,"API"
36035,8,2026,74,"API"
36036,8,2026,37,"API"
36037,8,2026,34,"API"
36038,8,2026,60,"API"
36039,8,2026,58,"API"
36040,8,2026,36,"API"
36065,8,2026,11,"API"
36066,8,2026,44,"API"
36067,8,2026,46,"API"
36068,8,2026,20,"API"
36085,8,2026,22,"API"
36086,8,2026,29,"API"
36087,8,2026,16,"API"
36129,8,2026,35,"API"
36130,8,2026,42,"API"
36131,8,2026,32,"API"
36132,8,2026,23,"API"
36141,8,2026,47,"API"
36142,8,2026,59,"API"
36143,8,2026,50,"API"
36144,8,2026,35,"API"
36587,8,2026,26,"API"
36588,8,2026,34,"API"
36589,8,2026,23,"API"
36590,8,2026,10,"API"
36595,8,2026,14,"API"
36596,8,2026,8,"API"
36597,8,2026,26,"API"
36598,8,2026,15,"API"
36599,8,2026,33,"API"
36600,8,2026,17,"API"
36601,8,2026,29,"API"
36602,8,2026,18,"API"
36603,8,2026,12,"API"
36604,8,2026,10,"API"
36605,8,2026,5,"API"
36606,8,2026,17,"API"
36607,8,2026,10,"API"
36608,8,2026,20,"API"
36609,8,2026,14,"API"
36610,8,2026,15,"API"
36611,8,2026,9,"API"
36612,8,2026,7,"API"
36613,8,2026,12,"API"
36614,8,2026,8,"API"
36615,8,2026,30,"API"
36616,8,2026,23,"API"
36617,8,2026,34,"API"
36618,8,2026,25,"API"
36619,8,2026,27,"API"
36620,8,2026,14,"API"
36621,8,2026,13,"API"
36622,8,2026,9,"API"
36623,8,2026,5,"API"
36624,8,2026,12,"API"
36625,8,2026,10,"API"
36626,8,2026,14,"API"
36627,8,2026,12,"API"
36628,8,2026,10,"API"
36629,8,2026,6,"API"
36630,8,2026,8,"API"
36632,8,2026,7,"API"
36633,8,2026,20,"API"
36634,8,2026,10,"API"
36635,8,2026,25,"API"
36636,8,2026,11,"API"
36637,8,2026,19,"API"
36638,8,2026,9,"API"
36639,8,2026,10,"API"
36640,8,2026,23,"API"
36641,8,2026,5,"API"
36642,8,2026,19,"API"
36643,8,2026,15,"API"
36644,8,2026,18,"API"
36645,8,2026,7,"API"
36655,8,2026,22,"API"
36656,8,2026,23,"API"
36659,8,2026,28,"API"
36660,8,2026,29,"API"
36662,8,2026,21,"API"
36663,8,2026,25,"API"
36673,8,2026,22,"API"
36674,8,2026,33,"API"
36675,8,2026,22,"API"
36676,8,2026,10,"API"
36704,8,2026,8,"AJUSTE_BRANCO_40_PCT"
36705,8,2026,14,"AJUSTE_BRANCO_40_PCT"
36706,8,2026,12,"AJUSTE_BRANCO_40_PCT"
36707,8,2026,4,"AJUSTE_BRANCO_40_PCT"
36716,8,2026,15,"API"
36717,8,2026,37,"API"
36718,8,2026,30,"API"
36719,8,2026,9,"API"
36724,8,2026,6,"API"
36725,8,2026,10,"API"
36726,8,2026,7,"API"
36728,8,2026,3,"API"
36730,8,2026,13,"API"
36731,8,2026,15,"API"
36732,8,2026,11,"API"
36734,8,2026,19,"API"
36735,8,2026,24,"API"
36736,8,2026,9,"API"
36738,8,2026,15,"API"
36739,8,2026,21,"API"
36740,8,2026,7,"API"
36741,8,2026,13,"API"
36764,8,2026,27,"API"
36767,8,2026,8,"API"
36768,8,2026,8,"API"
36769,8,2026,14,"API"
36779,8,2026,2,"API"
36846,8,2026,72,"API"
36847,8,2026,123,"API"
36848,8,2026,105,"API"
36849,8,2026,65,"API"
36854,8,2026,59,"API"
36855,8,2026,100,"API"
36856,8,2026,86,"API"
36857,8,2026,53,"API"
36862,8,2026,83,"API"
36863,8,2026,59,"API"
36864,8,2026,50,"API"
36865,8,2026,68,"API"
36866,8,2026,49,"API"
36867,8,2026,41,"API"
36871,8,2026,34,"API"
36872,8,2026,68,"API"
36873,8,2026,78,"API"
36874,8,2026,61,"API"
36879,8,2026,28,"API"
36880,8,2026,56,"API"
36881,8,2026,64,"API"
36882,8,2026,50,"API"
36890,8,2026,39,"API"
36891,8,2026,84,"API"
36892,8,2026,89,"API"
36893,8,2026,67,"API"
36905,8,2026,32,"API"
36906,8,2026,69,"API"
36907,8,2026,73,"API"
36908,8,2026,55,"API"
36922,8,2026,39,"API"
36923,8,2026,31,"API"
36924,8,2026,26,"API"
36946,8,2026,13,"API"
36947,8,2026,17,"API"
36948,8,2026,12,"API"
36949,8,2026,8,"API"
36953,8,2026,75,"API"
36954,8,2026,120,"API"
36955,8,2026,96,"API"
36956,8,2026,50,"API"
36957,8,2026,80,"API"
36958,8,2026,64,"API"
36971,8,2026,43,"API"
36972,8,2026,51,"API"
36973,8,2026,40,"API"
36974,8,2026,25,"API"
36975,8,2026,29,"API"
36976,8,2026,34,"API"
36977,8,2026,26,"API"
36978,8,2026,17,"API"
36987,8,2026,128,"API"
36988,8,2026,217,"API"
36989,8,2026,192,"API"
36993,8,2026,105,"API"
36994,8,2026,178,"API"
36995,8,2026,157,"API"
36997,8,2026,14,"API"
36998,8,2026,28,"API"
36999,8,2026,33,"API"
37000,8,2026,25,"API"
37001,8,2026,21,"API"
37002,8,2026,43,"API"
37003,8,2026,50,"API"
37004,8,2026,38,"API"
37009,8,2026,90,"API"
37010,8,2026,96,"API"
37011,8,2026,73,"API"
37012,8,2026,35,"API"
37013,8,2026,43,"API"
37014,8,2026,85,"API"
37015,8,2026,100,"API"
37016,8,2026,76,"API"
37021,8,2026,102,"API"
37022,8,2026,166,"API"
37023,8,2026,150,"API"
37024,8,2026,86,"API"
37025,8,2026,37,"API"
37026,8,2026,110,"API"
37027,8,2026,180,"API"
37028,8,2026,162,"API"
37029,8,2026,93,"API"
37030,8,2026,41,"API"
37031,8,2026,47,"API"
37032,8,2026,73,"API"
37033,8,2026,57,"API"
37034,8,2026,51,"API"
37035,8,2026,79,"API"
37036,8,2026,62,"API"
37039,8,2026,92,"API"
37040,8,2026,109,"API"
37041,8,2026,85,"API"
37042,8,2026,54,"API"
37043,8,2026,85,"API"
37044,8,2026,100,"API"
37045,8,2026,78,"API"
37046,8,2026,50,"API"
37051,8,2026,191,"API"
37052,8,2026,102,"API"
37053,8,2026,163,"API"
37054,8,2026,130,"API"
37055,8,2026,65,"API"
37056,8,2026,102,"API"
37057,8,2026,163,"API"
37058,8,2026,130,"API"
37059,8,2026,65,"API"
37064,8,2026,61,"API"
37065,8,2026,89,"API"
37066,8,2026,61,"API"
37067,8,2026,43,"API"
37068,8,2026,61,"API"
37069,8,2026,89,"API"
37070,8,2026,61,"API"
37071,8,2026,43,"API"
37076,8,2026,28,"API"
37077,8,2026,60,"API"
37078,8,2026,64,"API"
37079,8,2026,48,"API"
37088,8,2026,59,"API"
37089,8,2026,100,"API"
37090,8,2026,78,"API"
37091,8,2026,42,"API"
37096,8,2026,160,"API"
37097,8,2026,244,"API"
37098,8,2026,195,"API"
37099,8,2026,98,"API"
37117,8,2026,112,"API"
37118,8,2026,172,"API"
37119,8,2026,135,"API"
37120,8,2026,112,"API"
37121,8,2026,172,"API"
37122,8,2026,135,"API"
37141,8,2026,5,"API"
37142,8,2026,8,"API"
37143,8,2026,8,"API"
37144,8,2026,2,"API"
37145,8,2026,6,"API"
37146,8,2026,12,"API"
37147,8,2026,12,"API"
37148,8,2026,6,"API"
37149,8,2026,2,"API"
37150,8,2026,2,"API"
37151,8,2026,2,"API"
37153,8,2026,40,"API"
37154,8,2026,65,"API"
37155,8,2026,60,"API"
37156,8,2026,27,"API"
37157,8,2026,4,"API"
37158,8,2026,5,"API"
37159,8,2026,5,"API"
37160,8,2026,2,"API"
37161,8,2026,40,"API"
37162,8,2026,65,"API"
37163,8,2026,60,"API"
37164,8,2026,27,"API"
37165,8,2026,41,"API"
37166,8,2026,69,"API"
37167,8,2026,59,"API"
37168,8,2026,35,"API"
37169,8,2026,27,"API"
37170,8,2026,46,"API"
37171,8,2026,39,"API"
37172,8,2026,23,"API"
37173,8,2026,45,"API"
37174,8,2026,73,"API"
37175,8,2026,49,"API"
37176,8,2026,37,"API"
37177,8,2026,60,"API"
37178,8,2026,40,"API"
37183,8,2026,17,"API"
37184,8,2026,26,"API"
37185,8,2026,21,"API"
37186,8,2026,12,"API"
37187,8,2026,39,"API"
37188,8,2026,60,"API"
37189,8,2026,50,"API"
37190,8,2026,28,"API"
37346,8,2026,82,"API"
37347,8,2026,194,"API"
37348,8,2026,116,"API"
37349,8,2026,43,"API"
37350,8,2026,89,"API"
37351,8,2026,210,"API"
37352,8,2026,126,"API"
37353,8,2026,47,"API"
37362,8,2026,167,"API"
37363,8,2026,258,"API"
37364,8,2026,202,"API"
37368,8,2026,270,"API"
37369,8,2026,458,"API"
37370,8,2026,404,"API"
37371,8,2026,377,"API"
37372,8,2026,642,"API"
37373,8,2026,566,"API"
37374,8,2026,32,"API"
37375,8,2026,30,"API"
37376,8,2026,23,"API"
37378,8,2026,30,"API"
37379,8,2026,28,"API"
37380,8,2026,21,"API"
37394,8,2026,39,"API"
37395,8,2026,78,"API"
37396,8,2026,92,"API"
37397,8,2026,70,"API"
37400,8,2026,42,"API"
37401,8,2026,85,"API"
37402,8,2026,100,"API"
37403,8,2026,75,"API"
37406,8,2026,97,"API"
37407,8,2026,149,"API"
37408,8,2026,117,"API"
37409,8,2026,40,"API"
37410,8,2026,118,"API"
37411,8,2026,182,"API"
37412,8,2026,143,"API"
37413,8,2026,49,"API"
37417,8,2026,29,"API"
37418,8,2026,30,"API"
37419,8,2026,24,"API"
37420,8,2026,17,"API"
37427,8,2026,44,"API"
37428,8,2026,75,"API"
37429,8,2026,67,"API"
37430,8,2026,36,"API"
37440,8,2026,63,"API"
37441,8,2026,45,"API"
37442,8,2026,31,"API"
37454,8,2026,93,"API"
37455,8,2026,158,"API"
37456,8,2026,140,"API"
37457,8,2026,93,"API"
37458,8,2026,158,"API"
37459,8,2026,140,"API"
37464,8,2026,22,"API"
37465,8,2026,23,"API"
37466,8,2026,18,"API"
37467,8,2026,13,"API"
37483,8,2026,61,"API"
37484,8,2026,72,"API"
37485,8,2026,56,"API"
37486,8,2026,36,"API"
37487,8,2026,50,"API"
37488,8,2026,59,"API"
37489,8,2026,46,"API"
37490,8,2026,29,"API"
37491,8,2026,61,"API"
37492,8,2026,69,"API"
37493,8,2026,52,"API"
37494,8,2026,27,"API"
37495,8,2026,50,"API"
37496,8,2026,56,"API"
37497,8,2026,43,"API"
37498,8,2026,22,"API"
37499,8,2026,26,"API"
37500,8,2026,27,"API"
37501,8,2026,22,"API"
37502,8,2026,15,"API"
37507,8,2026,22,"API"
37508,8,2026,22,"API"
37509,8,2026,18,"API"
37510,8,2026,13,"API"
37511,8,2026,51,"API"
37512,8,2026,90,"API"
37513,8,2026,74,"API"
37514,8,2026,41,"API"
37519,8,2026,42,"API"
37520,8,2026,73,"API"
37521,8,2026,61,"API"
37522,8,2026,33,"API"
37544,8,2026,53,"API"
37545,8,2026,38,"API"
37546,8,2026,26,"API"
37551,8,2026,28,"API"
37552,8,2026,77,"API"
37553,8,2026,77,"API"
37555,8,2026,12,"API"
37556,8,2026,33,"API"
37557,8,2026,33,"API"
37570,8,2026,82,"API"
37571,8,2026,94,"API"
37572,8,2026,79,"API"
37573,8,2026,48,"API"
37574,8,2026,67,"API"
37575,8,2026,77,"API"
37576,8,2026,64,"API"
37577,8,2026,40,"API"
37590,8,2026,69,"API"
37591,8,2026,79,"API"
37592,8,2026,66,"API"
37593,8,2026,41,"API"
37598,8,2026,88,"API"
37599,8,2026,75,"API"
37600,8,2026,88,"API"
37601,8,2026,75,"API"
37602,8,2026,7,"API"
37603,8,2026,7,"API"
37604,8,2026,5,"API"
37605,8,2026,2,"API"
37610,8,2026,62,"API"
37611,8,2026,86,"API"
37612,8,2026,55,"API"
37613,8,2026,36,"API"
37614,8,2026,57,"API"
37615,8,2026,79,"API"
37616,8,2026,51,"API"
37617,8,2026,33,"API"
37623,8,2026,62,"API"
37624,8,2026,71,"API"
37625,8,2026,60,"API"
37626,8,2026,37,"API"
37627,8,2026,76,"API"
37628,8,2026,87,"API"
37629,8,2026,73,"API"
37630,8,2026,45,"API"
37637,8,2026,33,"API"
37638,8,2026,46,"API"
37639,8,2026,29,"API"
37640,8,2026,19,"API"
37641,8,2026,33,"API"
37642,8,2026,46,"API"
37643,8,2026,29,"API"
37644,8,2026,19,"API"
37657,8,2026,63,"API"
37658,8,2026,74,"API"
37659,8,2026,60,"API"
37660,8,2026,37,"API"
37661,8,2026,40,"API"
37662,8,2026,45,"API"
37663,8,2026,34,"API"
37664,8,2026,18,"API"
37669,8,2026,40,"API"
37670,8,2026,45,"API"
37671,8,2026,34,"API"
37672,8,2026,18,"API"
37674,8,2026,28,"API"
37675,8,2026,60,"API"
37676,8,2026,64,"API"
37677,8,2026,48,"API"
37678,8,2026,44,"API"
37679,8,2026,75,"API"
37680,8,2026,67,"API"
37681,8,2026,36,"API"
37682,8,2026,69,"API"
37683,8,2026,79,"API"
37684,8,2026,66,"API"
37685,8,2026,41,"API"
37686,8,2026,74,"API"
37687,8,2026,74,"API"
37688,8,2026,22,"API"
37689,8,2026,23,"API"
37690,8,2026,18,"API"
37691,8,2026,13,"API"
37694,8,2026,63,"API"
37695,8,2026,45,"API"
37696,8,2026,31,"API"
37697,8,2026,63,"API"
37698,8,2026,74,"API"
37699,8,2026,60,"API"
37700,8,2026,37,"API"
37701,8,2026,36,"API"
37702,8,2026,56,"API"
37703,8,2026,51,"API"
37704,8,2026,25,"API"
37705,8,2026,36,"API"
37706,8,2026,56,"API"
37707,8,2026,51,"API"
37708,8,2026,25,"API"
37709,8,2026,51,"API"
37710,8,2026,68,"API"
37711,8,2026,49,"API"
37712,8,2026,51,"API"
37713,8,2026,68,"API"
37714,8,2026,49,"API"
37715,8,2026,47,"API"
37716,8,2026,70,"API"
37717,8,2026,53,"API"
37718,8,2026,47,"API"
37719,8,2026,70,"API"
37720,8,2026,53,"API"
37721,8,2026,80,"API"
37722,8,2026,102,"API"
37723,8,2026,74,"API"
37724,8,2026,52,"API"
37725,8,2026,80,"API"
37726,8,2026,102,"API"
37727,8,2026,74,"API"
37728,8,2026,52,"API"
37730,8,2026,15,"API"
37731,8,2026,24,"API"
37732,8,2026,22,"API"
37733,8,2026,15,"API"
37734,8,2026,24,"API"
37735,8,2026,22,"API"
37736,8,2026,63,"API"
37737,8,2026,141,"API"
37738,8,2026,160,"API"
37739,8,2026,117,"API"
37740,8,2026,63,"API"
37741,8,2026,141,"API"
37742,8,2026,160,"API"
37743,8,2026,117,"API"
37744,8,2026,42,"API"
37745,8,2026,79,"API"
37746,8,2026,79,"API"
37747,8,2026,60,"API"
37748,8,2026,42,"API"
37749,8,2026,79,"API"
37750,8,2026,79,"API"
37751,8,2026,60,"API"
37752,8,2026,164,"API"
37753,8,2026,294,"API"
37754,8,2026,229,"API"
37755,8,2026,131,"API"
37756,8,2026,164,"API"
37757,8,2026,294,"API"
37758,8,2026,229,"API"
37759,8,2026,131,"API"
37760,8,2026,68,"API"
37761,8,2026,93,"API"
37762,8,2026,74,"API"
37763,8,2026,38,"API"
37764,8,2026,68,"API"
37765,8,2026,93,"API"
37766,8,2026,74,"API"
37767,8,2026,38,"API"
37784,8,2026,28,"API"
37785,8,2026,57,"API"
37786,8,2026,67,"API"
37787,8,2026,51,"API"
37790,8,2026,39,"API"
37791,8,2026,67,"API"
37792,8,2026,52,"API"
37793,8,2026,28,"API"
37794,8,2026,70,"API"
37796,8,2026,112,"API"
37797,8,2026,172,"API"
37798,8,2026,135,"API"
37799,8,2026,47,"API"
37800,8,2026,60,"API"
37801,8,2026,64,"API"
37802,8,2026,49,"API"
37803,8,2026,23,"API"
37806,8,2026,107,"API"
37807,8,2026,163,"API"
37808,8,2026,130,"API"
37809,8,2026,65,"API"
37810,8,2026,19,"API"
37811,8,2026,20,"API"
37812,8,2026,16,"API"
37813,8,2026,11,"API"
37815,8,2026,35,"API"
37816,8,2026,25,"API"
37817,8,2026,17,"API"
37818,8,2026,32,"API"
37819,8,2026,48,"API"
37820,8,2026,51,"API"
37821,8,2026,22,"API"
37822,8,2026,29,"API"
37823,8,2026,50,"API"
37824,8,2026,39,"API"
37825,8,2026,24,"API"
37826,8,2026,30,"API"
37827,8,2026,52,"API"
37828,8,2026,40,"API"
37829,8,2026,24,"API"
37830,8,2026,29,"API"
37831,8,2026,50,"API"
37832,8,2026,39,"API"
37833,8,2026,24,"API"
37834,8,2026,47,"API"
37835,8,2026,47,"API"
37836,8,2026,47,"API"
37837,8,2026,39,"API"
37838,8,2026,21,"API"
37839,8,2026,20,"API"
37840,8,2026,216,"API"
37841,8,2026,302,"API"
37842,8,2026,216,"API"
37843,8,2026,367,"API"
37844,8,2026,323,"API"
37845,8,2026,173,"API"
37846,8,2026,216,"API"
37847,8,2026,367,"API"
37848,8,2026,323,"API"
37849,8,2026,173,"API"
37850,8,2026,254,"API"
37851,8,2026,169,"API"
37852,8,2026,38,"API"
37853,8,2026,65,"API"
37854,8,2026,55,"API"
37855,8,2026,34,"API"
37856,8,2026,48,"API"
37857,8,2026,81,"API"
37858,8,2026,69,"API"
37859,8,2026,43,"API"
37860,8,2026,67,"API"
37861,8,2026,113,"API"
37862,8,2026,97,"API"
37863,8,2026,60,"API"
37864,8,2026,38,"API"
37865,8,2026,65,"API"
37866,8,2026,55,"API"
37867,8,2026,34,"API"
37868,8,2026,102,"API"
37869,8,2026,84,"API"
37870,8,2026,30,"API"
37871,8,2026,30,"API"
37872,8,2026,29,"API"
37873,8,2026,21,"API"
37874,8,2026,15,"API"
37875,8,2026,27,"API"
37876,8,2026,30,"API"
37877,8,2026,25,"API"
37878,8,2026,18,"API"
37880,8,2026,40,"API"
37881,8,2026,53,"API"
37882,8,2026,40,"API"
37883,8,2026,28,"API"
37884,8,2026,26,"API"
37886,8,2026,18,"API"
37887,8,2026,16,"API"
37888,8,2026,12,"API"
37889,8,2026,9,"API"
37890,8,2026,41,"API"
37891,8,2026,27,"API"
37892,8,2026,28,"API"
37893,8,2026,47,"API"
37894,8,2026,44,"API"
37895,8,2026,34,"API"
37896,8,2026,52,"API"
37897,8,2026,34,"API"
37898,8,2026,30,"API"
37903,8,2026,46,"API"
37904,8,2026,31,"API"
37905,8,2026,23,"API"
37944,8,2026,23,"API"
37945,8,2026,29,"API"
37946,8,2026,31,"API"
37947,8,2026,21,"API"
37956,8,2026,29,"API"
37957,8,2026,43,"API"
37958,8,2026,40,"API"
37959,8,2026,21,"API"
37960,8,2026,41,"API"
37961,8,2026,55,"API"
37962,8,2026,46,"API"
37963,8,2026,29,"API"
37964,8,2026,26,"API"
37965,8,2026,44,"API"
37966,8,2026,27,"API"
37967,8,2026,12,"API"
37968,8,2026,52,"API"
37969,8,2026,76,"API"
37970,8,2026,66,"API"
37971,8,2026,42,"API"
37972,8,2026,40,"API"
37973,8,2026,76,"API"
37974,8,2026,64,"API"
37975,8,2026,36,"API"
37976,8,2026,24,"API"
37977,8,2026,46,"API"
37978,8,2026,78,"API"
37979,8,2026,67,"API"
37980,8,2026,39,"API"
37989,8,2026,81,"API"
37990,8,2026,122,"API"
37991,8,2026,103,"API"
37992,8,2026,63,"API"
37993,8,2026,81,"API"
37994,8,2026,122,"API"
37995,8,2026,103,"API"
37996,8,2026,63,"API"
37997,8,2026,106,"API"
37998,8,2026,157,"API"
37999,8,2026,114,"API"
38000,8,2026,47,"API"
38001,8,2026,106,"API"
38002,8,2026,157,"API"
38003,8,2026,114,"API"
38004,8,2026,47,"API"
38005,8,2026,43,"API"
38006,8,2026,61,"API"
38007,8,2026,45,"API"
38008,8,2026,24,"API"
38009,8,2026,43,"API"
38010,8,2026,61,"API"
38011,8,2026,45,"API"
38012,8,2026,24,"API"
38014,8,2026,9,"API"
38015,8,2026,33,"API"
38016,8,2026,16,"API"
38017,8,2026,34,"API"
38018,8,2026,17,"API"
38019,8,2026,30,"API"
38020,8,2026,16,"API"
38021,8,2026,8,"API"
38022,8,2026,7,"API"
38023,8,2026,16,"API"
38024,8,2026,13,"API"
38025,8,2026,18,"API"
38026,8,2026,13,"API"
38027,8,2026,16,"API"
38028,8,2026,12,"API"
38029,8,2026,13,"API"
38030,8,2026,6,"API"
38031,8,2026,7,"API"
38032,8,2026,15,"API"
38033,8,2026,16,"API"
38034,8,2026,16,"API"
38035,8,2026,17,"API"
38036,8,2026,12,"API"
38037,8,2026,12,"API"
38038,8,2026,11,"API"
38039,8,2026,22,"API"
38040,8,2026,44,"API"
38041,8,2026,36,"API"
38042,8,2026,21,"API"
38043,8,2026,18,"API"
38044,8,2026,30,"API"
38045,8,2026,25,"API"
38046,8,2026,17,"API"
38047,8,2026,16,"API"
38048,8,2026,27,"API"
38049,8,2026,29,"API"
38050,8,2026,25,"API"
38055,8,2026,21,"API"
38056,8,2026,33,"API"
38057,8,2026,35,"API"
38058,8,2026,24,"API"
38059,8,2026,23,"API"
38060,8,2026,29,"API"
38061,8,2026,31,"API"
38062,8,2026,21,"API"
38063,8,2026,29,"API"
38064,8,2026,43,"API"
38065,8,2026,40,"API"
38066,8,2026,21,"API"
38286,8,2026,12,"API"
38287,8,2026,38,"API"
38288,8,2026,46,"API"
38289,8,2026,44,"API"
38290,8,2026,30,"API"
38291,8,2026,88,"API"
38292,8,2026,75,"API"
38293,8,2026,12,"API"
38294,8,2026,12,"API"
38295,8,2026,41,"API"
38296,8,2026,51,"API"
38297,8,2026,41,"API"
38298,8,2026,12,"API"
38299,8,2026,41,"API"
38300,8,2026,51,"API"
38301,8,2026,41,"API"
38307,8,2026,57,"API"
38308,8,2026,102,"API"
38309,8,2026,87,"API"
38310,8,2026,51,"API"
38315,8,2026,57,"API"
38316,8,2026,102,"API"
38317,8,2026,87,"API"
38318,8,2026,51,"API"
38322,8,2026,19,"API"
38323,8,2026,29,"API"
38324,8,2026,27,"API"
38325,8,2026,19,"API"
38326,8,2026,44,"API"
38327,8,2026,69,"API"
38328,8,2026,62,"API"
38329,8,2026,44,"API"
38343,8,2026,30,"API"
38344,8,2026,28,"API"
38364,8,2026,38,"API"
38365,8,2026,65,"API"
38366,8,2026,50,"API"
38367,8,2026,27,"API"
38368,8,2026,38,"API"
38369,8,2026,65,"API"
38370,8,2026,50,"API"
38371,8,2026,27,"API"
38372,8,2026,36,"API"
38373,8,2026,60,"API"
38374,8,2026,50,"API"
38375,8,2026,30,"API"
38376,8,2026,15,"API"
38377,8,2026,26,"API"
38378,8,2026,21,"API"
38379,8,2026,13,"API"
38380,8,2026,36,"API"
38381,8,2026,63,"API"
38382,8,2026,63,"API"
38383,8,2026,18,"API"
38384,8,2026,36,"API"
38385,8,2026,63,"API"
38386,8,2026,63,"API"
38387,8,2026,18,"API"
38433,8,2026,37,"API"
38434,8,2026,73,"API"
38435,8,2026,67,"API"
38436,8,2026,39,"API"
38437,8,2026,50,"API"
38438,8,2026,99,"API"
38439,8,2026,90,"API"
38440,8,2026,53,"API"
38441,8,2026,19,"API"
38442,8,2026,39,"API"
38443,8,2026,35,"API"
38444,8,2026,21,"API"
38445,8,2026,22,"API"
38446,8,2026,43,"API"
38447,8,2026,39,"API"
38448,8,2026,23,"API"
38449,8,2026,22,"API"
38450,8,2026,43,"API"
38451,8,2026,39,"API"
38452,8,2026,23,"API"
38453,8,2026,26,"API"
38454,8,2026,52,"API"
38455,8,2026,47,"API"
38456,8,2026,27,"API"
38457,8,2026,26,"API"
38458,8,2026,52,"API"
38459,8,2026,47,"API"
38460,8,2026,27,"API"
38461,8,2026,15,"API"
38462,8,2026,30,"API"
38463,8,2026,28,"API"
38464,8,2026,16,"API"
38465,8,2026,11,"API"
38466,8,2026,13,"API"
38467,8,2026,12,"API"
38468,8,2026,9,"API"
38469,8,2026,12,"API"
38470,8,2026,13,"API"
38471,8,2026,12,"API"
38472,8,2026,9,"API"
38473,8,2026,4,"API"
38474,8,2026,5,"API"
38475,8,2026,4,"API"
38476,8,2026,2,"API"
38477,8,2026,10,"API"
38478,8,2026,12,"API"
38479,8,2026,11,"API"
38480,8,2026,8,"API"
38494,8,2026,9,"API"
38495,8,2026,10,"API"
38496,8,2026,8,"API"
38497,8,2026,3,"API"
38536,8,2026,21,"API"
38537,8,2026,15,"API"
38538,8,2026,13,"API"
38539,8,2026,5,"API"
38543,8,2026,1,"API"
38548,8,2026,25,"API"
38549,8,2026,19,"API"
38550,8,2026,14,"API"
38551,8,2026,11,"API"
38590,8,2026,38,"API"
38591,8,2026,29,"API"
38592,8,2026,20,"API"
38609,8,2026,2,"API"
38610,8,2026,3,"API"
38611,8,2026,4,"API"
38647,8,2026,3,"API"
38648,8,2026,5,"API"
38649,8,2026,3,"API"
38650,8,2026,3,"API"
38651,8,2026,6,"API"
38652,8,2026,8,"API"
38653,8,2026,8,"API"
38654,8,2026,5,"API"
38669,8,2026,1,"API"
38670,8,2026,3,"API"
38671,8,2026,3,"API"
38672,8,2026,3,"API"
38673,8,2026,2,"API"
38674,8,2026,5,"API"
38675,8,2026,5,"API"
38676,8,2026,5,"API"
38677,8,2026,1,"API"
38678,8,2026,2,"API"
38679,8,2026,2,"API"
38681,8,2026,1,"API"
38682,8,2026,2,"API"
38683,8,2026,2,"API"
39020,8,2026,2,"API"
39021,8,2026,1,"API"
39024,8,2026,1,"API"
39191,8,2026,2,"API"
39192,8,2026,2,"API"
39193,8,2026,1,"API"
39194,8,2026,1,"API"
39195,8,2026,1,"API"
39196,8,2026,1,"API"
39725,8,2026,4,"API"
39726,8,2026,3,"API"
39727,8,2026,2,"API"
39728,8,2026,2,"API"
4023,8,2026,79,"API"
4024,8,2026,130,"API"
4025,8,2026,123,"API"
4026,8,2026,133,"API"
4027,8,2026,212,"API"
4028,8,2026,190,"API"
4106,8,2026,57,"AJUSTE_BRANCO_40_PCT"
4107,8,2026,116,"AJUSTE_BRANCO_40_PCT"
4108,8,2026,115,"AJUSTE_BRANCO_40_PCT"
4109,8,2026,66,"AJUSTE_BRANCO_40_PCT"
4124,8,2026,272,"API"
4125,8,2026,517,"API"
4126,8,2026,506,"API"
4127,8,2026,311,"API"
4128,8,2026,375,"API"
4129,8,2026,737,"API"
4130,8,2026,697,"API"
4131,8,2026,376,"API"
4138,8,2026,217,"API"
4139,8,2026,401,"API"
4140,8,2026,378,"API"
4141,8,2026,209,"API"
5851,8,2026,312,"API"
5852,8,2026,555,"API"
5853,8,2026,427,"API"
5854,8,2026,84,"API"
5855,8,2026,164,"API"
5856,8,2026,124,"API"
6347,8,2026,50,"API"
6348,8,2026,117,"API"
6349,8,2026,105,"API"
6350,8,2026,48,"API"
6399,8,2026,49,"API"
6400,8,2026,113,"API"
6401,8,2026,98,"API"
6402,8,2026,55,"API"
6442,8,2026,373,"API"
6443,8,2026,1274,"API"
6444,8,2026,1319,"API"
6445,8,2026,797,"API"
6474,8,2026,274,"API"
6475,8,2026,973,"API"
6476,8,2026,1052,"API"
6477,8,2026,692,"API"
6482,8,2026,45,"AJUSTE_BRANCO_40_PCT"
6483,8,2026,157,"AJUSTE_BRANCO_40_PCT"
6484,8,2026,160,"AJUSTE_BRANCO_40_PCT"
6485,8,2026,100,"AJUSTE_BRANCO_40_PCT"
6499,8,2026,226,"API"
6500,8,2026,830,"API"
6501,8,2026,901,"API"
6502,8,2026,563,"API"
6708,8,2026,44,"API"
6709,8,2026,98,"API"
6710,8,2026,96,"API"
6711,8,2026,80,"API"
6712,8,2026,23,"API"
6713,8,2026,42,"API"
6714,8,2026,48,"API"
6715,8,2026,41,"API"
6734,8,2026,125,"API"
6735,8,2026,124,"API"
6736,8,2026,77,"API"
6743,8,2026,137,"API"
6744,8,2026,301,"API"
6745,8,2026,305,"API"
6746,8,2026,204,"API"
6747,8,2026,59,"API"
6762,8,2026,35,"API"
6763,8,2026,76,"API"
6764,8,2026,75,"API"
6765,8,2026,61,"API"
6766,8,2026,66,"API"
6767,8,2026,135,"API"
6768,8,2026,141,"API"
6769,8,2026,96,"API"
6823,8,2026,162,"API"
6824,8,2026,178,"API"
6825,8,2026,130,"API"
6827,8,2026,95,"API"
6828,8,2026,112,"API"
6829,8,2026,88,"API"
6869,8,2026,454,"API"
6870,8,2026,1016,"API"
6871,8,2026,1025,"API"
6872,8,2026,705,"API"
6873,8,2026,83,"API"
6874,8,2026,194,"API"
6875,8,2026,209,"API"
6876,8,2026,168,"API"
7024,8,2026,56,"API"
7025,8,2026,168,"API"
7026,8,2026,166,"API"
7027,8,2026,100,"API"
7032,8,2026,33,"API"
7033,8,2026,81,"API"
7034,8,2026,92,"API"
7035,8,2026,62,"API"
7108,8,2026,134,"API"
7109,8,2026,216,"API"
7110,8,2026,216,"API"
7111,8,2026,144,"API"
8028,8,2026,26,"AJUSTE_BRANCO_40_PCT"
8029,8,2026,71,"AJUSTE_BRANCO_40_PCT"
8047,8,2026,84,"AJUSTE_BRANCO_40_PCT"
8048,8,2026,60,"AJUSTE_BRANCO_40_PCT"
8053,8,2026,201,"API"
8054,8,2026,587,"API"
8055,8,2026,683,"API"
8056,8,2026,461,"API"
8057,8,2026,121,"API"
8058,8,2026,338,"API"
8059,8,2026,406,"API"
8060,8,2026,298,"API"
8064,8,2026,101,"API"
8065,8,2026,299,"API"
8066,8,2026,359,"API"
8067,8,2026,251,"API"
8899,8,2026,35,"API"
8900,8,2026,73,"API"
8901,8,2026,60,"API"
8902,8,2026,45,"API"
8947,8,2026,47,"API"
8948,8,2026,124,"API"
8949,8,2026,142,"API"
8950,8,2026,115,"API"
9066,8,2026,59,"API"
9067,8,2026,99,"API"
9068,8,2026,93,"API"
9069,8,2026,67,"API"
9070,8,2026,46,"API"
9071,8,2026,27,"API"
9072,8,2026,37,"API"
9073,8,2026,39,"API"
9074,8,2026,29,"API"
9075,8,2026,22,"API"
9144,8,2026,73,"API"
9145,8,2026,54,"API"
9161,8,2026,128,"API"
9162,8,2026,190,"API"
9163,8,2026,159,"API"
9164,8,2026,102,"API"
9165,8,2026,54,"API"
9166,8,2026,85,"API"
9187,8,2026,51,"API"
9188,8,2026,122,"API"
9189,8,2026,78,"API"
9190,8,2026,71,"API"
9195,8,2026,31,"API"
9196,8,2026,87,"API"
9197,8,2026,73,"API"
9198,8,2026,53,"API"
9203,8,2026,55,"API"
9204,8,2026,121,"API"
9205,8,2026,98,"API"
9206,8,2026,64,"API"
9207,8,2026,86,"API"
9208,8,2026,61,"API"
9209,8,2026,21,"API"
9210,8,2026,54,"API"
9211,8,2026,43,"API"
9212,8,2026,40,"API"
9221,8,2026,40,"API"
9222,8,2026,66,"API"
9316,8,2026,34,"API"
9317,8,2026,65,"API"
9318,8,2026,48,"API"
9619,8,2026,44,"AJUSTE_BRANCO_40_PCT"
9620,8,2026,45,"AJUSTE_BRANCO_40_PCT"
9621,8,2026,32,"AJUSTE_BRANCO_40_PCT"
9652,8,2026,17,"AJUSTE_BRANCO_40_PCT"
9666,8,2026,89,"API"
9667,8,2026,185,"API"
9668,8,2026,203,"API"
9669,8,2026,145,"API"
9674,8,2026,27,"API"
9675,8,2026,79,"API"
9676,8,2026,85,"API"
9677,8,2026,61,"API"
9812,8,2026,128,"API"
9813,8,2026,200,"API"
9814,8,2026,164,"API"
9815,8,2026,36,"AJUSTE_BRANCO_40_PCT"
9816,8,2026,54,"AJUSTE_BRANCO_40_PCT"
9817,8,2026,40,"AJUSTE_BRANCO_40_PCT"
9868,8,2026,77,"AJUSTE_BRANCO_40_PCT"
9869,8,2026,137,"AJUSTE_BRANCO_40_PCT"
9870,8,2026,106,"AJUSTE_BRANCO_40_PCT"
9892,8,2026,227,"API"
9893,8,2026,445,"API"
9894,8,2026,369,"API"
9898,8,2026,129,"API"
9899,8,2026,223,"API"
9900,8,2026,180,"API"
9953,8,2026,32,"AJUSTE_BRANCO_40_PCT"
9954,8,2026,72,"AJUSTE_BRANCO_40_PCT"
9955,8,2026,82,"AJUSTE_BRANCO_40_PCT"
9956,8,2026,57,"AJUSTE_BRANCO_40_PCT"
9957,8,2026,90,"API"
9958,8,2026,206,"API"
9959,8,2026,235,"API"
9960,8,2026,176,"API"
9981,8,2026,55,"API"
9982,8,2026,149,"API"
9983,8,2026,172,"API"
9984,8,2026,125,"API"
10430,9,2026,85,"AJUSTE_BRANCO_40_PCT"
10431,9,2026,65,"AJUSTE_BRANCO_40_PCT"
10458,9,2026,40,"AJUSTE_BRANCO_40_PCT"
10464,9,2026,153,"API"
10476,9,2026,205,"API"
10477,9,2026,285,"API"
10478,9,2026,234,"API"
10479,9,2026,72,"AJUSTE_BRANCO_40_PCT"
10480,9,2026,194,"API"
10481,9,2026,294,"API"
10482,9,2026,254,"API"
10483,9,2026,138,"API"
10494,9,2026,203,"API"
10495,9,2026,348,"API"
10496,9,2026,313,"API"
10497,9,2026,44,"AJUSTE_BRANCO_40_PCT"
10498,9,2026,77,"AJUSTE_BRANCO_40_PCT"
10499,9,2026,64,"AJUSTE_BRANCO_40_PCT"
10783,9,2026,14,"AJUSTE_BRANCO_40_PCT"
10784,9,2026,28,"AJUSTE_BRANCO_40_PCT"
10785,9,2026,24,"AJUSTE_BRANCO_40_PCT"
10786,9,2026,52,"API"
10787,9,2026,83,"API"
10788,9,2026,93,"API"
13561,9,2026,113,"API"
13562,9,2026,78,"API"
13576,9,2026,156,"API"
13586,9,2026,246,"API"
13587,9,2026,223,"API"
13588,9,2026,142,"API"
13589,9,2026,100,"API"
13595,9,2026,157,"API"
16030,9,2026,49,"API"
16031,9,2026,56,"API"
16032,9,2026,51,"API"
16033,9,2026,40,"API"
16034,9,2026,47,"API"
16035,9,2026,47,"API"
16036,9,2026,39,"API"
16037,9,2026,32,"API"
16042,9,2026,115,"API"
16043,9,2026,128,"API"
16044,9,2026,87,"API"
16045,9,2026,64,"API"
16046,9,2026,189,"API"
16047,9,2026,186,"API"
16048,9,2026,118,"API"
16049,9,2026,80,"API"
16050,9,2026,96,"API"
16051,9,2026,111,"API"
16052,9,2026,90,"API"
16053,9,2026,215,"API"
16054,9,2026,244,"API"
16055,9,2026,192,"API"
16056,9,2026,68,"API"
16057,9,2026,85,"API"
16058,9,2026,64,"API"
16059,9,2026,51,"API"
16064,9,2026,92,"API"
16065,9,2026,107,"API"
16066,9,2026,77,"API"
16067,9,2026,59,"API"
16433,9,2026,75,"AJUSTE_BRANCO_40_PCT"
16434,9,2026,118,"AJUSTE_BRANCO_40_PCT"
16435,9,2026,83,"AJUSTE_BRANCO_40_PCT"
16436,9,2026,17,"AJUSTE_BRANCO_40_PCT"
16437,9,2026,713,"API"
16438,9,2026,1126,"API"
16439,9,2026,681,"API"
16440,9,2026,28,"API"
16441,9,2026,838,"API"
16442,9,2026,1345,"API"
16443,9,2026,782,"API"
16444,9,2026,172,"API"
16453,9,2026,122,"AJUSTE_BRANCO_40_PCT"
16454,9,2026,212,"AJUSTE_BRANCO_40_PCT"
16455,9,2026,130,"AJUSTE_BRANCO_40_PCT"
16456,9,2026,56,"AJUSTE_BRANCO_40_PCT"
16457,9,2026,791,"API"
16458,9,2026,1471,"API"
16459,9,2026,995,"API"
16460,9,2026,387,"API"
16461,9,2026,1000,"API"
16462,9,2026,1910,"API"
16463,9,2026,1211,"API"
16464,9,2026,469,"API"
16664,9,2026,88,"API"
16665,9,2026,88,"API"
16666,9,2026,56,"API"
16667,9,2026,42,"API"
16694,9,2026,26,"API"
16695,9,2026,98,"API"
16696,9,2026,106,"API"
16697,9,2026,76,"API"
16698,9,2026,26,"API"
16699,9,2026,100,"API"
16700,9,2026,116,"API"
16701,9,2026,84,"API"
16713,9,2026,522,"API"
16714,9,2026,977,"API"
16715,9,2026,898,"API"
16716,9,2026,545,"API"
16748,9,2026,95,"API"
16749,9,2026,305,"API"
16750,9,2026,255,"API"
16751,9,2026,142,"API"
16756,9,2026,121,"API"
16757,9,2026,460,"API"
16758,9,2026,427,"API"
16759,9,2026,210,"API"
16855,9,2026,534,"API"
16856,9,2026,835,"API"
16857,9,2026,487,"API"
16858,9,2026,114,"API"
16863,9,2026,83,"API"
16864,9,2026,250,"API"
16865,9,2026,219,"API"
16866,9,2026,114,"API"
16879,9,2026,576,"API"
16880,9,2026,1130,"API"
16881,9,2026,709,"API"
16882,9,2026,268,"API"
16912,9,2026,67,"API"
16913,9,2026,126,"API"
16914,9,2026,90,"API"
16915,9,2026,56,"API"
16916,9,2026,18,"API"
16917,9,2026,30,"API"
16918,9,2026,28,"API"
16919,9,2026,25,"API"
16933,9,2026,110,"API"
16934,9,2026,101,"API"
16935,9,2026,71,"API"
16936,9,2026,51,"API"
16976,9,2026,65,"API"
16977,9,2026,142,"API"
16978,9,2026,121,"API"
16979,9,2026,64,"API"
17581,9,2026,107,"API"
17582,9,2026,208,"API"
17583,9,2026,172,"API"
17584,9,2026,97,"API"
17585,9,2026,119,"API"
17586,9,2026,239,"API"
17587,9,2026,192,"API"
17588,9,2026,95,"API"
17626,9,2026,169,"API"
17627,9,2026,170,"API"
17628,9,2026,123,"API"
17681,9,2026,48,"AJUSTE_BRANCO_40_PCT"
17682,9,2026,115,"AJUSTE_BRANCO_40_PCT"
17683,9,2026,104,"AJUSTE_BRANCO_40_PCT"
17684,9,2026,319,"API"
17685,9,2026,810,"API"
17686,9,2026,768,"API"
17687,9,2026,196,"API"
17688,9,2026,518,"API"
17689,9,2026,494,"API"
17690,9,2026,333,"API"
17691,9,2026,809,"API"
17692,9,2026,746,"API"
17748,9,2026,60,"API"
17749,9,2026,106,"API"
17750,9,2026,90,"API"
17754,9,2026,63,"API"
17755,9,2026,97,"API"
17756,9,2026,83,"API"
17766,9,2026,96,"API"
17767,9,2026,120,"API"
17768,9,2026,167,"API"
17781,9,2026,39,"AJUSTE_BRANCO_40_PCT"
17782,9,2026,70,"AJUSTE_BRANCO_40_PCT"
17783,9,2026,56,"AJUSTE_BRANCO_40_PCT"
17784,9,2026,28,"AJUSTE_BRANCO_40_PCT"
17987,9,2026,27,"API"
17988,9,2026,106,"API"
17989,9,2026,109,"API"
17990,9,2026,78,"API"
18030,9,2026,60,"API"
18031,9,2026,88,"API"
18032,9,2026,80,"API"
18033,9,2026,57,"API"
18034,9,2026,101,"API"
18035,9,2026,153,"API"
18036,9,2026,136,"API"
18037,9,2026,94,"API"
18038,9,2026,54,"API"
18039,9,2026,79,"API"
18040,9,2026,69,"API"
18041,9,2026,53,"API"
18058,9,2026,215,"API"
18059,9,2026,455,"API"
18060,9,2026,545,"API"
18061,9,2026,436,"API"
18062,9,2026,287,"API"
18063,9,2026,707,"API"
18064,9,2026,852,"API"
18065,9,2026,641,"API"
18066,9,2026,124,"API"
18067,9,2026,303,"API"
18068,9,2026,379,"API"
18069,9,2026,284,"API"
18078,9,2026,156,"API"
18079,9,2026,320,"API"
18080,9,2026,345,"API"
18081,9,2026,232,"API"
18082,9,2026,523,"API"
18083,9,2026,574,"API"
18084,9,2026,128,"API"
18085,9,2026,286,"API"
18086,9,2026,303,"API"
18093,9,2026,62,"API"
18094,9,2026,110,"API"
18095,9,2026,130,"API"
18096,9,2026,97,"API"
18097,9,2026,96,"API"
18098,9,2026,198,"API"
18099,9,2026,230,"API"
18100,9,2026,179,"API"
18101,9,2026,47,"API"
18102,9,2026,89,"API"
18103,9,2026,97,"API"
18104,9,2026,71,"API"
18170,9,2026,41,"AJUSTE_BRANCO_40_PCT"
18171,9,2026,94,"AJUSTE_BRANCO_40_PCT"
18172,9,2026,112,"AJUSTE_BRANCO_40_PCT"
18173,9,2026,83,"AJUSTE_BRANCO_40_PCT"
18277,9,2026,62,"AJUSTE_BRANCO_40_PCT"
18278,9,2026,419,"API"
18279,9,2026,285,"API"
18280,9,2026,489,"API"
18281,9,2026,32,"API"
18282,9,2026,44,"API"
18283,9,2026,70,"API"
18284,9,2026,47,"API"
18632,9,2026,33,"API"
18633,9,2026,68,"API"
18634,9,2026,81,"API"
18635,9,2026,64,"API"
18640,9,2026,45,"API"
18641,9,2026,125,"API"
18642,9,2026,152,"API"
18643,9,2026,114,"API"
18973,9,2026,20,"API"
18974,9,2026,37,"API"
18975,9,2026,30,"API"
18976,9,2026,26,"API"
18977,9,2026,23,"API"
18978,9,2026,33,"API"
18979,9,2026,27,"API"
18980,9,2026,14,"API"
18985,9,2026,19,"API"
18986,9,2026,31,"API"
18987,9,2026,24,"API"
18988,9,2026,18,"API"
19278,9,2026,50,"API"
19279,9,2026,85,"API"
19280,9,2026,80,"API"
19281,9,2026,49,"API"
19282,9,2026,86,"API"
19283,9,2026,131,"API"
19284,9,2026,125,"API"
19285,9,2026,81,"API"
19298,9,2026,86,"API"
19299,9,2026,245,"API"
19300,9,2026,193,"API"
19307,9,2026,116,"API"
19308,9,2026,233,"API"
19309,9,2026,177,"API"
19310,9,2026,113,"API"
19311,9,2026,200,"API"
19312,9,2026,141,"API"
19319,9,2026,91,"API"
19320,9,2026,170,"API"
19321,9,2026,111,"API"
19348,9,2026,4,"API"
19350,9,2026,19,"API"
19351,9,2026,13,"API"
19352,9,2026,23,"API"
19353,9,2026,10,"API"
19354,9,2026,20,"API"
19355,9,2026,36,"API"
19356,9,2026,26,"API"
19357,9,2026,18,"API"
19358,9,2026,30,"API"
19359,9,2026,39,"API"
19360,9,2026,22,"API"
19361,9,2026,27,"API"
19362,9,2026,42,"API"
19363,9,2026,21,"API"
19364,9,2026,19,"API"
19366,9,2026,12,"API"
19367,9,2026,70,"API"
19368,9,2026,54,"API"
19369,9,2026,35,"API"
19370,9,2026,36,"API"
19371,9,2026,20,"API"
19372,9,2026,75,"API"
19373,9,2026,132,"API"
19374,9,2026,55,"API"
19375,9,2026,105,"API"
19376,9,2026,132,"API"
19377,9,2026,107,"API"
19378,9,2026,68,"API"
19379,9,2026,38,"API"
19381,9,2026,46,"API"
19382,9,2026,272,"API"
19383,9,2026,223,"API"
19384,9,2026,125,"API"
19385,9,2026,105,"API"
19386,9,2026,60,"API"
19387,9,2026,329,"API"
19388,9,2026,376,"API"
19389,9,2026,174,"API"
19390,9,2026,317,"API"
19391,9,2026,342,"API"
19392,9,2026,22,"API"
19394,9,2026,35,"API"
19395,9,2026,48,"API"
19396,9,2026,31,"API"
19397,9,2026,27,"API"
19398,9,2026,60,"API"
19399,9,2026,81,"API"
19400,9,2026,44,"API"
19401,9,2026,21,"API"
19402,9,2026,56,"API"
19403,9,2026,96,"API"
19404,9,2026,29,"API"
19405,9,2026,52,"API"
19406,9,2026,34,"API"
19408,9,2026,90,"API"
19409,9,2026,112,"API"
19410,9,2026,66,"API"
19411,9,2026,43,"API"
19412,9,2026,137,"API"
19413,9,2026,181,"API"
19414,9,2026,78,"API"
19415,9,2026,35,"API"
19416,9,2026,119,"API"
19417,9,2026,145,"API"
19418,9,2026,53,"API"
19419,9,2026,105,"API"
19598,9,2026,18,"API"
19599,9,2026,26,"API"
19618,9,2026,148,"API"
19620,9,2026,83,"API"
19621,9,2026,76,"API"
19622,9,2026,34,"API"
19623,9,2026,53,"API"
19655,9,2026,352,"API"
19657,9,2026,197,"API"
19658,9,2026,226,"API"
21350,9,2026,16,"AJUSTE_BRANCO_40_PCT"
21351,9,2026,23,"AJUSTE_BRANCO_40_PCT"
21352,9,2026,20,"AJUSTE_BRANCO_40_PCT"
21353,9,2026,58,"API"
21354,9,2026,116,"API"
21355,9,2026,72,"API"
21359,9,2026,38,"API"
21360,9,2026,53,"API"
21361,9,2026,24,"API"
21365,9,2026,130,"API"
21366,9,2026,232,"API"
21367,9,2026,207,"API"
21368,9,2026,138,"API"
21369,9,2026,257,"API"
21370,9,2026,204,"API"
22358,9,2026,114,"API"
22359,9,2026,224,"API"
22360,9,2026,251,"API"
22361,9,2026,193,"API"
22362,9,2026,133,"API"
22760,9,2026,14,"API"
22761,9,2026,11,"API"
22762,9,2026,4,"API"
22763,9,2026,24,"API"
22764,9,2026,28,"API"
22765,9,2026,19,"API"
22766,9,2026,11,"API"
22767,9,2026,26,"API"
22768,9,2026,37,"API"
22770,9,2026,19,"API"
22771,9,2026,27,"API"
22772,9,2026,28,"API"
22773,9,2026,18,"API"
22774,9,2026,8,"API"
22775,9,2026,18,"API"
22776,9,2026,11,"API"
22778,9,2026,17,"API"
22779,9,2026,18,"API"
22780,9,2026,9,"API"
22781,9,2026,43,"API"
22782,9,2026,55,"API"
22783,9,2026,26,"API"
22784,9,2026,12,"API"
22785,9,2026,58,"API"
22786,9,2026,65,"API"
22788,9,2026,29,"API"
22789,9,2026,60,"API"
22790,9,2026,45,"API"
22791,9,2026,18,"API"
22792,9,2026,21,"API"
22793,9,2026,32,"API"
22794,9,2026,17,"API"
23091,9,2026,72,"AJUSTE_BRANCO_40_PCT"
23092,9,2026,257,"API"
23387,9,2026,35,"API"
23388,9,2026,138,"API"
23389,9,2026,138,"API"
23390,9,2026,91,"API"
23391,9,2026,22,"API"
23392,9,2026,36,"API"
23393,9,2026,38,"API"
23394,9,2026,45,"API"
24079,9,2026,21,"API"
24080,9,2026,15,"API"
24081,9,2026,15,"API"
24082,9,2026,29,"API"
24083,9,2026,28,"API"
24084,9,2026,12,"API"
24085,9,2026,14,"API"
24086,9,2026,35,"API"
24087,9,2026,30,"API"
24088,9,2026,14,"API"
24089,9,2026,13,"API"
24090,9,2026,29,"API"
24091,9,2026,21,"API"
24092,9,2026,19,"API"
24093,9,2026,15,"API"
24094,9,2026,28,"API"
24095,9,2026,25,"API"
24096,9,2026,15,"API"
24097,9,2026,47,"API"
24098,9,2026,50,"API"
24099,9,2026,23,"API"
24100,9,2026,10,"API"
24101,9,2026,57,"API"
24102,9,2026,50,"API"
24103,9,2026,16,"API"
24104,9,2026,20,"API"
24105,9,2026,42,"API"
24106,9,2026,34,"API"
24107,9,2026,28,"API"
24108,9,2026,23,"API"
24234,9,2026,105,"API"
24235,9,2026,106,"API"
24236,9,2026,89,"API"
24237,9,2026,59,"API"
25620,9,2026,312,"API"
25621,9,2026,654,"API"
25622,9,2026,453,"API"
25623,9,2026,175,"API"
25624,9,2026,299,"API"
25625,9,2026,612,"API"
25626,9,2026,429,"API"
25627,9,2026,164,"API"
25628,9,2026,221,"API"
25629,9,2026,439,"API"
25630,9,2026,317,"API"
25631,9,2026,116,"API"
25640,9,2026,222,"API"
25641,9,2026,588,"API"
25642,9,2026,501,"API"
25643,9,2026,269,"API"
25644,9,2026,258,"API"
25645,9,2026,630,"API"
25646,9,2026,508,"API"
25647,9,2026,264,"API"
25648,9,2026,197,"API"
25649,9,2026,474,"API"
25650,9,2026,380,"API"
25651,9,2026,196,"API"
25660,9,2026,389,"API"
25661,9,2026,810,"API"
25662,9,2026,510,"API"
25663,9,2026,192,"API"
25664,9,2026,219,"API"
25665,9,2026,466,"API"
25666,9,2026,289,"API"
25667,9,2026,99,"API"
25668,9,2026,313,"API"
25669,9,2026,643,"API"
25670,9,2026,397,"API"
25671,9,2026,151,"API"
25721,9,2026,37,"API"
25722,9,2026,35,"API"
25723,9,2026,42,"API"
25724,9,2026,31,"API"
25725,9,2026,29,"API"
25726,9,2026,48,"API"
25727,9,2026,52,"API"
25728,9,2026,26,"API"
25729,9,2026,25,"API"
25730,9,2026,38,"API"
25731,9,2026,35,"API"
25732,9,2026,23,"API"
25737,9,2026,47,"API"
25738,9,2026,98,"API"
25739,9,2026,58,"API"
25740,9,2026,34,"API"
25745,9,2026,33,"API"
25746,9,2026,57,"API"
25747,9,2026,46,"API"
25748,9,2026,31,"API"
25753,9,2026,85,"API"
25754,9,2026,156,"API"
25755,9,2026,73,"API"
25756,9,2026,42,"API"
25761,9,2026,46,"API"
25762,9,2026,81,"API"
25763,9,2026,64,"API"
25764,9,2026,39,"API"
25963,9,2026,51,"API"
25964,9,2026,58,"API"
25965,9,2026,51,"API"
25967,9,2026,47,"API"
25968,9,2026,45,"API"
25969,9,2026,24,"API"
25986,9,2026,49,"API"
25987,9,2026,146,"API"
25988,9,2026,134,"API"
25989,9,2026,70,"API"
25990,9,2026,30,"API"
25991,9,2026,59,"API"
25992,9,2026,31,"API"
25993,9,2026,42,"API"
26019,9,2026,11,"API"
26020,9,2026,14,"API"
26021,9,2026,13,"API"
26022,9,2026,11,"API"
26318,9,2026,32,"API"
26320,9,2026,29,"API"
27047,9,2026,64,"AJUSTE_BRANCO_40_PCT"
27048,9,2026,125,"AJUSTE_BRANCO_40_PCT"
27049,9,2026,92,"AJUSTE_BRANCO_40_PCT"
27050,9,2026,34,"AJUSTE_BRANCO_40_PCT"
27051,9,2026,74,"AJUSTE_BRANCO_40_PCT"
27052,9,2026,152,"AJUSTE_BRANCO_40_PCT"
27053,9,2026,99,"AJUSTE_BRANCO_40_PCT"
27054,9,2026,35,"AJUSTE_BRANCO_40_PCT"
27055,9,2026,47,"AJUSTE_BRANCO_40_PCT"
27056,9,2026,117,"AJUSTE_BRANCO_40_PCT"
27057,9,2026,91,"AJUSTE_BRANCO_40_PCT"
27058,9,2026,47,"AJUSTE_BRANCO_40_PCT"
27099,9,2026,82,"API"
27100,9,2026,99,"API"
27101,9,2026,66,"API"
27102,9,2026,45,"API"
27103,9,2026,25,"API"
27104,9,2026,97,"API"
27105,9,2026,122,"API"
27106,9,2026,91,"API"
27107,9,2026,64,"API"
27108,9,2026,40,"API"
27600,9,2026,66,"API"
27601,9,2026,152,"API"
27602,9,2026,113,"API"
27603,9,2026,58,"API"
27604,9,2026,107,"API"
27605,9,2026,70,"API"
27677,9,2026,38,"API"
27678,9,2026,104,"API"
27679,9,2026,117,"API"
27680,9,2026,86,"API"
27681,9,2026,48,"API"
27682,9,2026,133,"API"
27683,9,2026,139,"API"
27684,9,2026,92,"API"
27969,9,2026,46,"AJUSTE_BRANCO_40_PCT"
27970,9,2026,55,"AJUSTE_BRANCO_40_PCT"
27971,9,2026,45,"AJUSTE_BRANCO_40_PCT"
27972,9,2026,19,"AJUSTE_BRANCO_40_PCT"
27973,9,2026,67,"API"
27974,9,2026,84,"API"
27975,9,2026,50,"API"
27976,9,2026,23,"API"
27977,9,2026,135,"API"
27978,9,2026,206,"API"
27979,9,2026,162,"API"
27980,9,2026,73,"API"
28606,9,2026,81,"API"
28607,9,2026,84,"API"
28608,9,2026,54,"API"
28609,9,2026,42,"API"
28610,9,2026,29,"API"
28612,9,2026,90,"API"
28613,9,2026,90,"API"
28614,9,2026,59,"API"
28615,9,2026,43,"API"
28625,9,2026,100,"API"
28626,9,2026,289,"API"
28627,9,2026,344,"API"
28628,9,2026,247,"API"
28629,9,2026,191,"API"
28630,9,2026,365,"API"
28631,9,2026,343,"API"
28632,9,2026,208,"API"
28633,9,2026,113,"API"
28634,9,2026,272,"API"
28635,9,2026,329,"API"
28636,9,2026,254,"API"
28637,9,2026,197,"API"
28638,9,2026,531,"API"
28639,9,2026,502,"API"
28640,9,2026,298,"API"
28641,9,2026,291,"API"
28642,9,2026,1093,"API"
28643,9,2026,1186,"API"
28644,9,2026,761,"API"
28645,9,2026,220,"API"
28646,9,2026,444,"API"
28647,9,2026,320,"API"
28648,9,2026,117,"API"
28649,9,2026,241,"API"
28650,9,2026,494,"API"
28651,9,2026,308,"API"
28652,9,2026,110,"API"
28653,9,2026,189,"API"
28654,9,2026,452,"API"
28655,9,2026,365,"API"
28656,9,2026,201,"API"
29094,9,2026,34,"API"
29095,9,2026,52,"API"
29096,9,2026,46,"API"
29097,9,2026,31,"API"
29141,9,2026,86,"API"
29142,9,2026,67,"API"
29143,9,2026,29,"API"
29144,9,2026,23,"API"
29145,9,2026,45,"API"
29146,9,2026,39,"API"
29147,9,2026,28,"API"
29148,9,2026,24,"API"
29415,9,2026,147,"API"
29416,9,2026,130,"API"
29417,9,2026,111,"API"
29418,9,2026,105,"API"
29419,9,2026,101,"API"
29420,9,2026,97,"API"
29424,9,2026,99,"API"
29425,9,2026,80,"API"
29426,9,2026,81,"API"
29427,9,2026,114,"API"
29428,9,2026,117,"API"
29429,9,2026,100,"API"
29448,9,2026,84,"API"
29449,9,2026,47,"API"
29450,9,2026,47,"API"
29454,9,2026,89,"API"
29455,9,2026,71,"API"
29456,9,2026,56,"API"
29552,9,2026,85,"API"
29553,9,2026,26,"API"
29617,9,2026,17,"API"
29618,9,2026,30,"API"
29619,9,2026,24,"API"
29620,9,2026,27,"API"
29875,9,2026,122,"API"
29876,9,2026,122,"API"
29877,9,2026,89,"API"
29881,9,2026,64,"API"
29882,9,2026,71,"API"
29883,9,2026,59,"API"
30003,9,2026,60,"API"
30004,9,2026,57,"API"
30005,9,2026,42,"API"
30006,9,2026,36,"API"
30007,9,2026,33,"API"
30008,9,2026,25,"API"
30061,9,2026,365,"API"
30062,9,2026,496,"API"
30063,9,2026,377,"API"
30064,9,2026,211,"API"
30065,9,2026,198,"API"
30066,9,2026,262,"API"
30067,9,2026,217,"API"
30068,9,2026,132,"API"
30097,9,2026,89,"API"
30101,9,2026,137,"API"
30105,9,2026,140,"API"
30109,9,2026,92,"API"
30150,9,2026,17,"API"
30151,9,2026,16,"API"
30153,9,2026,38,"API"
30154,9,2026,42,"API"
30157,9,2026,50,"API"
30158,9,2026,56,"API"
30160,9,2026,32,"API"
30161,9,2026,57,"API"
30286,9,2026,196,"API"
30287,9,2026,273,"API"
30288,9,2026,246,"API"
30289,9,2026,145,"API"
30290,9,2026,235,"API"
30291,9,2026,225,"API"
30581,9,2026,87,"API"
30582,9,2026,148,"API"
30583,9,2026,123,"API"
30584,9,2026,61,"API"
30745,9,2026,52,"API"
30746,9,2026,88,"API"
30747,9,2026,77,"API"
30748,9,2026,41,"API"
30749,9,2026,28,"API"
30750,9,2026,49,"API"
30751,9,2026,51,"API"
30752,9,2026,33,"API"
30893,9,2026,100,"API"
30894,9,2026,109,"API"
30895,9,2026,96,"API"
30896,9,2026,70,"API"
30897,9,2026,35,"API"
30898,9,2026,47,"API"
30899,9,2026,41,"API"
30900,9,2026,33,"API"
30901,9,2026,138,"API"
30902,9,2026,158,"API"
30903,9,2026,136,"API"
30904,9,2026,86,"API"
30905,9,2026,60,"API"
30906,9,2026,70,"API"
30907,9,2026,92,"API"
30908,9,2026,72,"API"
30909,9,2026,41,"API"
30910,9,2026,28,"API"
30945,9,2026,38,"API"
30946,9,2026,51,"API"
30947,9,2026,44,"API"
30948,9,2026,21,"API"
30949,9,2026,21,"API"
31047,9,2026,36,"AJUSTE_BRANCO_40_PCT"
31049,9,2026,55,"API"
31050,9,2026,179,"API"
31068,9,2026,250,"API"
31069,9,2026,91,"API"
31070,9,2026,157,"API"
31072,9,2026,148,"API"
31073,9,2026,39,"AJUSTE_BRANCO_40_PCT"
31074,9,2026,56,"AJUSTE_BRANCO_40_PCT"
31075,9,2026,50,"AJUSTE_BRANCO_40_PCT"
31076,9,2026,33,"AJUSTE_BRANCO_40_PCT"
31097,9,2026,16,"AJUSTE_BRANCO_40_PCT"
31101,9,2026,53,"API"
31108,9,2026,123,"API"
31109,9,2026,87,"API"
31110,9,2026,128,"API"
31111,9,2026,115,"API"
31112,9,2026,58,"API"
31113,9,2026,65,"API"
31114,9,2026,115,"API"
31115,9,2026,96,"API"
31116,9,2026,58,"API"
31117,9,2026,49,"API"
31118,9,2026,110,"API"
31119,9,2026,114,"API"
31120,9,2026,87,"API"
31121,9,2026,213,"API"
31122,9,2026,384,"API"
31123,9,2026,321,"API"
31124,9,2026,176,"API"
31125,9,2026,91,"API"
31126,9,2026,209,"API"
31127,9,2026,205,"API"
31128,9,2026,161,"API"
31129,9,2026,101,"API"
31130,9,2026,125,"API"
31131,9,2026,100,"API"
31132,9,2026,65,"API"
31138,9,2026,31,"API"
31139,9,2026,43,"API"
31140,9,2026,35,"API"
31141,9,2026,101,"API"
31142,9,2026,146,"API"
31143,9,2026,122,"API"
31144,9,2026,62,"API"
31145,9,2026,96,"API"
31146,9,2026,85,"API"
31147,9,2026,52,"API"
31351,9,2026,184,"API"
31353,9,2026,126,"API"
31359,9,2026,67,"API"
31361,9,2026,177,"API"
31368,9,2026,26,"API"
31370,9,2026,18,"API"
31375,9,2026,71,"API"
31376,9,2026,33,"API"
31378,9,2026,20,"API"
31379,9,2026,80,"API"
31380,9,2026,179,"API"
31381,9,2026,114,"API"
31382,9,2026,80,"API"
31383,9,2026,48,"API"
31387,9,2026,36,"API"
31388,9,2026,48,"API"
31389,9,2026,125,"API"
31396,9,2026,90,"API"
31397,9,2026,22,"API"
31398,9,2026,35,"API"
31943,9,2026,26,"API"
31944,9,2026,31,"API"
31945,9,2026,25,"API"
31946,9,2026,16,"API"
32056,9,2026,21,"API"
32057,9,2026,79,"API"
32058,9,2026,89,"API"
32059,9,2026,63,"API"
32076,9,2026,25,"API"
32077,9,2026,81,"API"
32078,9,2026,96,"API"
32079,9,2026,78,"API"
32164,9,2026,74,"API"
32165,9,2026,66,"API"
32166,9,2026,57,"API"
32170,9,2026,48,"API"
32171,9,2026,39,"API"
32172,9,2026,31,"API"
32200,9,2026,61,"API"
32201,9,2026,56,"API"
32202,9,2026,39,"API"
32203,9,2026,22,"API"
32212,9,2026,84,"API"
32213,9,2026,69,"API"
32214,9,2026,53,"API"
32302,9,2026,33,"AJUSTE_BRANCO_40_PCT"
32303,9,2026,70,"AJUSTE_BRANCO_40_PCT"
32304,9,2026,60,"AJUSTE_BRANCO_40_PCT"
32305,9,2026,29,"AJUSTE_BRANCO_40_PCT"
32306,9,2026,150,"API"
32307,9,2026,324,"API"
32308,9,2026,282,"API"
32309,9,2026,154,"API"
32310,9,2026,102,"API"
32311,9,2026,245,"API"
32312,9,2026,202,"API"
32313,9,2026,91,"API"
32314,9,2026,111,"API"
32315,9,2026,245,"API"
32316,9,2026,212,"API"
32317,9,2026,105,"API"
32318,9,2026,155,"API"
32319,9,2026,343,"API"
32320,9,2026,293,"API"
32321,9,2026,148,"API"
32344,9,2026,41,"API"
32345,9,2026,69,"API"
32346,9,2026,62,"API"
32347,9,2026,42,"API"
32353,9,2026,22,"API"
32354,9,2026,39,"API"
32355,9,2026,41,"API"
32356,9,2026,30,"API"
32565,9,2026,191,"API"
32566,9,2026,492,"API"
32567,9,2026,559,"API"
32568,9,2026,437,"API"
32569,9,2026,307,"API"
32575,9,2026,123,"API"
32576,9,2026,333,"API"
32577,9,2026,390,"API"
32578,9,2026,291,"API"
32579,9,2026,203,"API"
32580,9,2026,308,"API"
32581,9,2026,744,"API"
32582,9,2026,915,"API"
32583,9,2026,749,"API"
32584,9,2026,500,"API"
32585,9,2026,35,"AJUSTE_BRANCO_40_PCT"
32586,9,2026,76,"AJUSTE_BRANCO_40_PCT"
32587,9,2026,85,"AJUSTE_BRANCO_40_PCT"
32588,9,2026,66,"AJUSTE_BRANCO_40_PCT"
32589,9,2026,38,"AJUSTE_BRANCO_40_PCT"
32595,9,2026,76,"API"
32596,9,2026,182,"API"
32597,9,2026,201,"API"
32598,9,2026,182,"API"
32599,9,2026,131,"API"
32798,9,2026,26,"API"
32799,9,2026,26,"API"
32800,9,2026,16,"API"
32801,9,2026,9,"API"
32802,9,2026,8,"API"
32803,9,2026,33,"API"
32804,9,2026,41,"API"
32805,9,2026,24,"API"
32806,9,2026,24,"API"
32807,9,2026,16,"API"
32808,9,2026,39,"API"
32809,9,2026,22,"API"
32810,9,2026,14,"API"
32812,9,2026,66,"API"
32813,9,2026,38,"API"
32814,9,2026,30,"API"
32893,9,2026,29,"API"
32894,9,2026,58,"API"
32895,9,2026,49,"API"
32896,9,2026,24,"API"
32897,9,2026,37,"API"
32898,9,2026,62,"API"
32899,9,2026,59,"API"
32900,9,2026,30,"API"
32901,9,2026,161,"API"
32902,9,2026,302,"API"
32903,9,2026,273,"API"
32904,9,2026,156,"API"
32905,9,2026,129,"API"
32906,9,2026,240,"API"
32907,9,2026,220,"API"
32908,9,2026,123,"API"
32918,9,2026,24,"API"
32919,9,2026,21,"API"
32920,9,2026,17,"API"
32921,9,2026,17,"API"
32922,9,2026,16,"API"
32923,9,2026,16,"API"
32924,9,2026,10,"API"
32925,9,2026,12,"API"
32952,9,2026,66,"API"
32953,9,2026,52,"API"
32954,9,2026,45,"API"
33102,9,2026,26,"API"
33103,9,2026,58,"API"
33104,9,2026,46,"API"
33105,9,2026,30,"API"
33114,9,2026,31,"API"
33115,9,2026,46,"API"
33116,9,2026,38,"API"
33117,9,2026,31,"API"
33156,9,2026,30,"API"
33157,9,2026,64,"API"
33158,9,2026,47,"API"
33159,9,2026,24,"API"
33215,9,2026,30,"API"
33216,9,2026,121,"API"
33217,9,2026,114,"API"
33218,9,2026,98,"API"
33227,9,2026,47,"API"
33228,9,2026,62,"API"
33229,9,2026,50,"API"
33230,9,2026,28,"API"
33534,9,2026,49,"API"
33535,9,2026,33,"API"
33538,9,2026,97,"API"
33539,9,2026,68,"API"
33574,9,2026,56,"API"
33575,9,2026,51,"API"
33576,9,2026,38,"API"
33577,9,2026,100,"API"
33578,9,2026,98,"API"
33579,9,2026,72,"API"
33628,9,2026,67,"API"
33629,9,2026,76,"API"
33630,9,2026,85,"API"
33631,9,2026,55,"API"
33632,9,2026,117,"API"
33633,9,2026,136,"API"
33634,9,2026,150,"API"
33635,9,2026,97,"API"
33719,9,2026,88,"API"
33720,9,2026,49,"API"
33724,9,2026,17,"API"
33725,9,2026,38,"API"
33726,9,2026,37,"API"
33727,9,2026,17,"API"
33728,9,2026,17,"API"
33729,9,2026,42,"API"
33730,9,2026,35,"API"
33731,9,2026,18,"API"
33740,9,2026,125,"API"
33741,9,2026,209,"API"
33742,9,2026,189,"API"
33743,9,2026,100,"API"
33930,9,2026,16,"API"
33931,9,2026,31,"API"
33932,9,2026,17,"API"
33933,9,2026,12,"API"
33934,9,2026,16,"API"
33935,9,2026,37,"API"
33936,9,2026,43,"API"
33937,9,2026,29,"API"
34023,9,2026,10,"API"
34024,9,2026,30,"API"
34025,9,2026,35,"API"
34026,9,2026,25,"API"
34027,9,2026,18,"API"
34028,9,2026,39,"API"
34029,9,2026,51,"API"
34030,9,2026,39,"API"
34031,9,2026,63,"API"
34034,9,2026,42,"API"
34036,9,2026,14,"AJUSTE_BRANCO_40_PCT"
34037,9,2026,17,"AJUSTE_BRANCO_40_PCT"
34038,9,2026,16,"AJUSTE_BRANCO_40_PCT"
34039,9,2026,8,"AJUSTE_BRANCO_40_PCT"
34040,9,2026,20,"API"
34041,9,2026,35,"API"
34042,9,2026,33,"API"
34043,9,2026,24,"API"
34044,9,2026,22,"API"
34045,9,2026,34,"API"
34046,9,2026,25,"API"
34047,9,2026,17,"API"
34074,9,2026,12,"AJUSTE_BRANCO_40_PCT"
34075,9,2026,20,"AJUSTE_BRANCO_40_PCT"
34076,9,2026,18,"AJUSTE_BRANCO_40_PCT"
34077,9,2026,9,"AJUSTE_BRANCO_40_PCT"
34078,9,2026,37,"API"
34079,9,2026,54,"API"
34080,9,2026,47,"API"
34081,9,2026,31,"API"
34082,9,2026,22,"API"
34083,9,2026,31,"API"
34084,9,2026,30,"API"
34085,9,2026,21,"API"
34124,9,2026,30,"API"
34125,9,2026,43,"API"
34126,9,2026,42,"API"
34127,9,2026,28,"API"
34128,9,2026,13,"API"
34129,9,2026,26,"API"
34130,9,2026,24,"API"
34131,9,2026,14,"API"
34132,9,2026,8,"API"
34133,9,2026,22,"API"
34134,9,2026,22,"API"
34135,9,2026,12,"API"
34136,9,2026,24,"API"
34137,9,2026,37,"API"
34138,9,2026,34,"API"
34139,9,2026,28,"API"
34140,9,2026,41,"API"
34141,9,2026,51,"API"
34142,9,2026,51,"API"
34143,9,2026,38,"API"
34144,9,2026,54,"API"
34145,9,2026,39,"API"
34146,9,2026,37,"API"
34147,9,2026,301,"API"
34148,9,2026,245,"API"
34149,9,2026,84,"API"
34150,9,2026,73,"API"
34159,9,2026,46,"API"
34160,9,2026,42,"API"
34161,9,2026,37,"API"
34162,9,2026,29,"API"
34163,9,2026,59,"API"
34164,9,2026,47,"API"
34165,9,2026,37,"API"
34166,9,2026,26,"API"
34167,9,2026,30,"API"
34168,9,2026,29,"API"
34169,9,2026,16,"API"
34170,9,2026,14,"API"
34171,9,2026,119,"API"
34172,9,2026,102,"API"
34173,9,2026,85,"API"
34174,9,2026,54,"API"
34205,9,2026,55,"API"
34206,9,2026,73,"API"
34207,9,2026,71,"API"
34208,9,2026,37,"API"
34209,9,2026,33,"API"
34210,9,2026,71,"API"
34211,9,2026,54,"API"
34212,9,2026,25,"API"
34213,9,2026,31,"API"
34214,9,2026,111,"API"
34215,9,2026,100,"API"
34216,9,2026,97,"API"
34280,9,2026,235,"API"
34281,9,2026,538,"API"
34282,9,2026,391,"API"
34283,9,2026,140,"API"
34284,9,2026,207,"API"
34285,9,2026,327,"API"
34286,9,2026,216,"API"
34287,9,2026,20,"API"
34337,9,2026,42,"API"
34338,9,2026,107,"API"
34339,9,2026,107,"API"
34340,9,2026,82,"API"
34341,9,2026,46,"API"
34343,9,2026,56,"API"
34397,9,2026,64,"API"
34398,9,2026,67,"API"
34399,9,2026,73,"API"
34400,9,2026,51,"API"
34402,9,2026,28,"API"
34403,9,2026,37,"API"
34404,9,2026,38,"API"
34405,9,2026,35,"API"
34407,9,2026,28,"API"
34408,9,2026,29,"API"
34409,9,2026,31,"API"
34410,9,2026,29,"API"
34412,9,2026,88,"API"
34413,9,2026,89,"API"
34414,9,2026,72,"API"
34415,9,2026,51,"API"
34416,9,2026,38,"API"
34417,9,2026,31,"API"
34418,9,2026,38,"API"
34419,9,2026,31,"API"
34420,9,2026,21,"API"
34421,9,2026,14,"API"
34422,9,2026,34,"API"
34423,9,2026,30,"API"
34424,9,2026,30,"API"
34425,9,2026,25,"API"
34426,9,2026,14,"API"
34427,9,2026,9,"API"
34428,9,2026,12,"API"
34429,9,2026,24,"API"
34430,9,2026,24,"API"
34431,9,2026,34,"API"
34432,9,2026,28,"API"
34433,9,2026,33,"API"
34441,9,2026,47,"API"
34442,9,2026,63,"API"
34443,9,2026,54,"API"
34444,9,2026,71,"API"
34445,9,2026,90,"API"
34446,9,2026,68,"API"
34450,9,2026,30,"API"
34451,9,2026,16,"API"
34459,9,2026,35,"API"
34460,9,2026,58,"API"
34461,9,2026,51,"API"
34462,9,2026,34,"API"
34463,9,2026,20,"API"
34464,9,2026,41,"API"
34465,9,2026,39,"API"
34466,9,2026,20,"API"
34467,9,2026,10,"AJUSTE_BRANCO_40_PCT"
34468,9,2026,21,"AJUSTE_BRANCO_40_PCT"
34469,9,2026,19,"AJUSTE_BRANCO_40_PCT"
34470,9,2026,13,"AJUSTE_BRANCO_40_PCT"
34480,9,2026,8,"API"
34481,9,2026,8,"API"
34691,9,2026,26,"API"
34692,9,2026,23,"API"
34693,9,2026,13,"API"
34699,9,2026,14,"API"
34700,9,2026,31,"API"
34701,9,2026,25,"API"
34702,9,2026,19,"API"
34703,9,2026,11,"API"
34705,9,2026,20,"API"
34706,9,2026,20,"API"
34707,9,2026,16,"API"
34710,9,2026,37,"API"
34711,9,2026,39,"API"
34712,9,2026,28,"API"
34723,9,2026,41,"API"
34724,9,2026,44,"API"
34725,9,2026,34,"API"
34734,9,2026,14,"API"
34735,9,2026,24,"API"
34736,9,2026,42,"API"
34737,9,2026,60,"API"
34738,9,2026,63,"API"
34739,9,2026,67,"API"
34740,9,2026,58,"API"
34773,9,2026,122,"API"
34774,9,2026,179,"API"
34775,9,2026,119,"API"
34776,9,2026,75,"API"
34777,9,2026,108,"API"
34778,9,2026,67,"API"
34782,9,2026,102,"API"
34783,9,2026,146,"API"
34784,9,2026,99,"API"
34810,9,2026,78,"API"
34811,9,2026,98,"API"
34812,9,2026,69,"API"
34813,9,2026,14,"AJUSTE_BRANCO_40_PCT"
34814,9,2026,17,"AJUSTE_BRANCO_40_PCT"
34815,9,2026,12,"AJUSTE_BRANCO_40_PCT"
34816,9,2026,60,"API"
34817,9,2026,71,"API"
34818,9,2026,51,"API"
34819,9,2026,25,"API"
34820,9,2026,32,"API"
34821,9,2026,23,"API"
34828,9,2026,45,"API"
34829,9,2026,67,"API"
34830,9,2026,54,"API"
34831,9,2026,28,"API"
34832,9,2026,13,"AJUSTE_BRANCO_40_PCT"
34833,9,2026,17,"AJUSTE_BRANCO_40_PCT"
34834,9,2026,12,"AJUSTE_BRANCO_40_PCT"
34835,9,2026,7,"AJUSTE_BRANCO_40_PCT"
34836,9,2026,37,"API"
34837,9,2026,51,"API"
34838,9,2026,39,"API"
34839,9,2026,22,"API"
34840,9,2026,29,"API"
34841,9,2026,46,"API"
34842,9,2026,30,"API"
34843,9,2026,18,"API"
35019,9,2026,18,"AJUSTE_BRANCO_40_PCT"
35020,9,2026,23,"AJUSTE_BRANCO_40_PCT"
35021,9,2026,16,"AJUSTE_BRANCO_40_PCT"
35022,9,2026,50,"API"
35023,9,2026,62,"API"
35024,9,2026,46,"API"
35025,9,2026,35,"API"
35026,9,2026,47,"API"
35027,9,2026,36,"API"
35028,9,2026,36,"API"
35029,9,2026,46,"API"
35030,9,2026,33,"API"
35204,9,2026,122,"API"
35205,9,2026,174,"API"
35206,9,2026,108,"API"
35208,9,2026,182,"API"
35209,9,2026,215,"API"
35210,9,2026,135,"API"
35212,9,2026,140,"API"
35213,9,2026,213,"API"
35214,9,2026,125,"API"
35215,9,2026,42,"API"
35220,9,2026,166,"API"
35221,9,2026,290,"API"
35222,9,2026,180,"API"
35223,9,2026,60,"API"
35224,9,2026,208,"API"
35225,9,2026,345,"API"
35226,9,2026,239,"API"
35227,9,2026,93,"API"
35228,9,2026,183,"API"
35229,9,2026,306,"API"
35230,9,2026,199,"API"
35231,9,2026,76,"API"
35232,9,2026,31,"API"
35233,9,2026,48,"API"
35234,9,2026,40,"API"
35235,9,2026,17,"API"
35236,9,2026,45,"API"
35237,9,2026,74,"API"
35238,9,2026,67,"API"
35239,9,2026,34,"API"
35244,9,2026,98,"API"
35245,9,2026,174,"API"
35246,9,2026,163,"API"
35247,9,2026,109,"API"
35252,9,2026,43,"API"
35253,9,2026,110,"API"
35254,9,2026,125,"API"
35255,9,2026,99,"API"
35256,9,2026,54,"API"
35257,9,2026,131,"API"
35258,9,2026,171,"API"
35259,9,2026,125,"API"
35260,9,2026,43,"API"
35261,9,2026,109,"API"
35262,9,2026,136,"API"
35263,9,2026,97,"API"
35268,9,2026,68,"API"
35269,9,2026,177,"API"
35270,9,2026,211,"API"
35271,9,2026,168,"API"
35272,9,2026,64,"API"
35273,9,2026,150,"API"
35274,9,2026,177,"API"
35275,9,2026,139,"API"
35276,9,2026,54,"API"
35277,9,2026,125,"API"
35278,9,2026,133,"API"
35279,9,2026,99,"API"
35285,9,2026,77,"API"
35286,9,2026,159,"API"
35287,9,2026,168,"API"
35288,9,2026,95,"API"
35290,9,2026,118,"API"
35291,9,2026,197,"API"
35292,9,2026,205,"API"
35293,9,2026,131,"API"
35295,9,2026,95,"API"
35296,9,2026,184,"API"
35297,9,2026,173,"API"
35298,9,2026,106,"API"
35305,9,2026,84,"API"
35306,9,2026,169,"API"
35307,9,2026,199,"API"
35308,9,2026,176,"API"
35309,9,2026,114,"API"
35310,9,2026,38,"API"
35311,9,2026,84,"API"
35312,9,2026,107,"API"
35313,9,2026,92,"API"
35314,9,2026,61,"API"
35315,9,2026,39,"API"
35316,9,2026,83,"API"
35317,9,2026,98,"API"
35318,9,2026,86,"API"
35319,9,2026,60,"API"
35324,9,2026,169,"API"
35325,9,2026,288,"API"
35326,9,2026,176,"API"
35327,9,2026,77,"API"
35328,9,2026,187,"API"
35329,9,2026,310,"API"
35330,9,2026,223,"API"
35331,9,2026,92,"API"
35332,9,2026,150,"API"
35333,9,2026,281,"API"
35334,9,2026,160,"API"
35335,9,2026,45,"API"
35336,9,2026,118,"API"
35337,9,2026,445,"API"
35338,9,2026,458,"API"
35339,9,2026,288,"API"
35340,9,2026,168,"API"
35341,9,2026,515,"API"
35342,9,2026,535,"API"
35343,9,2026,369,"API"
35348,9,2026,186,"API"
35349,9,2026,607,"API"
35350,9,2026,572,"API"
35351,9,2026,354,"API"
35352,9,2026,119,"API"
35353,9,2026,293,"API"
35354,9,2026,244,"API"
35355,9,2026,140,"API"
35356,9,2026,93,"API"
35357,9,2026,249,"API"
35358,9,2026,228,"API"
35359,9,2026,135,"API"
35360,9,2026,148,"API"
35361,9,2026,309,"API"
35362,9,2026,312,"API"
35363,9,2026,186,"API"
35368,9,2026,92,"API"
35369,9,2026,185,"API"
35370,9,2026,125,"API"
35371,9,2026,55,"API"
35376,9,2026,128,"API"
35377,9,2026,211,"API"
35378,9,2026,143,"API"
35379,9,2026,43,"API"
35380,9,2026,105,"API"
35381,9,2026,180,"API"
35382,9,2026,106,"API"
35383,9,2026,35,"API"
35384,9,2026,73,"API"
35385,9,2026,186,"API"
35386,9,2026,152,"API"
35387,9,2026,78,"API"
35392,9,2026,116,"API"
35393,9,2026,252,"API"
35394,9,2026,208,"API"
35395,9,2026,102,"API"
35396,9,2026,104,"API"
35397,9,2026,224,"API"
35398,9,2026,181,"API"
35399,9,2026,77,"API"
35428,9,2026,53,"API"
35429,9,2026,97,"API"
35430,9,2026,63,"API"
35431,9,2026,22,"API"
35436,9,2026,83,"API"
35437,9,2026,154,"API"
35438,9,2026,110,"API"
35439,9,2026,43,"API"
35440,9,2026,78,"API"
35441,9,2026,186,"API"
35442,9,2026,157,"API"
35443,9,2026,73,"API"
35471,9,2026,12,"API"
35472,9,2026,17,"API"
35473,9,2026,10,"API"
35476,9,2026,16,"API"
35477,9,2026,24,"API"
35478,9,2026,11,"API"
35481,9,2026,15,"API"
35482,9,2026,19,"API"
35486,9,2026,14,"API"
35504,9,2026,17,"API"
35505,9,2026,14,"API"
35508,9,2026,23,"API"
35509,9,2026,21,"API"
35510,9,2026,6,"API"
35512,9,2026,22,"API"
35513,9,2026,15,"API"
35515,9,2026,9,"API"
35531,9,2026,11,"API"
35532,9,2026,16,"API"
35535,9,2026,20,"API"
35536,9,2026,27,"API"
35538,9,2026,18,"API"
35539,9,2026,19,"API"
35770,9,2026,82,"API"
35771,9,2026,117,"API"
35772,9,2026,94,"API"
35774,9,2026,54,"API"
35775,9,2026,73,"API"
35776,9,2026,66,"API"
35834,9,2026,66,"API"
35835,9,2026,95,"API"
35836,9,2026,88,"API"
35837,9,2026,57,"API"
35838,9,2026,25,"API"
35839,9,2026,43,"API"
35840,9,2026,37,"API"
35841,9,2026,22,"API"
36033,9,2026,46,"API"
36034,9,2026,74,"API"
36035,9,2026,65,"API"
36036,9,2026,33,"API"
36037,9,2026,30,"API"
36038,9,2026,53,"API"
36039,9,2026,52,"API"
36040,9,2026,32,"API"
36065,9,2026,14,"API"
36066,9,2026,55,"API"
36067,9,2026,57,"API"
36068,9,2026,25,"API"
36085,9,2026,27,"API"
36086,9,2026,35,"API"
36087,9,2026,20,"API"
36129,9,2026,44,"API"
36130,9,2026,52,"API"
36131,9,2026,40,"API"
36132,9,2026,29,"API"
36141,9,2026,59,"API"
36142,9,2026,74,"API"
36143,9,2026,62,"API"
36144,9,2026,44,"API"
36587,9,2026,32,"API"
36588,9,2026,42,"API"
36589,9,2026,28,"API"
36590,9,2026,12,"API"
36595,9,2026,18,"API"
36596,9,2026,9,"API"
36597,9,2026,33,"API"
36598,9,2026,19,"API"
36599,9,2026,41,"API"
36600,9,2026,21,"API"
36601,9,2026,35,"API"
36602,9,2026,22,"API"
36603,9,2026,15,"API"
36604,9,2026,12,"API"
36605,9,2026,6,"API"
36606,9,2026,21,"API"
36607,9,2026,12,"API"
36608,9,2026,25,"API"
36609,9,2026,18,"API"
36610,9,2026,18,"API"
36611,9,2026,11,"API"
36612,9,2026,9,"API"
36613,9,2026,14,"API"
36614,9,2026,10,"API"
36615,9,2026,37,"API"
36616,9,2026,29,"API"
36617,9,2026,42,"API"
36618,9,2026,31,"API"
36619,9,2026,34,"API"
36620,9,2026,17,"API"
36621,9,2026,16,"API"
36622,9,2026,11,"API"
36623,9,2026,6,"API"
36624,9,2026,15,"API"
36625,9,2026,12,"API"
36626,9,2026,17,"API"
36627,9,2026,14,"API"
36628,9,2026,12,"API"
36629,9,2026,8,"API"
36630,9,2026,10,"API"
36632,9,2026,8,"API"
36633,9,2026,25,"API"
36634,9,2026,12,"API"
36635,9,2026,31,"API"
36636,9,2026,13,"API"
36637,9,2026,24,"API"
36638,9,2026,11,"API"
36639,9,2026,12,"API"
36640,9,2026,28,"API"
36641,9,2026,6,"API"
36642,9,2026,23,"API"
36643,9,2026,18,"API"
36644,9,2026,22,"API"
36645,9,2026,9,"API"
36655,9,2026,28,"API"
36656,9,2026,28,"API"
36659,9,2026,35,"API"
36660,9,2026,36,"API"
36662,9,2026,26,"API"
36663,9,2026,31,"API"
36673,9,2026,27,"API"
36674,9,2026,41,"API"
36675,9,2026,28,"API"
36676,9,2026,13,"API"
36704,9,2026,12,"AJUSTE_BRANCO_40_PCT"
36705,9,2026,20,"AJUSTE_BRANCO_40_PCT"
36706,9,2026,17,"AJUSTE_BRANCO_40_PCT"
36707,9,2026,6,"AJUSTE_BRANCO_40_PCT"
36716,9,2026,21,"API"
36717,9,2026,51,"API"
36718,9,2026,42,"API"
36719,9,2026,12,"API"
36724,9,2026,8,"API"
36725,9,2026,13,"API"
36726,9,2026,9,"API"
36728,9,2026,4,"API"
36730,9,2026,17,"API"
36731,9,2026,19,"API"
36732,9,2026,13,"API"
36734,9,2026,24,"API"
36735,9,2026,30,"API"
36736,9,2026,11,"API"
36738,9,2026,18,"API"
36739,9,2026,26,"API"
36740,9,2026,9,"API"
36741,9,2026,16,"API"
36764,9,2026,34,"API"
36767,9,2026,10,"API"
36768,9,2026,11,"API"
36769,9,2026,17,"API"
36779,9,2026,2,"API"
36846,9,2026,64,"API"
36847,9,2026,108,"API"
36848,9,2026,92,"API"
36849,9,2026,57,"API"
36854,9,2026,52,"API"
36855,9,2026,89,"API"
36856,9,2026,76,"API"
36857,9,2026,47,"API"
36862,9,2026,73,"API"
36863,9,2026,53,"API"
36864,9,2026,44,"API"
36865,9,2026,60,"API"
36866,9,2026,43,"API"
36867,9,2026,36,"API"
36871,9,2026,30,"API"
36872,9,2026,60,"API"
36873,9,2026,69,"API"
36874,9,2026,54,"API"
36879,9,2026,25,"API"
36880,9,2026,49,"API"
36881,9,2026,57,"API"
36882,9,2026,44,"API"
36890,9,2026,35,"API"
36891,9,2026,74,"API"
36892,9,2026,79,"API"
36893,9,2026,59,"API"
36905,9,2026,28,"API"
36906,9,2026,61,"API"
36907,9,2026,65,"API"
36908,9,2026,48,"API"
36922,9,2026,48,"API"
36923,9,2026,38,"API"
36924,9,2026,32,"API"
36946,9,2026,17,"API"
36947,9,2026,21,"API"
36948,9,2026,15,"API"
36949,9,2026,10,"API"
36953,9,2026,67,"API"
36954,9,2026,106,"API"
36955,9,2026,85,"API"
36956,9,2026,44,"API"
36957,9,2026,71,"API"
36958,9,2026,57,"API"
36971,9,2026,38,"API"
36972,9,2026,45,"API"
36973,9,2026,35,"API"
36974,9,2026,22,"API"
36975,9,2026,25,"API"
36976,9,2026,30,"API"
36977,9,2026,23,"API"
36978,9,2026,15,"API"
36987,9,2026,113,"API"
36988,9,2026,192,"API"
36989,9,2026,170,"API"
36993,9,2026,93,"API"
36994,9,2026,157,"API"
36995,9,2026,139,"API"
36997,9,2026,13,"API"
36998,9,2026,25,"API"
36999,9,2026,30,"API"
37000,9,2026,22,"API"
37001,9,2026,19,"API"
37002,9,2026,38,"API"
37003,9,2026,44,"API"
37004,9,2026,34,"API"
37009,9,2026,80,"API"
37010,9,2026,85,"API"
37011,9,2026,64,"API"
37012,9,2026,31,"API"
37013,9,2026,38,"API"
37014,9,2026,75,"API"
37015,9,2026,89,"API"
37016,9,2026,67,"API"
37021,9,2026,90,"API"
37022,9,2026,147,"API"
37023,9,2026,132,"API"
37024,9,2026,76,"API"
37025,9,2026,33,"API"
37026,9,2026,97,"API"
37027,9,2026,159,"API"
37028,9,2026,144,"API"
37029,9,2026,82,"API"
37030,9,2026,36,"API"
37031,9,2026,42,"API"
37032,9,2026,64,"API"
37033,9,2026,51,"API"
37034,9,2026,45,"API"
37035,9,2026,70,"API"
37036,9,2026,55,"API"
37039,9,2026,81,"API"
37040,9,2026,96,"API"
37041,9,2026,75,"API"
37042,9,2026,48,"API"
37043,9,2026,75,"API"
37044,9,2026,89,"API"
37045,9,2026,69,"API"
37046,9,2026,44,"API"
37051,9,2026,237,"API"
37052,9,2026,90,"API"
37053,9,2026,144,"API"
37054,9,2026,115,"API"
37055,9,2026,58,"API"
37056,9,2026,90,"API"
37057,9,2026,144,"API"
37058,9,2026,115,"API"
37059,9,2026,58,"API"
37064,9,2026,54,"API"
37065,9,2026,78,"API"
37066,9,2026,54,"API"
37067,9,2026,38,"API"
37068,9,2026,54,"API"
37069,9,2026,78,"API"
37070,9,2026,54,"API"
37071,9,2026,38,"API"
37076,9,2026,25,"API"
37077,9,2026,53,"API"
37078,9,2026,57,"API"
37079,9,2026,43,"API"
37088,9,2026,52,"API"
37089,9,2026,89,"API"
37090,9,2026,69,"API"
37091,9,2026,37,"API"
37096,9,2026,142,"API"
37097,9,2026,216,"API"
37098,9,2026,173,"API"
37099,9,2026,86,"API"
37117,9,2026,99,"API"
37118,9,2026,152,"API"
37119,9,2026,119,"API"
37120,9,2026,99,"API"
37121,9,2026,152,"API"
37122,9,2026,119,"API"
37141,9,2026,6,"API"
37142,9,2026,9,"API"
37143,9,2026,9,"API"
37144,9,2026,2,"API"
37145,9,2026,8,"API"
37146,9,2026,15,"API"
37147,9,2026,15,"API"
37148,9,2026,8,"API"
37149,9,2026,2,"API"
37150,9,2026,2,"API"
37151,9,2026,2,"API"
37153,9,2026,36,"API"
37154,9,2026,58,"API"
37155,9,2026,53,"API"
37156,9,2026,24,"API"
37157,9,2026,5,"API"
37158,9,2026,6,"API"
37159,9,2026,7,"API"
37160,9,2026,2,"API"
37161,9,2026,36,"API"
37162,9,2026,58,"API"
37163,9,2026,53,"API"
37164,9,2026,24,"API"
37165,9,2026,36,"API"
37166,9,2026,61,"API"
37167,9,2026,52,"API"
37168,9,2026,30,"API"
37169,9,2026,24,"API"
37170,9,2026,41,"API"
37171,9,2026,35,"API"
37172,9,2026,20,"API"
37173,9,2026,40,"API"
37174,9,2026,64,"API"
37175,9,2026,44,"API"
37176,9,2026,33,"API"
37177,9,2026,53,"API"
37178,9,2026,36,"API"
37183,9,2026,15,"API"
37184,9,2026,23,"API"
37185,9,2026,19,"API"
37186,9,2026,11,"API"
37187,9,2026,35,"API"
37188,9,2026,53,"API"
37189,9,2026,44,"API"
37190,9,2026,25,"API"
37346,9,2026,72,"API"
37347,9,2026,171,"API"
37348,9,2026,103,"API"
37349,9,2026,38,"API"
37350,9,2026,78,"API"
37351,9,2026,186,"API"
37352,9,2026,111,"API"
37353,9,2026,41,"API"
37362,9,2026,148,"API"
37363,9,2026,228,"API"
37364,9,2026,179,"API"
37368,9,2026,238,"API"
37369,9,2026,405,"API"
37370,9,2026,357,"API"
37371,9,2026,334,"API"
37372,9,2026,567,"API"
37373,9,2026,500,"API"
37374,9,2026,28,"API"
37375,9,2026,26,"API"
37376,9,2026,20,"API"
37378,9,2026,26,"API"
37379,9,2026,24,"API"
37380,9,2026,19,"API"
37394,9,2026,34,"API"
37395,9,2026,69,"API"
37396,9,2026,81,"API"
37397,9,2026,62,"API"
37400,9,2026,37,"API"
37401,9,2026,75,"API"
37402,9,2026,88,"API"
37403,9,2026,67,"API"
37406,9,2026,86,"API"
37407,9,2026,132,"API"
37408,9,2026,103,"API"
37409,9,2026,36,"API"
37410,9,2026,105,"API"
37411,9,2026,161,"API"
37412,9,2026,126,"API"
37413,9,2026,44,"API"
37417,9,2026,25,"API"
37418,9,2026,26,"API"
37419,9,2026,21,"API"
37420,9,2026,15,"API"
37427,9,2026,39,"API"
37428,9,2026,67,"API"
37429,9,2026,59,"API"
37430,9,2026,31,"API"
37440,9,2026,56,"API"
37441,9,2026,39,"API"
37442,9,2026,27,"API"
37454,9,2026,82,"API"
37455,9,2026,140,"API"
37456,9,2026,123,"API"
37457,9,2026,82,"API"
37458,9,2026,140,"API"
37459,9,2026,123,"API"
37464,9,2026,20,"API"
37465,9,2026,20,"API"
37466,9,2026,16,"API"
37467,9,2026,11,"API"
37483,9,2026,54,"API"
37484,9,2026,64,"API"
37485,9,2026,50,"API"
37486,9,2026,32,"API"
37487,9,2026,44,"API"
37488,9,2026,52,"API"
37489,9,2026,41,"API"
37490,9,2026,26,"API"
37491,9,2026,54,"API"
37492,9,2026,61,"API"
37493,9,2026,46,"API"
37494,9,2026,24,"API"
37495,9,2026,44,"API"
37496,9,2026,50,"API"
37497,9,2026,38,"API"
37498,9,2026,20,"API"
37499,9,2026,23,"API"
37500,9,2026,24,"API"
37501,9,2026,19,"API"
37502,9,2026,14,"API"
37507,9,2026,19,"API"
37508,9,2026,20,"API"
37509,9,2026,16,"API"
37510,9,2026,11,"API"
37511,9,2026,45,"API"
37512,9,2026,79,"API"
37513,9,2026,66,"API"
37514,9,2026,36,"API"
37519,9,2026,37,"API"
37520,9,2026,65,"API"
37521,9,2026,54,"API"
37522,9,2026,30,"API"
37544,9,2026,47,"API"
37545,9,2026,33,"API"
37546,9,2026,23,"API"
37551,9,2026,25,"API"
37552,9,2026,68,"API"
37553,9,2026,68,"API"
37555,9,2026,11,"API"
37556,9,2026,29,"API"
37557,9,2026,29,"API"
37570,9,2026,72,"API"
37571,9,2026,83,"API"
37572,9,2026,69,"API"
37573,9,2026,43,"API"
37574,9,2026,59,"API"
37575,9,2026,68,"API"
37576,9,2026,57,"API"
37577,9,2026,35,"API"
37590,9,2026,61,"API"
37591,9,2026,70,"API"
37592,9,2026,58,"API"
37593,9,2026,36,"API"
37598,9,2026,78,"API"
37599,9,2026,66,"API"
37600,9,2026,78,"API"
37601,9,2026,66,"API"
37602,9,2026,8,"API"
37603,9,2026,8,"API"
37604,9,2026,6,"API"
37605,9,2026,3,"API"
37610,9,2026,55,"API"
37611,9,2026,76,"API"
37612,9,2026,48,"API"
37613,9,2026,32,"API"
37614,9,2026,50,"API"
37615,9,2026,70,"API"
37616,9,2026,45,"API"
37617,9,2026,29,"API"
37623,9,2026,55,"API"
37624,9,2026,63,"API"
37625,9,2026,53,"API"
37626,9,2026,32,"API"
37627,9,2026,67,"API"
37628,9,2026,77,"API"
37629,9,2026,64,"API"
37630,9,2026,40,"API"
37637,9,2026,29,"API"
37638,9,2026,40,"API"
37639,9,2026,26,"API"
37640,9,2026,17,"API"
37641,9,2026,29,"API"
37642,9,2026,40,"API"
37643,9,2026,26,"API"
37644,9,2026,17,"API"
37657,9,2026,56,"API"
37658,9,2026,66,"API"
37659,9,2026,53,"API"
37660,9,2026,33,"API"
37661,9,2026,35,"API"
37662,9,2026,40,"API"
37663,9,2026,30,"API"
37664,9,2026,16,"API"
37669,9,2026,35,"API"
37670,9,2026,40,"API"
37671,9,2026,30,"API"
37672,9,2026,16,"API"
37674,9,2026,25,"API"
37675,9,2026,53,"API"
37676,9,2026,57,"API"
37677,9,2026,43,"API"
37678,9,2026,39,"API"
37679,9,2026,67,"API"
37680,9,2026,59,"API"
37681,9,2026,31,"API"
37682,9,2026,61,"API"
37683,9,2026,70,"API"
37684,9,2026,58,"API"
37685,9,2026,36,"API"
37686,9,2026,66,"API"
37687,9,2026,66,"API"
37688,9,2026,20,"API"
37689,9,2026,20,"API"
37690,9,2026,16,"API"
37691,9,2026,11,"API"
37694,9,2026,56,"API"
37695,9,2026,39,"API"
37696,9,2026,27,"API"
37697,9,2026,56,"API"
37698,9,2026,66,"API"
37699,9,2026,53,"API"
37700,9,2026,33,"API"
37701,9,2026,31,"API"
37702,9,2026,49,"API"
37703,9,2026,45,"API"
37704,9,2026,22,"API"
37705,9,2026,31,"API"
37706,9,2026,49,"API"
37707,9,2026,45,"API"
37708,9,2026,22,"API"
37709,9,2026,45,"API"
37710,9,2026,60,"API"
37711,9,2026,43,"API"
37712,9,2026,45,"API"
37713,9,2026,60,"API"
37714,9,2026,43,"API"
37715,9,2026,42,"API"
37716,9,2026,61,"API"
37717,9,2026,46,"API"
37718,9,2026,42,"API"
37719,9,2026,61,"API"
37720,9,2026,46,"API"
37721,9,2026,71,"API"
37722,9,2026,90,"API"
37723,9,2026,65,"API"
37724,9,2026,46,"API"
37725,9,2026,71,"API"
37726,9,2026,90,"API"
37727,9,2026,65,"API"
37728,9,2026,46,"API"
37730,9,2026,13,"API"
37731,9,2026,21,"API"
37732,9,2026,19,"API"
37733,9,2026,13,"API"
37734,9,2026,21,"API"
37735,9,2026,19,"API"
37736,9,2026,56,"API"
37737,9,2026,125,"API"
37738,9,2026,142,"API"
37739,9,2026,103,"API"
37740,9,2026,56,"API"
37741,9,2026,125,"API"
37742,9,2026,142,"API"
37743,9,2026,103,"API"
37744,9,2026,37,"API"
37745,9,2026,70,"API"
37746,9,2026,70,"API"
37747,9,2026,53,"API"
37748,9,2026,37,"API"
37749,9,2026,70,"API"
37750,9,2026,70,"API"
37751,9,2026,53,"API"
37752,9,2026,145,"API"
37753,9,2026,260,"API"
37754,9,2026,202,"API"
37755,9,2026,116,"API"
37756,9,2026,145,"API"
37757,9,2026,260,"API"
37758,9,2026,202,"API"
37759,9,2026,116,"API"
37760,9,2026,61,"API"
37761,9,2026,82,"API"
37762,9,2026,65,"API"
37763,9,2026,34,"API"
37764,9,2026,61,"API"
37765,9,2026,82,"API"
37766,9,2026,65,"API"
37767,9,2026,34,"API"
37784,9,2026,25,"API"
37785,9,2026,50,"API"
37786,9,2026,59,"API"
37787,9,2026,45,"API"
37790,9,2026,35,"API"
37791,9,2026,59,"API"
37792,9,2026,46,"API"
37793,9,2026,25,"API"
37794,9,2026,62,"API"
37796,9,2026,99,"API"
37797,9,2026,152,"API"
37798,9,2026,119,"API"
37799,9,2026,41,"API"
37800,9,2026,53,"API"
37801,9,2026,57,"API"
37802,9,2026,43,"API"
37803,9,2026,21,"API"
37806,9,2026,95,"API"
37807,9,2026,144,"API"
37808,9,2026,115,"API"
37809,9,2026,58,"API"
37810,9,2026,17,"API"
37811,9,2026,17,"API"
37812,9,2026,14,"API"
37813,9,2026,10,"API"
37815,9,2026,31,"API"
37816,9,2026,22,"API"
37817,9,2026,15,"API"
37818,9,2026,28,"API"
37819,9,2026,42,"API"
37820,9,2026,45,"API"
37821,9,2026,19,"API"
37822,9,2026,26,"API"
37823,9,2026,44,"API"
37824,9,2026,35,"API"
37825,9,2026,21,"API"
37826,9,2026,27,"API"
37827,9,2026,46,"API"
37828,9,2026,36,"API"
37829,9,2026,22,"API"
37830,9,2026,26,"API"
37831,9,2026,44,"API"
37832,9,2026,35,"API"
37833,9,2026,21,"API"
37834,9,2026,41,"API"
37835,9,2026,41,"API"
37836,9,2026,42,"API"
37837,9,2026,34,"API"
37838,9,2026,19,"API"
37839,9,2026,17,"API"
37840,9,2026,191,"API"
37841,9,2026,267,"API"
37842,9,2026,191,"API"
37843,9,2026,324,"API"
37844,9,2026,286,"API"
37845,9,2026,152,"API"
37846,9,2026,191,"API"
37847,9,2026,324,"API"
37848,9,2026,286,"API"
37849,9,2026,152,"API"
37850,9,2026,224,"API"
37851,9,2026,150,"API"
37852,9,2026,34,"API"
37853,9,2026,57,"API"
37854,9,2026,49,"API"
37855,9,2026,30,"API"
37856,9,2026,42,"API"
37857,9,2026,71,"API"
37858,9,2026,61,"API"
37859,9,2026,38,"API"
37860,9,2026,59,"API"
37861,9,2026,100,"API"
37862,9,2026,85,"API"
37863,9,2026,53,"API"
37864,9,2026,34,"API"
37865,9,2026,57,"API"
37866,9,2026,49,"API"
37867,9,2026,30,"API"
37868,9,2026,90,"API"
37869,9,2026,74,"API"
37870,9,2026,26,"API"
37871,9,2026,26,"API"
37872,9,2026,25,"API"
37873,9,2026,19,"API"
37874,9,2026,13,"API"
37875,9,2026,24,"API"
37876,9,2026,26,"API"
37877,9,2026,22,"API"
37878,9,2026,16,"API"
37880,9,2026,35,"API"
37881,9,2026,47,"API"
37882,9,2026,35,"API"
37883,9,2026,25,"API"
37884,9,2026,23,"API"
37886,9,2026,16,"API"
37887,9,2026,14,"API"
37888,9,2026,11,"API"
37889,9,2026,8,"API"
37890,9,2026,36,"API"
37891,9,2026,23,"API"
37892,9,2026,24,"API"
37893,9,2026,42,"API"
37894,9,2026,38,"API"
37895,9,2026,30,"API"
37896,9,2026,46,"API"
37897,9,2026,30,"API"
37898,9,2026,27,"API"
37903,9,2026,41,"API"
37904,9,2026,28,"API"
37905,9,2026,20,"API"
37944,9,2026,20,"API"
37945,9,2026,26,"API"
37946,9,2026,27,"API"
37947,9,2026,18,"API"
37956,9,2026,26,"API"
37957,9,2026,38,"API"
37958,9,2026,35,"API"
37959,9,2026,19,"API"
37960,9,2026,36,"API"
37961,9,2026,48,"API"
37962,9,2026,41,"API"
37963,9,2026,26,"API"
37964,9,2026,23,"API"
37965,9,2026,39,"API"
37966,9,2026,24,"API"
37967,9,2026,11,"API"
37968,9,2026,46,"API"
37969,9,2026,67,"API"
37970,9,2026,58,"API"
37971,9,2026,38,"API"
37972,9,2026,36,"API"
37973,9,2026,67,"API"
37974,9,2026,57,"API"
37975,9,2026,31,"API"
37976,9,2026,21,"API"
37977,9,2026,41,"API"
37978,9,2026,69,"API"
37979,9,2026,59,"API"
37980,9,2026,35,"API"
37989,9,2026,72,"API"
37990,9,2026,108,"API"
37991,9,2026,91,"API"
37992,9,2026,56,"API"
37993,9,2026,72,"API"
37994,9,2026,108,"API"
37995,9,2026,91,"API"
37996,9,2026,56,"API"
37997,9,2026,94,"API"
37998,9,2026,139,"API"
37999,9,2026,101,"API"
38000,9,2026,41,"API"
38001,9,2026,94,"API"
38002,9,2026,139,"API"
38003,9,2026,101,"API"
38004,9,2026,41,"API"
38005,9,2026,38,"API"
38006,9,2026,53,"API"
38007,9,2026,40,"API"
38008,9,2026,21,"API"
38009,9,2026,38,"API"
38010,9,2026,53,"API"
38011,9,2026,40,"API"
38012,9,2026,21,"API"
38014,9,2026,8,"API"
38015,9,2026,29,"API"
38016,9,2026,14,"API"
38017,9,2026,30,"API"
38018,9,2026,15,"API"
38019,9,2026,26,"API"
38020,9,2026,14,"API"
38021,9,2026,7,"API"
38022,9,2026,6,"API"
38023,9,2026,14,"API"
38024,9,2026,11,"API"
38025,9,2026,16,"API"
38026,9,2026,11,"API"
38027,9,2026,14,"API"
38028,9,2026,10,"API"
38029,9,2026,11,"API"
38030,9,2026,5,"API"
38031,9,2026,6,"API"
38032,9,2026,13,"API"
38033,9,2026,14,"API"
38034,9,2026,14,"API"
38035,9,2026,15,"API"
38036,9,2026,11,"API"
38037,9,2026,11,"API"
38038,9,2026,10,"API"
38039,9,2026,19,"API"
38040,9,2026,39,"API"
38041,9,2026,31,"API"
38042,9,2026,18,"API"
38043,9,2026,16,"API"
38044,9,2026,27,"API"
38045,9,2026,22,"API"
38046,9,2026,15,"API"
38047,9,2026,14,"API"
38048,9,2026,24,"API"
38049,9,2026,26,"API"
38050,9,2026,23,"API"
38055,9,2026,19,"API"
38056,9,2026,29,"API"
38057,9,2026,31,"API"
38058,9,2026,21,"API"
38059,9,2026,20,"API"
38060,9,2026,26,"API"
38061,9,2026,27,"API"
38062,9,2026,18,"API"
38063,9,2026,26,"API"
38064,9,2026,38,"API"
38065,9,2026,35,"API"
38066,9,2026,19,"API"
38286,9,2026,11,"API"
38287,9,2026,33,"API"
38288,9,2026,40,"API"
38289,9,2026,39,"API"
38290,9,2026,26,"API"
38291,9,2026,78,"API"
38292,9,2026,66,"API"
38293,9,2026,11,"API"
38294,9,2026,10,"API"
38295,9,2026,36,"API"
38296,9,2026,45,"API"
38297,9,2026,36,"API"
38298,9,2026,10,"API"
38299,9,2026,36,"API"
38300,9,2026,45,"API"
38301,9,2026,36,"API"
38307,9,2026,50,"API"
38308,9,2026,90,"API"
38309,9,2026,77,"API"
38310,9,2026,45,"API"
38315,9,2026,50,"API"
38316,9,2026,90,"API"
38317,9,2026,77,"API"
38318,9,2026,45,"API"
38322,9,2026,17,"API"
38323,9,2026,26,"API"
38324,9,2026,24,"API"
38325,9,2026,17,"API"
38326,9,2026,39,"API"
38327,9,2026,61,"API"
38328,9,2026,55,"API"
38329,9,2026,39,"API"
38343,9,2026,26,"API"
38344,9,2026,24,"API"
38364,9,2026,33,"API"
38365,9,2026,57,"API"
38366,9,2026,44,"API"
38367,9,2026,24,"API"
38368,9,2026,33,"API"
38369,9,2026,57,"API"
38370,9,2026,44,"API"
38371,9,2026,24,"API"
38372,9,2026,31,"API"
38373,9,2026,53,"API"
38374,9,2026,44,"API"
38375,9,2026,27,"API"
38376,9,2026,13,"API"
38377,9,2026,23,"API"
38378,9,2026,19,"API"
38379,9,2026,11,"API"
38380,9,2026,32,"API"
38381,9,2026,56,"API"
38382,9,2026,56,"API"
38383,9,2026,16,"API"
38384,9,2026,32,"API"
38385,9,2026,56,"API"
38386,9,2026,56,"API"
38387,9,2026,16,"API"
38433,9,2026,32,"API"
38434,9,2026,65,"API"
38435,9,2026,59,"API"
38436,9,2026,34,"API"
38437,9,2026,44,"API"
38438,9,2026,88,"API"
38439,9,2026,80,"API"
38440,9,2026,46,"API"
38441,9,2026,17,"API"
38442,9,2026,34,"API"
38443,9,2026,31,"API"
38444,9,2026,18,"API"
38445,9,2026,19,"API"
38446,9,2026,38,"API"
38447,9,2026,35,"API"
38448,9,2026,20,"API"
38449,9,2026,19,"API"
38450,9,2026,38,"API"
38451,9,2026,35,"API"
38452,9,2026,20,"API"
38453,9,2026,23,"API"
38454,9,2026,46,"API"
38455,9,2026,42,"API"
38456,9,2026,24,"API"
38457,9,2026,23,"API"
38458,9,2026,46,"API"
38459,9,2026,42,"API"
38460,9,2026,24,"API"
38461,9,2026,13,"API"
38462,9,2026,27,"API"
38463,9,2026,24,"API"
38464,9,2026,14,"API"
38465,9,2026,14,"API"
38466,9,2026,16,"API"
38467,9,2026,15,"API"
38468,9,2026,11,"API"
38469,9,2026,14,"API"
38470,9,2026,17,"API"
38471,9,2026,15,"API"
38472,9,2026,11,"API"
38473,9,2026,5,"API"
38474,9,2026,6,"API"
38475,9,2026,5,"API"
38476,9,2026,3,"API"
38477,9,2026,13,"API"
38478,9,2026,15,"API"
38479,9,2026,14,"API"
38480,9,2026,9,"API"
38494,9,2026,12,"API"
38495,9,2026,12,"API"
38496,9,2026,10,"API"
38497,9,2026,3,"API"
38536,9,2026,26,"API"
38537,9,2026,18,"API"
38538,9,2026,16,"API"
38539,9,2026,7,"API"
38543,9,2026,1,"API"
38548,9,2026,31,"API"
38549,9,2026,24,"API"
38550,9,2026,18,"API"
38551,9,2026,14,"API"
38590,9,2026,47,"API"
38591,9,2026,35,"API"
38592,9,2026,25,"API"
38609,9,2026,2,"API"
38610,9,2026,3,"API"
38611,9,2026,5,"API"
38647,9,2026,3,"API"
38648,9,2026,7,"API"
38649,9,2026,4,"API"
38650,9,2026,3,"API"
38651,9,2026,8,"API"
38652,9,2026,11,"API"
38653,9,2026,10,"API"
38654,9,2026,6,"API"
38669,9,2026,1,"API"
38670,9,2026,4,"API"
38671,9,2026,4,"API"
38672,9,2026,3,"API"
38673,9,2026,3,"API"
38674,9,2026,7,"API"
38675,9,2026,6,"API"
38676,9,2026,6,"API"
38677,9,2026,1,"API"
38678,9,2026,3,"API"
38679,9,2026,3,"API"
38681,9,2026,2,"API"
38682,9,2026,3,"API"
38683,9,2026,2,"API"
39020,9,2026,2,"API"
39021,9,2026,2,"API"
39024,9,2026,1,"API"
39191,9,2026,2,"API"
39192,9,2026,2,"API"
39193,9,2026,2,"API"
39194,9,2026,1,"API"
39195,9,2026,1,"API"
39196,9,2026,1,"API"
39725,9,2026,5,"API"
39726,9,2026,4,"API"
39727,9,2026,3,"API"
39728,9,2026,2,"API"
4023,9,2026,108,"API"
4024,9,2026,178,"API"
4025,9,2026,168,"API"
4026,9,2026,183,"API"
4027,9,2026,291,"API"
4028,9,2026,260,"API"
4106,9,2026,78,"AJUSTE_BRANCO_40_PCT"
4107,9,2026,158,"AJUSTE_BRANCO_40_PCT"
4108,9,2026,158,"AJUSTE_BRANCO_40_PCT"
4109,9,2026,90,"AJUSTE_BRANCO_40_PCT"
4124,9,2026,374,"API"
4125,9,2026,709,"API"
4126,9,2026,694,"API"
4127,9,2026,426,"API"
4128,9,2026,515,"API"
4129,9,2026,1011,"API"
4130,9,2026,956,"API"
4131,9,2026,516,"API"
4138,9,2026,298,"API"
4139,9,2026,549,"API"
4140,9,2026,518,"API"
4141,9,2026,287,"API"
5851,9,2026,429,"API"
5852,9,2026,762,"API"
5853,9,2026,586,"API"
5854,9,2026,116,"API"
5855,9,2026,225,"API"
5856,9,2026,170,"API"
6347,9,2026,67,"API"
6348,9,2026,158,"API"
6349,9,2026,141,"API"
6350,9,2026,64,"API"
6399,9,2026,65,"API"
6400,9,2026,151,"API"
6401,9,2026,132,"API"
6402,9,2026,74,"API"
6442,9,2026,511,"API"
6443,9,2026,1747,"API"
6444,9,2026,1809,"API"
6445,9,2026,1094,"API"
6474,9,2026,375,"API"
6475,9,2026,1335,"API"
6476,9,2026,1443,"API"
6477,9,2026,949,"API"
6482,9,2026,61,"AJUSTE_BRANCO_40_PCT"
6483,9,2026,215,"AJUSTE_BRANCO_40_PCT"
6484,9,2026,220,"AJUSTE_BRANCO_40_PCT"
6485,9,2026,137,"AJUSTE_BRANCO_40_PCT"
6499,9,2026,310,"API"
6500,9,2026,1139,"API"
6501,9,2026,1235,"API"
6502,9,2026,773,"API"
6708,9,2026,60,"API"
6709,9,2026,135,"API"
6710,9,2026,131,"API"
6711,9,2026,109,"API"
6712,9,2026,30,"API"
6713,9,2026,57,"API"
6714,9,2026,64,"API"
6715,9,2026,55,"API"
6734,9,2026,171,"API"
6735,9,2026,169,"API"
6736,9,2026,106,"API"
6743,9,2026,188,"API"
6744,9,2026,413,"API"
6745,9,2026,418,"API"
6746,9,2026,279,"API"
6747,9,2026,80,"API"
6762,9,2026,47,"API"
6763,9,2026,102,"API"
6764,9,2026,100,"API"
6765,9,2026,81,"API"
6766,9,2026,90,"API"
6767,9,2026,186,"API"
6768,9,2026,195,"API"
6769,9,2026,132,"API"
6823,9,2026,222,"API"
6824,9,2026,244,"API"
6825,9,2026,179,"API"
6827,9,2026,130,"API"
6828,9,2026,154,"API"
6829,9,2026,120,"API"
6869,9,2026,623,"API"
6870,9,2026,1392,"API"
6871,9,2026,1404,"API"
6872,9,2026,966,"API"
6873,9,2026,113,"API"
6874,9,2026,265,"API"
6875,9,2026,286,"API"
6876,9,2026,230,"API"
7024,9,2026,77,"API"
7025,9,2026,231,"API"
7026,9,2026,228,"API"
7027,9,2026,137,"API"
7032,9,2026,44,"API"
7033,9,2026,108,"API"
7034,9,2026,123,"API"
7035,9,2026,83,"API"
7108,9,2026,184,"API"
7109,9,2026,296,"API"
7110,9,2026,296,"API"
7111,9,2026,197,"API"
8028,9,2026,36,"AJUSTE_BRANCO_40_PCT"
8029,9,2026,98,"AJUSTE_BRANCO_40_PCT"
8047,9,2026,116,"AJUSTE_BRANCO_40_PCT"
8048,9,2026,82,"AJUSTE_BRANCO_40_PCT"
8053,9,2026,276,"API"
8054,9,2026,805,"API"
8055,9,2026,936,"API"
8056,9,2026,631,"API"
8057,9,2026,166,"API"
8058,9,2026,463,"API"
8059,9,2026,556,"API"
8060,9,2026,408,"API"
8064,9,2026,139,"API"
8065,9,2026,410,"API"
8066,9,2026,492,"API"
8067,9,2026,343,"API"
8899,9,2026,47,"API"
8900,9,2026,98,"API"
8901,9,2026,81,"API"
8902,9,2026,60,"API"
8947,9,2026,64,"API"
8948,9,2026,170,"API"
8949,9,2026,194,"API"
8950,9,2026,158,"API"
9066,9,2026,82,"API"
9067,9,2026,136,"API"
9068,9,2026,128,"API"
9069,9,2026,92,"API"
9070,9,2026,63,"API"
9071,9,2026,37,"API"
9072,9,2026,51,"API"
9073,9,2026,54,"API"
9074,9,2026,39,"API"
9075,9,2026,31,"API"
9144,9,2026,100,"API"
9145,9,2026,73,"API"
9161,9,2026,175,"API"
9162,9,2026,261,"API"
9163,9,2026,217,"API"
9164,9,2026,140,"API"
9165,9,2026,75,"API"
9166,9,2026,117,"API"
9187,9,2026,70,"API"
9188,9,2026,167,"API"
9189,9,2026,144,"API"
9190,9,2026,97,"API"
9195,9,2026,56,"API"
9196,9,2026,119,"API"
9197,9,2026,100,"API"
9198,9,2026,72,"API"
9203,9,2026,75,"API"
9204,9,2026,165,"API"
9205,9,2026,134,"API"
9206,9,2026,88,"API"
9207,9,2026,117,"API"
9208,9,2026,84,"API"
9209,9,2026,28,"API"
9210,9,2026,74,"API"
9211,9,2026,78,"API"
9212,9,2026,54,"API"
9221,9,2026,55,"API"
9222,9,2026,120,"API"
9316,9,2026,47,"API"
9317,9,2026,89,"API"
9318,9,2026,65,"API"
9619,9,2026,60,"AJUSTE_BRANCO_40_PCT"
9620,9,2026,62,"AJUSTE_BRANCO_40_PCT"
9621,9,2026,44,"AJUSTE_BRANCO_40_PCT"
9652,9,2026,24,"AJUSTE_BRANCO_40_PCT"
9666,9,2026,124,"API"
9667,9,2026,255,"API"
9668,9,2026,279,"API"
9669,9,2026,199,"API"
9674,9,2026,37,"API"
9675,9,2026,108,"API"
9676,9,2026,117,"API"
9677,9,2026,83,"API"
9812,9,2026,175,"API"
9813,9,2026,276,"API"
9814,9,2026,262,"API"
9815,9,2026,49,"AJUSTE_BRANCO_40_PCT"
9816,9,2026,74,"AJUSTE_BRANCO_40_PCT"
9817,9,2026,54,"AJUSTE_BRANCO_40_PCT"
9868,9,2026,106,"AJUSTE_BRANCO_40_PCT"
9869,9,2026,188,"AJUSTE_BRANCO_40_PCT"
9870,9,2026,145,"AJUSTE_BRANCO_40_PCT"
9892,9,2026,312,"API"
9893,9,2026,611,"API"
9894,9,2026,506,"API"
9898,9,2026,177,"API"
9899,9,2026,306,"API"
9900,9,2026,247,"API"
9953,9,2026,44,"AJUSTE_BRANCO_40_PCT"
9954,9,2026,98,"AJUSTE_BRANCO_40_PCT"
9955,9,2026,113,"AJUSTE_BRANCO_40_PCT"
9956,9,2026,78,"AJUSTE_BRANCO_40_PCT"
9957,9,2026,124,"API"
9958,9,2026,282,"API"
9959,9,2026,322,"API"
9960,9,2026,241,"API"
9981,9,2026,76,"API"
9982,9,2026,204,"API"
9983,9,2026,236,"API"
9984,9,2026,172,"API"
10430,10,2026,91,"AJUSTE_60_BRANCO_PERMANENTE"
10431,10,2026,76,"AJUSTE_60_BRANCO_PERMANENTE"
10458,10,2026,40,"AJUSTE_60_BRANCO_PERMANENTE"
10464,10,2026,178,"API"
10476,10,2026,227,"API"
10477,10,2026,306,"API"
10478,10,2026,252,"API"
10479,10,2026,79,"AJUSTE_60_BRANCO_PERMANENTE"
10480,10,2026,194,"API"
10481,10,2026,282,"API"
10482,10,2026,237,"API"
10483,10,2026,148,"API"
10494,10,2026,218,"API"
10495,10,2026,373,"API"
10496,10,2026,337,"API"
10497,10,2026,55,"AJUSTE_60_BRANCO_PERMANENTE"
10498,10,2026,87,"AJUSTE_60_BRANCO_PERMANENTE"
10499,10,2026,75,"AJUSTE_60_BRANCO_PERMANENTE"
10783,10,2026,16,"AJUSTE_60_BRANCO_PERMANENTE"
10784,10,2026,30,"AJUSTE_60_BRANCO_PERMANENTE"
10785,10,2026,28,"AJUSTE_60_BRANCO_PERMANENTE"
10786,10,2026,56,"API"
10787,10,2026,96,"API"
10788,10,2026,106,"API"
13561,10,2026,119,"API"
13562,10,2026,87,"API"
13576,10,2026,188,"API"
13586,10,2026,264,"API"
13587,10,2026,248,"API"
13588,10,2026,182,"API"
13589,10,2026,145,"API"
13595,10,2026,191,"API"
16030,10,2026,43,"API"
16031,10,2026,54,"API"
16032,10,2026,49,"API"
16033,10,2026,35,"API"
16034,10,2026,39,"API"
16035,10,2026,41,"API"
16036,10,2026,40,"API"
16037,10,2026,30,"API"
16042,10,2026,154,"API"
16043,10,2026,158,"API"
16044,10,2026,87,"API"
16045,10,2026,69,"API"
16046,10,2026,211,"API"
16047,10,2026,230,"API"
16048,10,2026,116,"API"
16049,10,2026,83,"API"
16050,10,2026,87,"API"
16051,10,2026,142,"API"
16052,10,2026,88,"API"
16053,10,2026,231,"API"
16054,10,2026,262,"API"
16055,10,2026,215,"API"
16056,10,2026,66,"API"
16057,10,2026,80,"API"
16058,10,2026,60,"API"
16059,10,2026,51,"API"
16064,10,2026,81,"API"
16065,10,2026,102,"API"
16066,10,2026,74,"API"
16067,10,2026,58,"API"
16433,10,2026,81,"AJUSTE_60_BRANCO_PERMANENTE"
16434,10,2026,127,"AJUSTE_60_BRANCO_PERMANENTE"
16435,10,2026,90,"AJUSTE_60_BRANCO_PERMANENTE"
16436,10,2026,18,"AJUSTE_60_BRANCO_PERMANENTE"
16437,10,2026,766,"API"
16438,10,2026,1210,"API"
16439,10,2026,732,"API"
16440,10,2026,30,"API"
16441,10,2026,900,"API"
16442,10,2026,1446,"API"
16443,10,2026,841,"API"
16444,10,2026,185,"API"
16453,10,2026,131,"AJUSTE_60_BRANCO_PERMANENTE"
16454,10,2026,228,"AJUSTE_60_BRANCO_PERMANENTE"
16455,10,2026,140,"AJUSTE_60_BRANCO_PERMANENTE"
16456,10,2026,67,"AJUSTE_60_BRANCO_PERMANENTE"
16457,10,2026,850,"API"
16458,10,2026,1581,"API"
16459,10,2026,1070,"API"
16460,10,2026,416,"API"
16461,10,2026,1074,"API"
16462,10,2026,2052,"API"
16463,10,2026,1301,"API"
16464,10,2026,504,"API"
16664,10,2026,85,"API"
16665,10,2026,90,"API"
16666,10,2026,62,"API"
16667,10,2026,43,"API"
16694,10,2026,24,"API"
16695,10,2026,88,"API"
16696,10,2026,93,"API"
16697,10,2026,66,"API"
16698,10,2026,26,"API"
16699,10,2026,89,"API"
16700,10,2026,108,"API"
16701,10,2026,71,"API"
16713,10,2026,561,"API"
16714,10,2026,1050,"API"
16715,10,2026,965,"API"
16716,10,2026,585,"API"
16748,10,2026,82,"API"
16749,10,2026,328,"API"
16750,10,2026,274,"API"
16751,10,2026,124,"API"
16756,10,2026,130,"API"
16757,10,2026,494,"API"
16758,10,2026,459,"API"
16759,10,2026,226,"API"
16855,10,2026,574,"API"
16856,10,2026,897,"API"
16857,10,2026,523,"API"
16858,10,2026,123,"API"
16863,10,2026,74,"API"
16864,10,2026,269,"API"
16865,10,2026,235,"API"
16866,10,2026,93,"API"
16879,10,2026,619,"API"
16880,10,2026,1214,"API"
16881,10,2026,761,"API"
16882,10,2026,288,"API"
16912,10,2026,58,"API"
16913,10,2026,112,"API"
16914,10,2026,97,"API"
16915,10,2026,60,"API"
16916,10,2026,20,"API"
16917,10,2026,32,"API"
16918,10,2026,30,"API"
16919,10,2026,27,"API"
16933,10,2026,146,"API"
16934,10,2026,142,"API"
16935,10,2026,78,"API"
16936,10,2026,55,"API"
16976,10,2026,58,"API"
16977,10,2026,170,"API"
16978,10,2026,144,"API"
16979,10,2026,64,"API"
17581,10,2026,119,"API"
17582,10,2026,223,"API"
17583,10,2026,199,"API"
17584,10,2026,102,"API"
17585,10,2026,128,"API"
17586,10,2026,256,"API"
17587,10,2026,206,"API"
17588,10,2026,102,"API"
17626,10,2026,188,"API"
17627,10,2026,190,"API"
17628,10,2026,124,"API"
17681,10,2026,61,"AJUSTE_60_BRANCO_PERMANENTE"
17682,10,2026,124,"AJUSTE_60_BRANCO_PERMANENTE"
17683,10,2026,113,"AJUSTE_60_BRANCO_PERMANENTE"
17684,10,2026,343,"API"
17685,10,2026,871,"API"
17686,10,2026,825,"API"
17687,10,2026,211,"API"
17688,10,2026,556,"API"
17689,10,2026,531,"API"
17690,10,2026,358,"API"
17691,10,2026,869,"API"
17692,10,2026,801,"API"
17748,10,2026,53,"API"
17749,10,2026,99,"API"
17750,10,2026,76,"API"
17754,10,2026,56,"API"
17755,10,2026,82,"API"
17756,10,2026,89,"API"
17766,10,2026,103,"API"
17767,10,2026,129,"API"
17768,10,2026,179,"API"
17781,10,2026,45,"AJUSTE_60_BRANCO_PERMANENTE"
17782,10,2026,81,"AJUSTE_60_BRANCO_PERMANENTE"
17783,10,2026,74,"AJUSTE_60_BRANCO_PERMANENTE"
17784,10,2026,33,"AJUSTE_60_BRANCO_PERMANENTE"
17987,10,2026,26,"API"
17988,10,2026,139,"API"
17989,10,2026,143,"API"
17990,10,2026,72,"API"
18030,10,2026,56,"API"
18031,10,2026,79,"API"
18032,10,2026,79,"API"
18033,10,2026,61,"API"
18034,10,2026,103,"API"
18035,10,2026,178,"API"
18036,10,2026,173,"API"
18037,10,2026,95,"API"
18038,10,2026,62,"API"
18039,10,2026,78,"API"
18040,10,2026,70,"API"
18041,10,2026,59,"API"
18058,10,2026,239,"API"
18059,10,2026,489,"API"
18060,10,2026,586,"API"
18061,10,2026,469,"API"
18062,10,2026,308,"API"
18063,10,2026,760,"API"
18064,10,2026,915,"API"
18065,10,2026,689,"API"
18066,10,2026,168,"API"
18067,10,2026,326,"API"
18068,10,2026,408,"API"
18069,10,2026,305,"API"
18078,10,2026,175,"API"
18079,10,2026,344,"API"
18080,10,2026,371,"API"
18081,10,2026,249,"API"
18082,10,2026,562,"API"
18083,10,2026,617,"API"
18084,10,2026,153,"API"
18085,10,2026,308,"API"
18086,10,2026,326,"API"
18093,10,2026,59,"API"
18094,10,2026,115,"API"
18095,10,2026,136,"API"
18096,10,2026,102,"API"
18097,10,2026,97,"API"
18098,10,2026,221,"API"
18099,10,2026,261,"API"
18100,10,2026,226,"API"
18101,10,2026,38,"API"
18102,10,2026,72,"API"
18103,10,2026,89,"API"
18104,10,2026,68,"API"
18170,10,2026,46,"AJUSTE_60_BRANCO_PERMANENTE"
18171,10,2026,102,"AJUSTE_60_BRANCO_PERMANENTE"
18172,10,2026,121,"AJUSTE_60_BRANCO_PERMANENTE"
18173,10,2026,99,"AJUSTE_60_BRANCO_PERMANENTE"
18277,10,2026,72,"AJUSTE_60_BRANCO_PERMANENTE"
18278,10,2026,450,"API"
18279,10,2026,306,"API"
18280,10,2026,526,"API"
18281,10,2026,27,"API"
18282,10,2026,47,"API"
18283,10,2026,56,"API"
18284,10,2026,40,"API"
18632,10,2026,29,"API"
18633,10,2026,60,"API"
18634,10,2026,73,"API"
18635,10,2026,63,"API"
18640,10,2026,48,"API"
18641,10,2026,102,"API"
18642,10,2026,174,"API"
18643,10,2026,97,"API"
18973,10,2026,21,"API"
18974,10,2026,40,"API"
18975,10,2026,32,"API"
18976,10,2026,22,"API"
18977,10,2026,25,"API"
18978,10,2026,35,"API"
18979,10,2026,29,"API"
18980,10,2026,15,"API"
18985,10,2026,20,"API"
18986,10,2026,33,"API"
18987,10,2026,25,"API"
18988,10,2026,20,"API"
19278,10,2026,47,"API"
19279,10,2026,80,"API"
19280,10,2026,79,"API"
19281,10,2026,45,"API"
19282,10,2026,76,"API"
19283,10,2026,165,"API"
19284,10,2026,117,"API"
19285,10,2026,76,"API"
19298,10,2026,93,"API"
19299,10,2026,263,"API"
19300,10,2026,217,"API"
19307,10,2026,102,"API"
19308,10,2026,250,"API"
19309,10,2026,197,"API"
19310,10,2026,108,"API"
19311,10,2026,223,"API"
19312,10,2026,131,"API"
19319,10,2026,85,"API"
19320,10,2026,200,"API"
19321,10,2026,101,"API"
19348,10,2026,4,"API"
19350,10,2026,17,"API"
19351,10,2026,14,"API"
19352,10,2026,20,"API"
19353,10,2026,11,"API"
19354,10,2026,21,"API"
19355,10,2026,29,"API"
19356,10,2026,28,"API"
19357,10,2026,15,"API"
19358,10,2026,29,"API"
19359,10,2026,39,"API"
19360,10,2026,18,"API"
19361,10,2026,31,"API"
19362,10,2026,37,"API"
19363,10,2026,23,"API"
19364,10,2026,17,"API"
19366,10,2026,11,"API"
19367,10,2026,76,"API"
19368,10,2026,58,"API"
19369,10,2026,29,"API"
19370,10,2026,40,"API"
19371,10,2026,17,"API"
19372,10,2026,80,"API"
19373,10,2026,116,"API"
19374,10,2026,47,"API"
19375,10,2026,93,"API"
19376,10,2026,152,"API"
19377,10,2026,96,"API"
19378,10,2026,62,"API"
19379,10,2026,42,"API"
19381,10,2026,41,"API"
19382,10,2026,292,"API"
19383,10,2026,239,"API"
19384,10,2026,151,"API"
19385,10,2026,139,"API"
19386,10,2026,52,"API"
19387,10,2026,354,"API"
19388,10,2026,404,"API"
19389,10,2026,196,"API"
19390,10,2026,341,"API"
19391,10,2026,368,"API"
19392,10,2026,23,"API"
19394,10,2026,33,"API"
19395,10,2026,59,"API"
19396,10,2026,31,"API"
19397,10,2026,28,"API"
19398,10,2026,63,"API"
19399,10,2026,100,"API"
19400,10,2026,49,"API"
19401,10,2026,19,"API"
19402,10,2026,62,"API"
19403,10,2026,103,"API"
19404,10,2026,34,"API"
19405,10,2026,64,"API"
19406,10,2026,36,"API"
19408,10,2026,89,"API"
19409,10,2026,120,"API"
19410,10,2026,73,"API"
19411,10,2026,43,"API"
19412,10,2026,185,"API"
19413,10,2026,199,"API"
19414,10,2026,85,"API"
19415,10,2026,37,"API"
19416,10,2026,147,"API"
19417,10,2026,168,"API"
19418,10,2026,64,"API"
19419,10,2026,113,"API"
19598,10,2026,20,"API"
19599,10,2026,26,"API"
19618,10,2026,184,"API"
19620,10,2026,82,"API"
19621,10,2026,89,"API"
19622,10,2026,34,"API"
19623,10,2026,51,"API"
19655,10,2026,378,"API"
19657,10,2026,211,"API"
19658,10,2026,243,"API"
21350,10,2026,18,"AJUSTE_60_BRANCO_PERMANENTE"
21351,10,2026,25,"AJUSTE_60_BRANCO_PERMANENTE"
21352,10,2026,22,"AJUSTE_60_BRANCO_PERMANENTE"
21353,10,2026,62,"API"
21354,10,2026,97,"API"
21355,10,2026,59,"API"
21359,10,2026,40,"API"
21360,10,2026,57,"API"
21361,10,2026,26,"API"
21365,10,2026,166,"API"
21366,10,2026,280,"API"
21367,10,2026,243,"API"
21368,10,2026,170,"API"
21369,10,2026,291,"API"
21370,10,2026,227,"API"
22358,10,2026,106,"API"
22359,10,2026,241,"API"
22360,10,2026,269,"API"
22361,10,2026,229,"API"
22362,10,2026,126,"API"
22760,10,2026,11,"API"
22761,10,2026,13,"API"
22762,10,2026,4,"API"
22763,10,2026,27,"API"
22764,10,2026,26,"API"
22765,10,2026,20,"API"
22766,10,2026,11,"API"
22767,10,2026,24,"API"
22768,10,2026,32,"API"
22770,10,2026,21,"API"
22771,10,2026,27,"API"
22772,10,2026,29,"API"
22773,10,2026,17,"API"
22774,10,2026,8,"API"
22775,10,2026,17,"API"
22776,10,2026,10,"API"
22778,10,2026,16,"API"
22779,10,2026,20,"API"
22780,10,2026,9,"API"
22781,10,2026,53,"API"
22782,10,2026,54,"API"
22783,10,2026,25,"API"
22784,10,2026,13,"API"
22785,10,2026,71,"API"
22786,10,2026,60,"API"
22788,10,2026,26,"API"
22789,10,2026,65,"API"
22790,10,2026,52,"API"
22791,10,2026,16,"API"
22792,10,2026,21,"API"
22793,10,2026,36,"API"
22794,10,2026,16,"API"
23091,10,2026,79,"AJUSTE_60_BRANCO_PERMANENTE"
23092,10,2026,276,"API"
23387,10,2026,38,"API"
23388,10,2026,112,"API"
23389,10,2026,118,"API"
23390,10,2026,80,"API"
23391,10,2026,18,"API"
23392,10,2026,39,"API"
23393,10,2026,41,"API"
23394,10,2026,38,"API"
24079,10,2026,18,"API"
24080,10,2026,13,"API"
24081,10,2026,13,"API"
24082,10,2026,26,"API"
24083,10,2026,26,"API"
24084,10,2026,13,"API"
24085,10,2026,15,"API"
24086,10,2026,31,"API"
24087,10,2026,27,"API"
24088,10,2026,13,"API"
24089,10,2026,11,"API"
24090,10,2026,27,"API"
24091,10,2026,23,"API"
24092,10,2026,20,"API"
24093,10,2026,17,"API"
24094,10,2026,24,"API"
24095,10,2026,25,"API"
24096,10,2026,13,"API"
24097,10,2026,43,"API"
24098,10,2026,47,"API"
24099,10,2026,20,"API"
24100,10,2026,11,"API"
24101,10,2026,54,"API"
24102,10,2026,50,"API"
24103,10,2026,15,"API"
24104,10,2026,18,"API"
24105,10,2026,42,"API"
24106,10,2026,37,"API"
24107,10,2026,31,"API"
24108,10,2026,23,"API"
24234,10,2026,102,"API"
24235,10,2026,107,"API"
24236,10,2026,91,"API"
24237,10,2026,57,"API"
25620,10,2026,335,"API"
25621,10,2026,703,"API"
25622,10,2026,486,"API"
25623,10,2026,188,"API"
25624,10,2026,321,"API"
25625,10,2026,658,"API"
25626,10,2026,461,"API"
25627,10,2026,195,"API"
25628,10,2026,237,"API"
25629,10,2026,472,"API"
25630,10,2026,340,"API"
25631,10,2026,100,"API"
25640,10,2026,238,"API"
25641,10,2026,632,"API"
25642,10,2026,539,"API"
25643,10,2026,289,"API"
25644,10,2026,277,"API"
25645,10,2026,677,"API"
25646,10,2026,546,"API"
25647,10,2026,284,"API"
25648,10,2026,211,"API"
25649,10,2026,510,"API"
25650,10,2026,409,"API"
25651,10,2026,210,"API"
25660,10,2026,418,"API"
25661,10,2026,870,"API"
25662,10,2026,548,"API"
25663,10,2026,206,"API"
25664,10,2026,235,"API"
25665,10,2026,500,"API"
25666,10,2026,311,"API"
25667,10,2026,100,"API"
25668,10,2026,337,"API"
25669,10,2026,691,"API"
25670,10,2026,426,"API"
25671,10,2026,177,"API"
25721,10,2026,33,"API"
25722,10,2026,37,"API"
25723,10,2026,35,"API"
25724,10,2026,26,"API"
25725,10,2026,31,"API"
25726,10,2026,51,"API"
25727,10,2026,44,"API"
25728,10,2026,28,"API"
25729,10,2026,27,"API"
25730,10,2026,41,"API"
25731,10,2026,38,"API"
25732,10,2026,25,"API"
25737,10,2026,50,"API"
25738,10,2026,82,"API"
25739,10,2026,62,"API"
25740,10,2026,37,"API"
25745,10,2026,36,"API"
25746,10,2026,61,"API"
25747,10,2026,50,"API"
25748,10,2026,33,"API"
25753,10,2026,69,"API"
25754,10,2026,127,"API"
25755,10,2026,79,"API"
25756,10,2026,45,"API"
25761,10,2026,50,"API"
25762,10,2026,87,"API"
25763,10,2026,69,"API"
25764,10,2026,42,"API"
25963,10,2026,55,"API"
25964,10,2026,62,"API"
25965,10,2026,55,"API"
25967,10,2026,42,"API"
25968,10,2026,38,"API"
25969,10,2026,26,"API"
25986,10,2026,53,"API"
25987,10,2026,126,"API"
25988,10,2026,116,"API"
25989,10,2026,75,"API"
25990,10,2026,28,"API"
25991,10,2026,59,"API"
25992,10,2026,34,"API"
25993,10,2026,37,"API"
26019,10,2026,12,"API"
26020,10,2026,15,"API"
26021,10,2026,14,"API"
26022,10,2026,12,"API"
26318,10,2026,35,"API"
26320,10,2026,31,"API"
27047,10,2026,78,"AJUSTE_60_BRANCO_PERMANENTE"
27048,10,2026,134,"AJUSTE_60_BRANCO_PERMANENTE"
27049,10,2026,99,"AJUSTE_60_BRANCO_PERMANENTE"
27050,10,2026,32,"AJUSTE_60_BRANCO_PERMANENTE"
27051,10,2026,80,"AJUSTE_60_BRANCO_PERMANENTE"
27052,10,2026,164,"AJUSTE_60_BRANCO_PERMANENTE"
27053,10,2026,106,"AJUSTE_60_BRANCO_PERMANENTE"
27054,10,2026,39,"AJUSTE_60_BRANCO_PERMANENTE"
27055,10,2026,58,"AJUSTE_60_BRANCO_PERMANENTE"
27056,10,2026,126,"AJUSTE_60_BRANCO_PERMANENTE"
27057,10,2026,98,"AJUSTE_60_BRANCO_PERMANENTE"
27058,10,2026,58,"AJUSTE_60_BRANCO_PERMANENTE"
27099,10,2026,84,"API"
27100,10,2026,131,"API"
27101,10,2026,72,"API"
27102,10,2026,47,"API"
27103,10,2026,28,"API"
27104,10,2026,99,"API"
27105,10,2026,156,"API"
27106,10,2026,93,"API"
27107,10,2026,74,"API"
27108,10,2026,47,"API"
27600,10,2026,62,"API"
27601,10,2026,179,"API"
27602,10,2026,109,"API"
27603,10,2026,60,"API"
27604,10,2026,106,"API"
27605,10,2026,74,"API"
27677,10,2026,33,"API"
27678,10,2026,96,"API"
27679,10,2026,109,"API"
27680,10,2026,75,"API"
27681,10,2026,42,"API"
27682,10,2026,156,"API"
27683,10,2026,161,"API"
27684,10,2026,85,"API"
27969,10,2026,49,"AJUSTE_60_BRANCO_PERMANENTE"
27970,10,2026,66,"AJUSTE_60_BRANCO_PERMANENTE"
27971,10,2026,49,"AJUSTE_60_BRANCO_PERMANENTE"
27972,10,2026,23,"AJUSTE_60_BRANCO_PERMANENTE"
27973,10,2026,72,"API"
27974,10,2026,90,"API"
27975,10,2026,59,"API"
27976,10,2026,28,"API"
27977,10,2026,145,"API"
27978,10,2026,203,"API"
27979,10,2026,174,"API"
27980,10,2026,78,"API"
28606,10,2026,84,"API"
28607,10,2026,82,"API"
28608,10,2026,54,"API"
28609,10,2026,37,"API"
28610,10,2026,25,"API"
28612,10,2026,87,"API"
28613,10,2026,85,"API"
28614,10,2026,58,"API"
28615,10,2026,42,"API"
28625,10,2026,93,"API"
28626,10,2026,310,"API"
28627,10,2026,370,"API"
28628,10,2026,265,"API"
28629,10,2026,212,"API"
28630,10,2026,392,"API"
28631,10,2026,369,"API"
28632,10,2026,223,"API"
28633,10,2026,120,"API"
28634,10,2026,292,"API"
28635,10,2026,354,"API"
28636,10,2026,273,"API"
28637,10,2026,212,"API"
28638,10,2026,571,"API"
28639,10,2026,539,"API"
28640,10,2026,321,"API"
28641,10,2026,313,"API"
28642,10,2026,1175,"API"
28643,10,2026,1274,"API"
28644,10,2026,818,"API"
28645,10,2026,236,"API"
28646,10,2026,478,"API"
28647,10,2026,344,"API"
28648,10,2026,103,"API"
28649,10,2026,259,"API"
28650,10,2026,531,"API"
28651,10,2026,330,"API"
28652,10,2026,139,"API"
28653,10,2026,212,"API"
28654,10,2026,485,"API"
28655,10,2026,392,"API"
28656,10,2026,216,"API"
29094,10,2026,37,"API"
29095,10,2026,56,"API"
29096,10,2026,50,"API"
29097,10,2026,33,"API"
29141,10,2026,75,"API"
29142,10,2026,56,"API"
29143,10,2026,31,"API"
29144,10,2026,25,"API"
29145,10,2026,39,"API"
29146,10,2026,35,"API"
29147,10,2026,23,"API"
29148,10,2026,20,"API"
29415,10,2026,171,"API"
29416,10,2026,163,"API"
29417,10,2026,122,"API"
29418,10,2026,113,"API"
29419,10,2026,106,"API"
29420,10,2026,105,"API"
29424,10,2026,108,"API"
29425,10,2026,85,"API"
29426,10,2026,89,"API"
29427,10,2026,142,"API"
29428,10,2026,157,"API"
29429,10,2026,115,"API"
29448,10,2026,73,"API"
29449,10,2026,51,"API"
29450,10,2026,44,"API"
29454,10,2026,81,"API"
29455,10,2026,62,"API"
29456,10,2026,49,"API"
29552,10,2026,87,"API"
29553,10,2026,28,"API"
29617,10,2026,15,"API"
29618,10,2026,25,"API"
29619,10,2026,26,"API"
29620,10,2026,25,"API"
29875,10,2026,158,"API"
29876,10,2026,157,"API"
29877,10,2026,101,"API"
29881,10,2026,78,"API"
29882,10,2026,76,"API"
29883,10,2026,64,"API"
30003,10,2026,57,"API"
30004,10,2026,54,"API"
30005,10,2026,39,"API"
30006,10,2026,33,"API"
30007,10,2026,33,"API"
30008,10,2026,27,"API"
30061,10,2026,392,"API"
30062,10,2026,533,"API"
30063,10,2026,405,"API"
30064,10,2026,237,"API"
30065,10,2026,213,"API"
30066,10,2026,281,"API"
30067,10,2026,243,"API"
30068,10,2026,160,"API"
30097,10,2026,86,"API"
30101,10,2026,174,"API"
30105,10,2026,175,"API"
30109,10,2026,92,"API"
30150,10,2026,14,"API"
30151,10,2026,15,"API"
30153,10,2026,37,"API"
30154,10,2026,48,"API"
30157,10,2026,48,"API"
30158,10,2026,69,"API"
30160,10,2026,36,"API"
30161,10,2026,62,"API"
30286,10,2026,210,"API"
30287,10,2026,293,"API"
30288,10,2026,264,"API"
30289,10,2026,162,"API"
30290,10,2026,253,"API"
30291,10,2026,241,"API"
30581,10,2026,93,"API"
30582,10,2026,159,"API"
30583,10,2026,132,"API"
30584,10,2026,66,"API"
30745,10,2026,46,"API"
30746,10,2026,73,"API"
30747,10,2026,62,"API"
30748,10,2026,44,"API"
30749,10,2026,30,"API"
30750,10,2026,53,"API"
30751,10,2026,54,"API"
30752,10,2026,35,"API"
30893,10,2026,85,"API"
30894,10,2026,97,"API"
30895,10,2026,93,"API"
30896,10,2026,70,"API"
30897,10,2026,37,"API"
30898,10,2026,41,"API"
30899,10,2026,39,"API"
30900,10,2026,33,"API"
30901,10,2026,172,"API"
30902,10,2026,182,"API"
30903,10,2026,162,"API"
30904,10,2026,88,"API"
30905,10,2026,64,"API"
30906,10,2026,84,"API"
30907,10,2026,99,"API"
30908,10,2026,85,"API"
30909,10,2026,48,"API"
30910,10,2026,33,"API"
30945,10,2026,31,"API"
30946,10,2026,49,"API"
30947,10,2026,40,"API"
30948,10,2026,23,"API"
30949,10,2026,20,"API"
31047,10,2026,43,"AJUSTE_60_BRANCO_PERMANENTE"
31049,10,2026,54,"API"
31050,10,2026,184,"API"
31068,10,2026,281,"API"
31069,10,2026,91,"API"
31070,10,2026,174,"API"
31072,10,2026,170,"API"
31073,10,2026,37,"AJUSTE_60_BRANCO_PERMANENTE"
31074,10,2026,49,"AJUSTE_60_BRANCO_PERMANENTE"
31075,10,2026,61,"AJUSTE_60_BRANCO_PERMANENTE"
31076,10,2026,35,"AJUSTE_60_BRANCO_PERMANENTE"
31097,10,2026,18,"AJUSTE_60_BRANCO_PERMANENTE"
31101,10,2026,61,"API"
31108,10,2026,155,"API"
31109,10,2026,75,"API"
31110,10,2026,109,"API"
31111,10,2026,93,"API"
31112,10,2026,62,"API"
31113,10,2026,70,"API"
31114,10,2026,133,"API"
31115,10,2026,112,"API"
31116,10,2026,67,"API"
31117,10,2026,56,"API"
31118,10,2026,132,"API"
31119,10,2026,139,"API"
31120,10,2026,98,"API"
31129,10,2026,109,"API"
31130,10,2026,161,"API"
31131,10,2026,103,"API"
31132,10,2026,65,"API"
31138,10,2026,35,"API"
31139,10,2026,48,"API"
31140,10,2026,40,"API"
31141,10,2026,104,"API"
31142,10,2026,165,"API"
31143,10,2026,146,"API"
31144,10,2026,70,"API"
31145,10,2026,96,"API"
31146,10,2026,85,"API"
31147,10,2026,53,"API"
31351,10,2026,211,"API"
31353,10,2026,155,"API"
31359,10,2026,62,"API"
31361,10,2026,210,"API"
31368,10,2026,28,"API"
31370,10,2026,20,"API"
31375,10,2026,66,"API"
31376,10,2026,36,"API"
31378,10,2026,19,"API"
31379,10,2026,82,"API"
31380,10,2026,148,"API"
31381,10,2026,93,"API"
31382,10,2026,70,"API"
31383,10,2026,39,"API"
31387,10,2026,39,"API"
31388,10,2026,52,"API"
31389,10,2026,134,"API"
31396,10,2026,97,"API"
31397,10,2026,20,"API"
31398,10,2026,39,"API"
31943,10,2026,28,"API"
31944,10,2026,34,"API"
31945,10,2026,27,"API"
31946,10,2026,17,"API"
32056,10,2026,23,"API"
32057,10,2026,85,"API"
32058,10,2026,95,"API"
32059,10,2026,68,"API"
32076,10,2026,27,"API"
32077,10,2026,87,"API"
32078,10,2026,103,"API"
32079,10,2026,84,"API"
32164,10,2026,79,"API"
32165,10,2026,70,"API"
32166,10,2026,62,"API"
32170,10,2026,52,"API"
32171,10,2026,42,"API"
32172,10,2026,33,"API"
32200,10,2026,66,"API"
32201,10,2026,60,"API"
32202,10,2026,42,"API"
32203,10,2026,23,"API"
32212,10,2026,90,"API"
32213,10,2026,74,"API"
32214,10,2026,57,"API"
32302,10,2026,35,"AJUSTE_60_BRANCO_PERMANENTE"
32303,10,2026,76,"AJUSTE_60_BRANCO_PERMANENTE"
32304,10,2026,65,"AJUSTE_60_BRANCO_PERMANENTE"
32305,10,2026,31,"AJUSTE_60_BRANCO_PERMANENTE"
32306,10,2026,161,"API"
32307,10,2026,349,"API"
32308,10,2026,303,"API"
32309,10,2026,166,"API"
32310,10,2026,109,"API"
32311,10,2026,264,"API"
32312,10,2026,217,"API"
32313,10,2026,98,"API"
32314,10,2026,119,"API"
32315,10,2026,264,"API"
32316,10,2026,228,"API"
32317,10,2026,113,"API"
32318,10,2026,166,"API"
32319,10,2026,368,"API"
32320,10,2026,315,"API"
32321,10,2026,159,"API"
32344,10,2026,44,"API"
32345,10,2026,74,"API"
32346,10,2026,66,"API"
32347,10,2026,45,"API"
32353,10,2026,23,"API"
32354,10,2026,42,"API"
32355,10,2026,44,"API"
32356,10,2026,32,"API"
32565,10,2026,206,"API"
32566,10,2026,528,"API"
32567,10,2026,600,"API"
32568,10,2026,469,"API"
32569,10,2026,330,"API"
32575,10,2026,132,"API"
32576,10,2026,358,"API"
32577,10,2026,419,"API"
32578,10,2026,313,"API"
32579,10,2026,218,"API"
32580,10,2026,331,"API"
32581,10,2026,799,"API"
32582,10,2026,984,"API"
32583,10,2026,805,"API"
32584,10,2026,537,"API"
32585,10,2026,38,"AJUSTE_60_BRANCO_PERMANENTE"
32586,10,2026,82,"AJUSTE_60_BRANCO_PERMANENTE"
32587,10,2026,91,"AJUSTE_60_BRANCO_PERMANENTE"
32588,10,2026,71,"AJUSTE_60_BRANCO_PERMANENTE"
32589,10,2026,41,"AJUSTE_60_BRANCO_PERMANENTE"
32595,10,2026,82,"API"
32596,10,2026,196,"API"
32597,10,2026,216,"API"
32598,10,2026,196,"API"
32599,10,2026,141,"API"
32798,10,2026,28,"API"
32799,10,2026,28,"API"
32800,10,2026,17,"API"
32801,10,2026,10,"API"
32802,10,2026,8,"API"
32803,10,2026,35,"API"
32804,10,2026,44,"API"
32805,10,2026,25,"API"
32806,10,2026,25,"API"
32807,10,2026,18,"API"
32808,10,2026,42,"API"
32809,10,2026,24,"API"
32810,10,2026,16,"API"
32812,10,2026,70,"API"
32813,10,2026,41,"API"
32814,10,2026,32,"API"
32893,10,2026,31,"API"
32894,10,2026,62,"API"
32895,10,2026,52,"API"
32896,10,2026,25,"API"
32897,10,2026,39,"API"
32898,10,2026,66,"API"
32899,10,2026,63,"API"
32900,10,2026,32,"API"
32901,10,2026,173,"API"
32902,10,2026,324,"API"
32903,10,2026,293,"API"
32904,10,2026,168,"API"
32905,10,2026,138,"API"
32906,10,2026,258,"API"
32907,10,2026,237,"API"
32908,10,2026,132,"API"
32918,10,2026,25,"API"
32919,10,2026,23,"API"
32920,10,2026,18,"API"
32921,10,2026,18,"API"
32922,10,2026,17,"API"
32923,10,2026,17,"API"
32924,10,2026,11,"API"
32925,10,2026,13,"API"
32952,10,2026,70,"API"
32953,10,2026,56,"API"
32954,10,2026,48,"API"
33102,10,2026,28,"API"
33103,10,2026,62,"API"
33104,10,2026,49,"API"
33105,10,2026,32,"API"
33114,10,2026,34,"API"
33115,10,2026,49,"API"
33116,10,2026,41,"API"
33117,10,2026,34,"API"
33156,10,2026,32,"API"
33157,10,2026,69,"API"
33158,10,2026,51,"API"
33159,10,2026,25,"API"
33215,10,2026,32,"API"
33216,10,2026,130,"API"
33217,10,2026,123,"API"
33218,10,2026,106,"API"
33227,10,2026,51,"API"
33228,10,2026,66,"API"
33229,10,2026,54,"API"
33230,10,2026,30,"API"
33534,10,2026,52,"API"
33535,10,2026,35,"API"
33538,10,2026,104,"API"
33539,10,2026,73,"API"
33574,10,2026,61,"API"
33575,10,2026,55,"API"
33576,10,2026,41,"API"
33577,10,2026,107,"API"
33578,10,2026,106,"API"
33579,10,2026,78,"API"
33628,10,2026,72,"API"
33629,10,2026,82,"API"
33630,10,2026,92,"API"
33631,10,2026,59,"API"
33632,10,2026,125,"API"
33633,10,2026,147,"API"
33634,10,2026,161,"API"
33635,10,2026,104,"API"
33719,10,2026,94,"API"
33720,10,2026,52,"API"
33724,10,2026,18,"API"
33725,10,2026,41,"API"
33726,10,2026,39,"API"
33727,10,2026,18,"API"
33728,10,2026,18,"API"
33729,10,2026,45,"API"
33730,10,2026,38,"API"
33731,10,2026,20,"API"
33740,10,2026,134,"API"
33741,10,2026,224,"API"
33742,10,2026,203,"API"
33743,10,2026,107,"API"
33930,10,2026,17,"API"
33931,10,2026,34,"API"
33932,10,2026,18,"API"
33933,10,2026,13,"API"
33934,10,2026,17,"API"
33935,10,2026,39,"API"
33936,10,2026,47,"API"
33937,10,2026,31,"API"
34023,10,2026,11,"API"
34024,10,2026,32,"API"
34025,10,2026,38,"API"
34026,10,2026,27,"API"
34027,10,2026,20,"API"
34028,10,2026,42,"API"
34029,10,2026,55,"API"
34030,10,2026,42,"API"
34031,10,2026,68,"API"
34034,10,2026,45,"API"
34036,10,2026,15,"AJUSTE_60_BRANCO_PERMANENTE"
34037,10,2026,18,"AJUSTE_60_BRANCO_PERMANENTE"
34038,10,2026,17,"AJUSTE_60_BRANCO_PERMANENTE"
34039,10,2026,9,"AJUSTE_60_BRANCO_PERMANENTE"
34040,10,2026,21,"API"
34041,10,2026,38,"API"
34042,10,2026,35,"API"
34043,10,2026,25,"API"
34044,10,2026,24,"API"
34045,10,2026,37,"API"
34046,10,2026,27,"API"
34047,10,2026,18,"API"
34074,10,2026,13,"AJUSTE_60_BRANCO_PERMANENTE"
34075,10,2026,22,"AJUSTE_60_BRANCO_PERMANENTE"
34076,10,2026,19,"AJUSTE_60_BRANCO_PERMANENTE"
34077,10,2026,10,"AJUSTE_60_BRANCO_PERMANENTE"
34078,10,2026,39,"API"
34079,10,2026,58,"API"
34080,10,2026,51,"API"
34081,10,2026,34,"API"
34082,10,2026,24,"API"
34083,10,2026,34,"API"
34084,10,2026,32,"API"
34085,10,2026,23,"API"
34124,10,2026,32,"API"
34125,10,2026,47,"API"
34126,10,2026,45,"API"
34127,10,2026,30,"API"
34128,10,2026,14,"API"
34129,10,2026,28,"API"
34130,10,2026,25,"API"
34131,10,2026,16,"API"
34132,10,2026,8,"API"
34133,10,2026,24,"API"
34134,10,2026,24,"API"
34135,10,2026,13,"API"
34136,10,2026,25,"API"
34137,10,2026,39,"API"
34138,10,2026,37,"API"
34139,10,2026,30,"API"
34140,10,2026,44,"API"
34141,10,2026,55,"API"
34142,10,2026,55,"API"
34143,10,2026,41,"API"
34144,10,2026,58,"API"
34145,10,2026,42,"API"
34146,10,2026,39,"API"
34147,10,2026,324,"API"
34148,10,2026,264,"API"
34149,10,2026,91,"API"
34150,10,2026,78,"API"
34159,10,2026,49,"API"
34160,10,2026,45,"API"
34161,10,2026,39,"API"
34162,10,2026,31,"API"
34163,10,2026,63,"API"
34164,10,2026,51,"API"
34165,10,2026,39,"API"
34166,10,2026,28,"API"
34167,10,2026,32,"API"
34168,10,2026,31,"API"
34169,10,2026,17,"API"
34170,10,2026,16,"API"
34171,10,2026,128,"API"
34172,10,2026,110,"API"
34173,10,2026,92,"API"
34174,10,2026,58,"API"
34205,10,2026,59,"API"
34206,10,2026,79,"API"
34207,10,2026,76,"API"
34208,10,2026,39,"API"
34209,10,2026,35,"API"
34210,10,2026,76,"API"
34211,10,2026,58,"API"
34212,10,2026,27,"API"
34213,10,2026,34,"API"
34214,10,2026,120,"API"
34215,10,2026,107,"API"
34216,10,2026,104,"API"
34280,10,2026,252,"API"
34281,10,2026,578,"API"
34282,10,2026,420,"API"
34283,10,2026,151,"API"
34284,10,2026,223,"API"
34285,10,2026,351,"API"
34286,10,2026,233,"API"
34287,10,2026,21,"API"
34337,10,2026,45,"API"
34338,10,2026,115,"API"
34339,10,2026,115,"API"
34340,10,2026,88,"API"
34341,10,2026,50,"API"
34343,10,2026,60,"API"
34397,10,2026,69,"API"
34398,10,2026,72,"API"
34399,10,2026,79,"API"
34400,10,2026,55,"API"
34402,10,2026,30,"API"
34403,10,2026,39,"API"
34404,10,2026,41,"API"
34405,10,2026,38,"API"
34407,10,2026,30,"API"
34408,10,2026,31,"API"
34409,10,2026,34,"API"
34410,10,2026,31,"API"
34412,10,2026,94,"API"
34413,10,2026,96,"API"
34414,10,2026,78,"API"
34415,10,2026,55,"API"
34416,10,2026,41,"API"
34417,10,2026,34,"API"
34418,10,2026,41,"API"
34419,10,2026,34,"API"
34420,10,2026,23,"API"
34421,10,2026,16,"API"
34422,10,2026,37,"API"
34423,10,2026,32,"API"
34424,10,2026,32,"API"
34425,10,2026,27,"API"
34426,10,2026,16,"API"
34427,10,2026,10,"API"
34428,10,2026,13,"API"
34429,10,2026,25,"API"
34430,10,2026,25,"API"
34431,10,2026,37,"API"
34432,10,2026,30,"API"
34433,10,2026,35,"API"
34441,10,2026,51,"API"
34442,10,2026,68,"API"
34443,10,2026,58,"API"
34444,10,2026,76,"API"
34445,10,2026,97,"API"
34446,10,2026,73,"API"
34450,10,2026,32,"API"
34451,10,2026,17,"API"
34459,10,2026,38,"API"
34460,10,2026,62,"API"
34461,10,2026,55,"API"
34462,10,2026,37,"API"
34463,10,2026,21,"API"
34464,10,2026,44,"API"
34465,10,2026,42,"API"
34466,10,2026,21,"API"
34467,10,2026,11,"AJUSTE_60_BRANCO_PERMANENTE"
34468,10,2026,22,"AJUSTE_60_BRANCO_PERMANENTE"
34469,10,2026,21,"AJUSTE_60_BRANCO_PERMANENTE"
34470,10,2026,14,"AJUSTE_60_BRANCO_PERMANENTE"
34480,10,2026,8,"API"
34481,10,2026,8,"API"
34691,10,2026,26,"API"
34692,10,2026,23,"API"
34693,10,2026,13,"API"
34699,10,2026,13,"API"
34700,10,2026,30,"API"
34701,10,2026,25,"API"
34702,10,2026,19,"API"
34703,10,2026,10,"API"
34705,10,2026,20,"API"
34706,10,2026,20,"API"
34707,10,2026,16,"API"
34710,10,2026,37,"API"
34711,10,2026,39,"API"
34712,10,2026,28,"API"
34723,10,2026,40,"API"
34724,10,2026,43,"API"
34725,10,2026,34,"API"
34734,10,2026,16,"API"
34735,10,2026,25,"API"
34736,10,2026,45,"API"
34737,10,2026,65,"API"
34738,10,2026,68,"API"
34739,10,2026,72,"API"
34740,10,2026,62,"API"
34773,10,2026,121,"API"
34774,10,2026,177,"API"
34775,10,2026,118,"API"
34776,10,2026,74,"API"
34777,10,2026,107,"API"
34778,10,2026,67,"API"
34782,10,2026,101,"API"
34783,10,2026,145,"API"
34784,10,2026,98,"API"
34810,10,2026,78,"API"
34811,10,2026,97,"API"
34812,10,2026,68,"API"
34813,10,2026,14,"AJUSTE_60_BRANCO_PERMANENTE"
34814,10,2026,18,"AJUSTE_60_BRANCO_PERMANENTE"
34815,10,2026,12,"AJUSTE_60_BRANCO_PERMANENTE"
34816,10,2026,60,"API"
34817,10,2026,71,"API"
34818,10,2026,51,"API"
34819,10,2026,25,"API"
34820,10,2026,32,"API"
34821,10,2026,23,"API"
34828,10,2026,45,"API"
34829,10,2026,66,"API"
34830,10,2026,54,"API"
34831,10,2026,28,"API"
34832,10,2026,14,"AJUSTE_60_BRANCO_PERMANENTE"
34833,10,2026,17,"AJUSTE_60_BRANCO_PERMANENTE"
34834,10,2026,13,"AJUSTE_60_BRANCO_PERMANENTE"
34835,10,2026,7,"AJUSTE_60_BRANCO_PERMANENTE"
34836,10,2026,37,"API"
34837,10,2026,51,"API"
34838,10,2026,38,"API"
34839,10,2026,22,"API"
34840,10,2026,29,"API"
34841,10,2026,45,"API"
34842,10,2026,30,"API"
34843,10,2026,18,"API"
35019,10,2026,18,"AJUSTE_60_BRANCO_PERMANENTE"
35020,10,2026,22,"AJUSTE_60_BRANCO_PERMANENTE"
35021,10,2026,17,"AJUSTE_60_BRANCO_PERMANENTE"
35022,10,2026,49,"API"
35023,10,2026,61,"API"
35024,10,2026,46,"API"
35025,10,2026,34,"API"
35026,10,2026,47,"API"
35027,10,2026,36,"API"
35028,10,2026,36,"API"
35029,10,2026,46,"API"
35030,10,2026,33,"API"
35204,10,2026,121,"API"
35205,10,2026,173,"API"
35206,10,2026,108,"API"
35208,10,2026,181,"API"
35209,10,2026,213,"API"
35210,10,2026,134,"API"
35212,10,2026,91,"API"
35213,10,2026,138,"API"
35214,10,2026,81,"API"
35215,10,2026,27,"API"
35220,10,2026,165,"API"
35221,10,2026,288,"API"
35222,10,2026,179,"API"
35223,10,2026,60,"API"
35224,10,2026,207,"API"
35225,10,2026,343,"API"
35226,10,2026,237,"API"
35227,10,2026,92,"API"
35228,10,2026,119,"API"
35229,10,2026,198,"API"
35230,10,2026,129,"API"
35231,10,2026,49,"API"
35232,10,2026,31,"API"
35233,10,2026,48,"API"
35234,10,2026,40,"API"
35235,10,2026,17,"API"
35236,10,2026,44,"API"
35237,10,2026,74,"API"
35238,10,2026,66,"API"
35239,10,2026,34,"API"
35244,10,2026,63,"API"
35245,10,2026,113,"API"
35246,10,2026,106,"API"
35247,10,2026,71,"API"
35252,10,2026,43,"API"
35253,10,2026,109,"API"
35254,10,2026,124,"API"
35255,10,2026,98,"API"
35256,10,2026,53,"API"
35257,10,2026,130,"API"
35258,10,2026,170,"API"
35259,10,2026,124,"API"
35260,10,2026,28,"API"
35261,10,2026,71,"API"
35262,10,2026,88,"API"
35263,10,2026,63,"API"
35268,10,2026,67,"API"
35269,10,2026,176,"API"
35270,10,2026,209,"API"
35271,10,2026,166,"API"
35272,10,2026,42,"API"
35273,10,2026,97,"API"
35274,10,2026,115,"API"
35275,10,2026,90,"API"
35276,10,2026,54,"API"
35277,10,2026,124,"API"
35278,10,2026,132,"API"
35279,10,2026,98,"API"
35285,10,2026,77,"API"
35286,10,2026,158,"API"
35287,10,2026,166,"API"
35288,10,2026,94,"API"
35290,10,2026,117,"API"
35291,10,2026,196,"API"
35292,10,2026,204,"API"
35293,10,2026,130,"API"
35295,10,2026,61,"API"
35296,10,2026,119,"API"
35297,10,2026,112,"API"
35298,10,2026,69,"API"
35305,10,2026,84,"API"
35306,10,2026,168,"API"
35307,10,2026,198,"API"
35308,10,2026,174,"API"
35309,10,2026,113,"API"
35310,10,2026,25,"API"
35311,10,2026,54,"API"
35312,10,2026,69,"API"
35313,10,2026,59,"API"
35314,10,2026,40,"API"
35315,10,2026,39,"API"
35316,10,2026,83,"API"
35317,10,2026,97,"API"
35318,10,2026,85,"API"
35319,10,2026,59,"API"
35324,10,2026,109,"API"
35325,10,2026,186,"API"
35326,10,2026,114,"API"
35327,10,2026,50,"API"
35328,10,2026,185,"API"
35329,10,2026,308,"API"
35330,10,2026,221,"API"
35331,10,2026,91,"API"
35332,10,2026,149,"API"
35333,10,2026,279,"API"
35334,10,2026,159,"API"
35335,10,2026,45,"API"
35336,10,2026,76,"API"
35337,10,2026,288,"API"
35338,10,2026,296,"API"
35339,10,2026,186,"API"
35340,10,2026,167,"API"
35341,10,2026,511,"API"
35342,10,2026,531,"API"
35343,10,2026,367,"API"
35348,10,2026,184,"API"
35349,10,2026,603,"API"
35350,10,2026,567,"API"
35351,10,2026,351,"API"
35352,10,2026,118,"API"
35353,10,2026,291,"API"
35354,10,2026,242,"API"
35355,10,2026,139,"API"
35356,10,2026,60,"API"
35357,10,2026,161,"API"
35358,10,2026,147,"API"
35359,10,2026,88,"API"
35360,10,2026,147,"API"
35361,10,2026,307,"API"
35362,10,2026,310,"API"
35363,10,2026,184,"API"
35368,10,2026,60,"API"
35369,10,2026,120,"API"
35370,10,2026,81,"API"
35371,10,2026,36,"API"
35376,10,2026,127,"API"
35377,10,2026,209,"API"
35378,10,2026,142,"API"
35379,10,2026,43,"API"
35380,10,2026,104,"API"
35381,10,2026,179,"API"
35382,10,2026,105,"API"
35383,10,2026,35,"API"
35384,10,2026,48,"API"
35385,10,2026,120,"API"
35386,10,2026,98,"API"
35387,10,2026,51,"API"
35392,10,2026,115,"API"
35393,10,2026,250,"API"
35394,10,2026,206,"API"
35395,10,2026,101,"API"
35396,10,2026,103,"API"
35397,10,2026,222,"API"
35398,10,2026,180,"API"
35399,10,2026,76,"API"
35428,10,2026,53,"API"
35429,10,2026,97,"API"
35430,10,2026,63,"API"
35431,10,2026,22,"API"
35436,10,2026,82,"API"
35437,10,2026,153,"API"
35438,10,2026,109,"API"
35439,10,2026,43,"API"
35440,10,2026,51,"API"
35441,10,2026,121,"API"
35442,10,2026,102,"API"
35443,10,2026,48,"API"
35471,10,2026,12,"API"
35472,10,2026,16,"API"
35473,10,2026,10,"API"
35476,10,2026,16,"API"
35477,10,2026,24,"API"
35478,10,2026,11,"API"
35481,10,2026,15,"API"
35482,10,2026,19,"API"
35486,10,2026,14,"API"
35504,10,2026,17,"API"
35505,10,2026,14,"API"
35508,10,2026,23,"API"
35509,10,2026,21,"API"
35510,10,2026,6,"API"
35512,10,2026,22,"API"
35513,10,2026,15,"API"
35515,10,2026,9,"API"
35531,10,2026,11,"API"
35532,10,2026,16,"API"
35535,10,2026,20,"API"
35536,10,2026,27,"API"
35538,10,2026,18,"API"
35539,10,2026,19,"API"
35770,10,2026,81,"API"
35771,10,2026,116,"API"
35772,10,2026,94,"API"
35774,10,2026,54,"API"
35775,10,2026,72,"API"
35776,10,2026,66,"API"
35834,10,2026,65,"API"
35835,10,2026,94,"API"
35836,10,2026,87,"API"
35837,10,2026,57,"API"
35838,10,2026,25,"API"
35839,10,2026,42,"API"
35840,10,2026,37,"API"
35841,10,2026,22,"API"
36033,10,2026,30,"API"
36034,10,2026,48,"API"
36035,10,2026,42,"API"
36036,10,2026,21,"API"
36037,10,2026,19,"API"
36038,10,2026,34,"API"
36039,10,2026,33,"API"
36040,10,2026,20,"API"
36065,10,2026,13,"API"
36066,10,2026,54,"API"
36067,10,2026,56,"API"
36068,10,2026,25,"API"
36085,10,2026,27,"API"
36086,10,2026,35,"API"
36087,10,2026,20,"API"
36129,10,2026,43,"API"
36130,10,2026,51,"API"
36131,10,2026,40,"API"
36132,10,2026,28,"API"
36141,10,2026,58,"API"
36142,10,2026,73,"API"
36143,10,2026,61,"API"
36144,10,2026,43,"API"
36587,10,2026,32,"API"
36588,10,2026,42,"API"
36589,10,2026,28,"API"
36590,10,2026,12,"API"
36595,10,2026,18,"API"
36596,10,2026,9,"API"
36597,10,2026,33,"API"
36598,10,2026,19,"API"
36599,10,2026,40,"API"
36600,10,2026,21,"API"
36601,10,2026,35,"API"
36602,10,2026,22,"API"
36603,10,2026,15,"API"
36604,10,2026,12,"API"
36605,10,2026,6,"API"
36606,10,2026,21,"API"
36607,10,2026,12,"API"
36608,10,2026,25,"API"
36609,10,2026,18,"API"
36610,10,2026,18,"API"
36611,10,2026,11,"API"
36612,10,2026,9,"API"
36613,10,2026,14,"API"
36614,10,2026,10,"API"
36615,10,2026,37,"API"
36616,10,2026,29,"API"
36617,10,2026,42,"API"
36618,10,2026,31,"API"
36619,10,2026,34,"API"
36620,10,2026,17,"API"
36621,10,2026,16,"API"
36622,10,2026,11,"API"
36623,10,2026,6,"API"
36624,10,2026,15,"API"
36625,10,2026,12,"API"
36626,10,2026,17,"API"
36627,10,2026,14,"API"
36628,10,2026,12,"API"
36629,10,2026,7,"API"
36630,10,2026,10,"API"
36632,10,2026,8,"API"
36633,10,2026,24,"API"
36634,10,2026,12,"API"
36635,10,2026,30,"API"
36636,10,2026,13,"API"
36637,10,2026,24,"API"
36638,10,2026,11,"API"
36639,10,2026,12,"API"
36640,10,2026,28,"API"
36641,10,2026,6,"API"
36642,10,2026,23,"API"
36643,10,2026,18,"API"
36644,10,2026,22,"API"
36645,10,2026,9,"API"
36655,10,2026,27,"API"
36656,10,2026,28,"API"
36659,10,2026,34,"API"
36660,10,2026,36,"API"
36662,10,2026,25,"API"
36663,10,2026,31,"API"
36673,10,2026,27,"API"
36674,10,2026,40,"API"
36675,10,2026,28,"API"
36676,10,2026,13,"API"
36704,10,2026,13,"AJUSTE_60_BRANCO_PERMANENTE"
36705,10,2026,22,"AJUSTE_60_BRANCO_PERMANENTE"
36706,10,2026,19,"AJUSTE_60_BRANCO_PERMANENTE"
36707,10,2026,6,"AJUSTE_60_BRANCO_PERMANENTE"
36716,10,2026,23,"API"
36717,10,2026,55,"API"
36718,10,2026,45,"API"
36719,10,2026,13,"API"
36724,10,2026,8,"API"
36725,10,2026,14,"API"
36726,10,2026,10,"API"
36728,10,2026,4,"API"
36730,10,2026,16,"API"
36731,10,2026,19,"API"
36732,10,2026,13,"API"
36734,10,2026,24,"API"
36735,10,2026,30,"API"
36736,10,2026,11,"API"
36738,10,2026,18,"API"
36739,10,2026,26,"API"
36740,10,2026,9,"API"
36741,10,2026,16,"API"
36764,10,2026,34,"API"
36767,10,2026,10,"API"
36768,10,2026,10,"API"
36769,10,2026,17,"API"
36779,10,2026,2,"API"
36846,10,2026,41,"API"
36847,10,2026,70,"API"
36848,10,2026,60,"API"
36849,10,2026,37,"API"
36854,10,2026,34,"API"
36855,10,2026,57,"API"
36856,10,2026,49,"API"
36857,10,2026,30,"API"
36862,10,2026,47,"API"
36863,10,2026,34,"API"
36864,10,2026,29,"API"
36865,10,2026,39,"API"
36866,10,2026,28,"API"
36867,10,2026,23,"API"
36871,10,2026,20,"API"
36872,10,2026,39,"API"
36873,10,2026,45,"API"
36874,10,2026,35,"API"
36879,10,2026,16,"API"
36880,10,2026,32,"API"
36881,10,2026,37,"API"
36882,10,2026,29,"API"
36890,10,2026,22,"API"
36891,10,2026,48,"API"
36892,10,2026,51,"API"
36893,10,2026,38,"API"
36905,10,2026,18,"API"
36906,10,2026,39,"API"
36907,10,2026,42,"API"
36908,10,2026,31,"API"
36922,10,2026,48,"API"
36923,10,2026,38,"API"
36924,10,2026,32,"API"
36946,10,2026,16,"API"
36947,10,2026,21,"API"
36948,10,2026,15,"API"
36949,10,2026,10,"API"
36953,10,2026,43,"API"
36954,10,2026,69,"API"
36955,10,2026,55,"API"
36956,10,2026,29,"API"
36957,10,2026,46,"API"
36958,10,2026,37,"API"
36971,10,2026,25,"API"
36972,10,2026,29,"API"
36973,10,2026,23,"API"
36974,10,2026,15,"API"
36975,10,2026,16,"API"
36976,10,2026,19,"API"
36977,10,2026,15,"API"
36978,10,2026,10,"API"
36987,10,2026,73,"API"
36988,10,2026,124,"API"
36989,10,2026,110,"API"
36993,10,2026,60,"API"
36994,10,2026,102,"API"
36995,10,2026,90,"API"
36997,10,2026,8,"API"
36998,10,2026,16,"API"
36999,10,2026,19,"API"
37000,10,2026,15,"API"
37001,10,2026,12,"API"
37002,10,2026,24,"API"
37003,10,2026,29,"API"
37004,10,2026,22,"API"
37009,10,2026,52,"API"
37010,10,2026,55,"API"
37011,10,2026,42,"API"
37012,10,2026,20,"API"
37013,10,2026,24,"API"
37014,10,2026,49,"API"
37015,10,2026,58,"API"
37016,10,2026,44,"API"
37021,10,2026,58,"API"
37022,10,2026,95,"API"
37023,10,2026,86,"API"
37024,10,2026,49,"API"
37025,10,2026,21,"API"
37026,10,2026,63,"API"
37027,10,2026,103,"API"
37028,10,2026,93,"API"
37029,10,2026,53,"API"
37030,10,2026,23,"API"
37031,10,2026,27,"API"
37032,10,2026,42,"API"
37033,10,2026,33,"API"
37034,10,2026,29,"API"
37035,10,2026,45,"API"
37036,10,2026,35,"API"
37039,10,2026,52,"API"
37040,10,2026,62,"API"
37041,10,2026,49,"API"
37042,10,2026,31,"API"
37043,10,2026,48,"API"
37044,10,2026,57,"API"
37045,10,2026,45,"API"
37046,10,2026,29,"API"
37051,10,2026,236,"API"
37052,10,2026,59,"API"
37053,10,2026,93,"API"
37054,10,2026,75,"API"
37055,10,2026,37,"API"
37056,10,2026,59,"API"
37057,10,2026,93,"API"
37058,10,2026,75,"API"
37059,10,2026,37,"API"
37064,10,2026,35,"API"
37065,10,2026,51,"API"
37066,10,2026,35,"API"
37067,10,2026,25,"API"
37068,10,2026,35,"API"
37069,10,2026,51,"API"
37070,10,2026,35,"API"
37071,10,2026,25,"API"
37076,10,2026,16,"API"
37077,10,2026,34,"API"
37078,10,2026,37,"API"
37079,10,2026,28,"API"
37088,10,2026,34,"API"
37089,10,2026,58,"API"
37090,10,2026,45,"API"
37091,10,2026,24,"API"
37096,10,2026,92,"API"
37097,10,2026,140,"API"
37098,10,2026,112,"API"
37099,10,2026,56,"API"
37117,10,2026,64,"API"
37118,10,2026,99,"API"
37119,10,2026,77,"API"
37120,10,2026,64,"API"
37121,10,2026,99,"API"
37122,10,2026,77,"API"
37141,10,2026,6,"API"
37142,10,2026,9,"API"
37143,10,2026,9,"API"
37144,10,2026,2,"API"
37145,10,2026,8,"API"
37146,10,2026,15,"API"
37147,10,2026,15,"API"
37148,10,2026,7,"API"
37149,10,2026,2,"API"
37150,10,2026,2,"API"
37151,10,2026,2,"API"
37153,10,2026,23,"API"
37154,10,2026,37,"API"
37155,10,2026,34,"API"
37156,10,2026,15,"API"
37157,10,2026,5,"API"
37158,10,2026,6,"API"
37159,10,2026,7,"API"
37160,10,2026,2,"API"
37161,10,2026,23,"API"
37162,10,2026,37,"API"
37163,10,2026,34,"API"
37164,10,2026,15,"API"
37165,10,2026,23,"API"
37166,10,2026,40,"API"
37167,10,2026,34,"API"
37168,10,2026,20,"API"
37169,10,2026,15,"API"
37170,10,2026,26,"API"
37171,10,2026,22,"API"
37172,10,2026,13,"API"
37173,10,2026,26,"API"
37174,10,2026,42,"API"
37175,10,2026,28,"API"
37176,10,2026,21,"API"
37177,10,2026,34,"API"
37178,10,2026,23,"API"
37183,10,2026,10,"API"
37184,10,2026,15,"API"
37185,10,2026,12,"API"
37186,10,2026,7,"API"
37187,10,2026,22,"API"
37188,10,2026,35,"API"
37189,10,2026,28,"API"
37190,10,2026,16,"API"
37346,10,2026,47,"API"
37347,10,2026,111,"API"
37348,10,2026,67,"API"
37349,10,2026,25,"API"
37350,10,2026,51,"API"
37351,10,2026,120,"API"
37352,10,2026,72,"API"
37353,10,2026,27,"API"
37362,10,2026,96,"API"
37363,10,2026,148,"API"
37364,10,2026,116,"API"
37368,10,2026,154,"API"
37369,10,2026,262,"API"
37370,10,2026,231,"API"
37371,10,2026,216,"API"
37372,10,2026,367,"API"
37373,10,2026,324,"API"
37374,10,2026,18,"API"
37375,10,2026,17,"API"
37376,10,2026,13,"API"
37378,10,2026,17,"API"
37379,10,2026,16,"API"
37380,10,2026,12,"API"
37394,10,2026,22,"API"
37395,10,2026,45,"API"
37396,10,2026,53,"API"
37397,10,2026,40,"API"
37400,10,2026,24,"API"
37401,10,2026,48,"API"
37402,10,2026,57,"API"
37403,10,2026,43,"API"
37406,10,2026,55,"API"
37407,10,2026,85,"API"
37408,10,2026,67,"API"
37409,10,2026,23,"API"
37410,10,2026,68,"API"
37411,10,2026,104,"API"
37412,10,2026,82,"API"
37413,10,2026,28,"API"
37417,10,2026,16,"API"
37418,10,2026,17,"API"
37419,10,2026,14,"API"
37420,10,2026,10,"API"
37427,10,2026,25,"API"
37428,10,2026,43,"API"
37429,10,2026,38,"API"
37430,10,2026,20,"API"
37440,10,2026,36,"API"
37441,10,2026,26,"API"
37442,10,2026,18,"API"
37454,10,2026,53,"API"
37455,10,2026,91,"API"
37456,10,2026,80,"API"
37457,10,2026,53,"API"
37458,10,2026,91,"API"
37459,10,2026,80,"API"
37464,10,2026,13,"API"
37465,10,2026,13,"API"
37466,10,2026,10,"API"
37467,10,2026,7,"API"
37483,10,2026,35,"API"
37484,10,2026,41,"API"
37485,10,2026,32,"API"
37486,10,2026,21,"API"
37487,10,2026,28,"API"
37488,10,2026,34,"API"
37489,10,2026,26,"API"
37490,10,2026,17,"API"
37491,10,2026,35,"API"
37492,10,2026,40,"API"
37493,10,2026,30,"API"
37494,10,2026,16,"API"
37495,10,2026,28,"API"
37496,10,2026,32,"API"
37497,10,2026,24,"API"
37498,10,2026,13,"API"
37499,10,2026,15,"API"
37500,10,2026,16,"API"
37501,10,2026,12,"API"
37502,10,2026,9,"API"
37507,10,2026,12,"API"
37508,10,2026,13,"API"
37509,10,2026,10,"API"
37510,10,2026,7,"API"
37511,10,2026,29,"API"
37512,10,2026,51,"API"
37513,10,2026,42,"API"
37514,10,2026,23,"API"
37519,10,2026,24,"API"
37520,10,2026,42,"API"
37521,10,2026,35,"API"
37522,10,2026,19,"API"
37544,10,2026,30,"API"
37545,10,2026,22,"API"
37546,10,2026,15,"API"
37551,10,2026,16,"API"
37552,10,2026,44,"API"
37553,10,2026,44,"API"
37555,10,2026,7,"API"
37556,10,2026,19,"API"
37557,10,2026,19,"API"
37570,10,2026,47,"API"
37571,10,2026,54,"API"
37572,10,2026,45,"API"
37573,10,2026,28,"API"
37574,10,2026,38,"API"
37575,10,2026,44,"API"
37576,10,2026,37,"API"
37577,10,2026,23,"API"
37590,10,2026,39,"API"
37591,10,2026,45,"API"
37592,10,2026,38,"API"
37593,10,2026,23,"API"
37598,10,2026,50,"API"
37599,10,2026,43,"API"
37600,10,2026,50,"API"
37601,10,2026,43,"API"
37602,10,2026,8,"API"
37603,10,2026,8,"API"
37604,10,2026,6,"API"
37605,10,2026,3,"API"
37610,10,2026,35,"API"
37611,10,2026,49,"API"
37612,10,2026,31,"API"
37613,10,2026,20,"API"
37614,10,2026,33,"API"
37615,10,2026,45,"API"
37616,10,2026,29,"API"
37617,10,2026,19,"API"
37623,10,2026,35,"API"
37624,10,2026,41,"API"
37625,10,2026,34,"API"
37626,10,2026,21,"API"
37627,10,2026,43,"API"
37628,10,2026,50,"API"
37629,10,2026,42,"API"
37630,10,2026,26,"API"
37637,10,2026,19,"API"
37638,10,2026,26,"API"
37639,10,2026,17,"API"
37640,10,2026,11,"API"
37641,10,2026,19,"API"
37642,10,2026,26,"API"
37643,10,2026,17,"API"
37644,10,2026,11,"API"
37657,10,2026,36,"API"
37658,10,2026,43,"API"
37659,10,2026,35,"API"
37660,10,2026,21,"API"
37661,10,2026,23,"API"
37662,10,2026,26,"API"
37663,10,2026,20,"API"
37664,10,2026,10,"API"
37669,10,2026,23,"API"
37670,10,2026,26,"API"
37671,10,2026,20,"API"
37672,10,2026,10,"API"
37674,10,2026,16,"API"
37675,10,2026,34,"API"
37676,10,2026,37,"API"
37677,10,2026,28,"API"
37678,10,2026,25,"API"
37679,10,2026,43,"API"
37680,10,2026,38,"API"
37681,10,2026,20,"API"
37682,10,2026,39,"API"
37683,10,2026,45,"API"
37684,10,2026,38,"API"
37685,10,2026,23,"API"
37686,10,2026,43,"API"
37687,10,2026,43,"API"
37688,10,2026,13,"API"
37689,10,2026,13,"API"
37690,10,2026,10,"API"
37691,10,2026,7,"API"
37694,10,2026,36,"API"
37695,10,2026,26,"API"
37696,10,2026,18,"API"
37697,10,2026,36,"API"
37698,10,2026,43,"API"
37699,10,2026,35,"API"
37700,10,2026,21,"API"
37701,10,2026,20,"API"
37702,10,2026,32,"API"
37703,10,2026,29,"API"
37704,10,2026,15,"API"
37705,10,2026,20,"API"
37706,10,2026,32,"API"
37707,10,2026,29,"API"
37708,10,2026,15,"API"
37709,10,2026,29,"API"
37710,10,2026,39,"API"
37711,10,2026,28,"API"
37712,10,2026,29,"API"
37713,10,2026,39,"API"
37714,10,2026,28,"API"
37715,10,2026,27,"API"
37716,10,2026,40,"API"
37717,10,2026,30,"API"
37718,10,2026,27,"API"
37719,10,2026,40,"API"
37720,10,2026,30,"API"
37721,10,2026,46,"API"
37722,10,2026,58,"API"
37723,10,2026,42,"API"
37724,10,2026,30,"API"
37725,10,2026,46,"API"
37726,10,2026,58,"API"
37727,10,2026,42,"API"
37728,10,2026,30,"API"
37730,10,2026,8,"API"
37731,10,2026,14,"API"
37732,10,2026,13,"API"
37733,10,2026,8,"API"
37734,10,2026,14,"API"
37735,10,2026,13,"API"
37736,10,2026,36,"API"
37737,10,2026,81,"API"
37738,10,2026,92,"API"
37739,10,2026,67,"API"
37740,10,2026,36,"API"
37741,10,2026,81,"API"
37742,10,2026,92,"API"
37743,10,2026,67,"API"
37744,10,2026,24,"API"
37745,10,2026,45,"API"
37746,10,2026,45,"API"
37747,10,2026,35,"API"
37748,10,2026,24,"API"
37749,10,2026,45,"API"
37750,10,2026,45,"API"
37751,10,2026,35,"API"
37752,10,2026,94,"API"
37753,10,2026,169,"API"
37754,10,2026,131,"API"
37755,10,2026,75,"API"
37756,10,2026,94,"API"
37757,10,2026,169,"API"
37758,10,2026,131,"API"
37759,10,2026,75,"API"
37760,10,2026,39,"API"
37761,10,2026,53,"API"
37762,10,2026,42,"API"
37763,10,2026,22,"API"
37764,10,2026,39,"API"
37765,10,2026,53,"API"
37766,10,2026,42,"API"
37767,10,2026,22,"API"
37784,10,2026,16,"API"
37785,10,2026,33,"API"
37786,10,2026,38,"API"
37787,10,2026,29,"API"
37790,10,2026,22,"API"
37791,10,2026,38,"API"
37792,10,2026,30,"API"
37793,10,2026,16,"API"
37794,10,2026,40,"API"
37796,10,2026,64,"API"
37797,10,2026,99,"API"
37798,10,2026,77,"API"
37799,10,2026,27,"API"
37800,10,2026,35,"API"
37801,10,2026,37,"API"
37802,10,2026,28,"API"
37803,10,2026,13,"API"
37806,10,2026,61,"API"
37807,10,2026,93,"API"
37808,10,2026,75,"API"
37809,10,2026,37,"API"
37810,10,2026,11,"API"
37811,10,2026,11,"API"
37812,10,2026,9,"API"
37813,10,2026,6,"API"
37815,10,2026,20,"API"
37816,10,2026,14,"API"
37817,10,2026,10,"API"
37818,10,2026,18,"API"
37819,10,2026,27,"API"
37820,10,2026,29,"API"
37821,10,2026,13,"API"
37822,10,2026,17,"API"
37823,10,2026,29,"API"
37824,10,2026,22,"API"
37825,10,2026,14,"API"
37826,10,2026,17,"API"
37827,10,2026,30,"API"
37828,10,2026,23,"API"
37829,10,2026,14,"API"
37830,10,2026,17,"API"
37831,10,2026,29,"API"
37832,10,2026,22,"API"
37833,10,2026,14,"API"
37834,10,2026,27,"API"
37835,10,2026,27,"API"
37836,10,2026,27,"API"
37837,10,2026,22,"API"
37838,10,2026,12,"API"
37839,10,2026,11,"API"
37840,10,2026,123,"API"
37841,10,2026,173,"API"
37842,10,2026,123,"API"
37843,10,2026,210,"API"
37844,10,2026,185,"API"
37845,10,2026,99,"API"
37846,10,2026,123,"API"
37847,10,2026,210,"API"
37848,10,2026,185,"API"
37849,10,2026,99,"API"
37850,10,2026,145,"API"
37851,10,2026,97,"API"
37852,10,2026,22,"API"
37853,10,2026,37,"API"
37854,10,2026,32,"API"
37855,10,2026,20,"API"
37856,10,2026,27,"API"
37857,10,2026,46,"API"
37858,10,2026,39,"API"
37859,10,2026,25,"API"
37860,10,2026,38,"API"
37861,10,2026,65,"API"
37862,10,2026,55,"API"
37863,10,2026,34,"API"
37864,10,2026,22,"API"
37865,10,2026,37,"API"
37866,10,2026,32,"API"
37867,10,2026,20,"API"
37868,10,2026,59,"API"
37869,10,2026,48,"API"
37870,10,2026,17,"API"
37871,10,2026,17,"API"
37872,10,2026,16,"API"
37873,10,2026,12,"API"
37874,10,2026,9,"API"
37875,10,2026,15,"API"
37876,10,2026,17,"API"
37877,10,2026,14,"API"
37878,10,2026,10,"API"
37880,10,2026,23,"API"
37881,10,2026,30,"API"
37882,10,2026,23,"API"
37883,10,2026,16,"API"
37884,10,2026,15,"API"
37886,10,2026,10,"API"
37887,10,2026,9,"API"
37888,10,2026,7,"API"
37889,10,2026,5,"API"
37890,10,2026,23,"API"
37891,10,2026,15,"API"
37892,10,2026,16,"API"
37893,10,2026,27,"API"
37894,10,2026,25,"API"
37895,10,2026,19,"API"
37896,10,2026,30,"API"
37897,10,2026,19,"API"
37898,10,2026,17,"API"
37903,10,2026,26,"API"
37904,10,2026,18,"API"
37905,10,2026,13,"API"
37944,10,2026,13,"API"
37945,10,2026,17,"API"
37946,10,2026,18,"API"
37947,10,2026,12,"API"
37956,10,2026,17,"API"
37957,10,2026,24,"API"
37958,10,2026,23,"API"
37959,10,2026,12,"API"
37960,10,2026,23,"API"
37961,10,2026,31,"API"
37962,10,2026,26,"API"
37963,10,2026,17,"API"
37964,10,2026,15,"API"
37965,10,2026,25,"API"
37966,10,2026,16,"API"
37967,10,2026,7,"API"
37968,10,2026,30,"API"
37969,10,2026,43,"API"
37970,10,2026,38,"API"
37971,10,2026,24,"API"
37972,10,2026,23,"API"
37973,10,2026,43,"API"
37974,10,2026,37,"API"
37975,10,2026,20,"API"
37976,10,2026,14,"API"
37977,10,2026,26,"API"
37978,10,2026,45,"API"
37979,10,2026,38,"API"
37980,10,2026,22,"API"
37989,10,2026,47,"API"
37990,10,2026,70,"API"
37991,10,2026,59,"API"
37992,10,2026,36,"API"
37993,10,2026,47,"API"
37994,10,2026,70,"API"
37995,10,2026,59,"API"
37996,10,2026,36,"API"
37997,10,2026,61,"API"
37998,10,2026,90,"API"
37999,10,2026,66,"API"
38000,10,2026,27,"API"
38001,10,2026,61,"API"
38002,10,2026,90,"API"
38003,10,2026,66,"API"
38004,10,2026,27,"API"
38005,10,2026,25,"API"
38006,10,2026,35,"API"
38007,10,2026,26,"API"
38008,10,2026,14,"API"
38009,10,2026,25,"API"
38010,10,2026,35,"API"
38011,10,2026,26,"API"
38012,10,2026,14,"API"
38014,10,2026,5,"API"
38015,10,2026,19,"API"
38016,10,2026,9,"API"
38017,10,2026,20,"API"
38018,10,2026,10,"API"
38019,10,2026,17,"API"
38020,10,2026,9,"API"
38021,10,2026,5,"API"
38022,10,2026,4,"API"
38023,10,2026,9,"API"
38024,10,2026,7,"API"
38025,10,2026,11,"API"
38026,10,2026,7,"API"
38027,10,2026,9,"API"
38028,10,2026,7,"API"
38029,10,2026,7,"API"
38030,10,2026,3,"API"
38031,10,2026,4,"API"
38032,10,2026,8,"API"
38033,10,2026,9,"API"
38034,10,2026,9,"API"
38035,10,2026,10,"API"
38036,10,2026,7,"API"
38037,10,2026,7,"API"
38038,10,2026,6,"API"
38039,10,2026,13,"API"
38040,10,2026,25,"API"
38041,10,2026,20,"API"
38042,10,2026,12,"API"
38043,10,2026,10,"API"
38044,10,2026,17,"API"
38045,10,2026,14,"API"
38046,10,2026,10,"API"
38047,10,2026,9,"API"
38048,10,2026,16,"API"
38049,10,2026,17,"API"
38050,10,2026,15,"API"
38055,10,2026,12,"API"
38056,10,2026,19,"API"
38057,10,2026,20,"API"
38058,10,2026,13,"API"
38059,10,2026,13,"API"
38060,10,2026,17,"API"
38061,10,2026,18,"API"
38062,10,2026,12,"API"
38063,10,2026,17,"API"
38064,10,2026,24,"API"
38065,10,2026,23,"API"
38066,10,2026,12,"API"
38286,10,2026,7,"API"
38287,10,2026,22,"API"
38288,10,2026,26,"API"
38289,10,2026,25,"API"
38290,10,2026,17,"API"
38291,10,2026,50,"API"
38292,10,2026,43,"API"
38293,10,2026,7,"API"
38294,10,2026,7,"API"
38295,10,2026,23,"API"
38296,10,2026,29,"API"
38297,10,2026,23,"API"
38298,10,2026,7,"API"
38299,10,2026,23,"API"
38300,10,2026,29,"API"
38301,10,2026,23,"API"
38307,10,2026,32,"API"
38308,10,2026,58,"API"
38309,10,2026,50,"API"
38310,10,2026,29,"API"
38315,10,2026,32,"API"
38316,10,2026,58,"API"
38317,10,2026,50,"API"
38318,10,2026,29,"API"
38322,10,2026,11,"API"
38323,10,2026,17,"API"
38324,10,2026,15,"API"
38325,10,2026,11,"API"
38326,10,2026,25,"API"
38327,10,2026,39,"API"
38328,10,2026,36,"API"
38329,10,2026,25,"API"
38343,10,2026,17,"API"
38344,10,2026,16,"API"
38364,10,2026,22,"API"
38365,10,2026,37,"API"
38366,10,2026,29,"API"
38367,10,2026,15,"API"
38368,10,2026,22,"API"
38369,10,2026,37,"API"
38370,10,2026,29,"API"
38371,10,2026,15,"API"
38372,10,2026,20,"API"
38373,10,2026,35,"API"
38374,10,2026,28,"API"
38375,10,2026,17,"API"
38376,10,2026,9,"API"
38377,10,2026,15,"API"
38378,10,2026,12,"API"
38379,10,2026,7,"API"
38380,10,2026,21,"API"
38381,10,2026,36,"API"
38382,10,2026,36,"API"
38383,10,2026,10,"API"
38384,10,2026,21,"API"
38385,10,2026,36,"API"
38386,10,2026,36,"API"
38387,10,2026,10,"API"
38433,10,2026,21,"API"
38434,10,2026,42,"API"
38435,10,2026,38,"API"
38436,10,2026,22,"API"
38437,10,2026,28,"API"
38438,10,2026,57,"API"
38439,10,2026,52,"API"
38440,10,2026,30,"API"
38441,10,2026,11,"API"
38442,10,2026,22,"API"
38443,10,2026,20,"API"
38444,10,2026,12,"API"
38445,10,2026,12,"API"
38446,10,2026,25,"API"
38447,10,2026,23,"API"
38448,10,2026,13,"API"
38449,10,2026,12,"API"
38450,10,2026,25,"API"
38451,10,2026,23,"API"
38452,10,2026,13,"API"
38453,10,2026,15,"API"
38454,10,2026,30,"API"
38455,10,2026,27,"API"
38456,10,2026,16,"API"
38457,10,2026,15,"API"
38458,10,2026,30,"API"
38459,10,2026,27,"API"
38460,10,2026,16,"API"
38461,10,2026,9,"API"
38462,10,2026,17,"API"
38463,10,2026,16,"API"
38464,10,2026,9,"API"
38465,10,2026,13,"API"
38466,10,2026,16,"API"
38467,10,2026,15,"API"
38468,10,2026,11,"API"
38469,10,2026,14,"API"
38470,10,2026,16,"API"
38471,10,2026,15,"API"
38472,10,2026,11,"API"
38473,10,2026,5,"API"
38474,10,2026,6,"API"
38475,10,2026,5,"API"
38476,10,2026,3,"API"
38477,10,2026,13,"API"
38478,10,2026,15,"API"
38479,10,2026,13,"API"
38480,10,2026,9,"API"
38494,10,2026,12,"API"
38495,10,2026,12,"API"
38496,10,2026,10,"API"
38497,10,2026,3,"API"
38536,10,2026,25,"API"
38537,10,2026,18,"API"
38538,10,2026,16,"API"
38539,10,2026,7,"API"
38543,10,2026,1,"API"
38548,10,2026,31,"API"
38549,10,2026,24,"API"
38550,10,2026,17,"API"
38551,10,2026,14,"API"
38590,10,2026,47,"API"
38591,10,2026,35,"API"
38592,10,2026,24,"API"
38609,10,2026,2,"API"
38610,10,2026,3,"API"
38611,10,2026,4,"API"
38647,10,2026,3,"API"
38648,10,2026,7,"API"
38649,10,2026,4,"API"
38650,10,2026,3,"API"
38651,10,2026,7,"API"
38652,10,2026,10,"API"
38653,10,2026,10,"API"
38654,10,2026,6,"API"
38669,10,2026,1,"API"
38670,10,2026,4,"API"
38671,10,2026,4,"API"
38672,10,2026,3,"API"
38673,10,2026,3,"API"
38674,10,2026,7,"API"
38675,10,2026,6,"API"
38676,10,2026,6,"API"
38677,10,2026,1,"API"
38678,10,2026,3,"API"
38679,10,2026,3,"API"
38681,10,2026,1,"API"
38682,10,2026,3,"API"
38683,10,2026,2,"API"
39020,10,2026,2,"API"
39021,10,2026,1,"API"
39024,10,2026,1,"API"
39191,10,2026,2,"API"
39192,10,2026,2,"API"
39193,10,2026,1,"API"
39194,10,2026,1,"API"
39195,10,2026,1,"API"
39196,10,2026,1,"API"
39725,10,2026,5,"API"
39726,10,2026,4,"API"
39727,10,2026,3,"API"
39728,10,2026,2,"API"
4023,10,2026,141,"API"
4024,10,2026,210,"API"
4025,10,2026,197,"API"
4026,10,2026,218,"API"
4027,10,2026,313,"API"
4028,10,2026,279,"API"
4106,10,2026,90,"AJUSTE_60_BRANCO_PERMANENTE"
4107,10,2026,170,"AJUSTE_60_BRANCO_PERMANENTE"
4108,10,2026,170,"AJUSTE_60_BRANCO_PERMANENTE"
4109,10,2026,101,"AJUSTE_60_BRANCO_PERMANENTE"
4124,10,2026,401,"API"
4125,10,2026,762,"API"
4126,10,2026,746,"API"
4127,10,2026,458,"API"
4128,10,2026,553,"API"
4129,10,2026,1086,"API"
4130,10,2026,1027,"API"
4131,10,2026,555,"API"
4138,10,2026,320,"API"
4139,10,2026,590,"API"
4140,10,2026,557,"API"
4141,10,2026,308,"API"
5851,10,2026,461,"API"
5852,10,2026,819,"API"
5853,10,2026,630,"API"
5854,10,2026,153,"API"
5855,10,2026,255,"API"
5856,10,2026,192,"API"
6347,10,2026,63,"API"
6348,10,2026,131,"API"
6349,10,2026,120,"API"
6350,10,2026,55,"API"
6399,10,2026,59,"API"
6400,10,2026,167,"API"
6401,10,2026,146,"API"
6402,10,2026,73,"API"
6442,10,2026,549,"API"
6443,10,2026,1877,"API"
6444,10,2026,1943,"API"
6445,10,2026,1175,"API"
6474,10,2026,403,"API"
6475,10,2026,1434,"API"
6476,10,2026,1551,"API"
6477,10,2026,1020,"API"
6482,10,2026,69,"AJUSTE_60_BRANCO_PERMANENTE"
6483,10,2026,231,"AJUSTE_60_BRANCO_PERMANENTE"
6484,10,2026,236,"AJUSTE_60_BRANCO_PERMANENTE"
6485,10,2026,147,"AJUSTE_60_BRANCO_PERMANENTE"
6499,10,2026,333,"API"
6500,10,2026,1223,"API"
6501,10,2026,1327,"API"
6502,10,2026,830,"API"
6708,10,2026,51,"API"
6709,10,2026,112,"API"
6710,10,2026,152,"API"
6711,10,2026,94,"API"
6712,10,2026,28,"API"
6713,10,2026,48,"API"
6714,10,2026,60,"API"
6715,10,2026,49,"API"
6734,10,2026,204,"API"
6735,10,2026,207,"API"
6736,10,2026,106,"API"
6743,10,2026,209,"API"
6744,10,2026,443,"API"
6745,10,2026,449,"API"
6746,10,2026,300,"API"
6747,10,2026,85,"API"
6762,10,2026,52,"API"
6763,10,2026,114,"API"
6764,10,2026,103,"API"
6765,10,2026,80,"API"
6766,10,2026,108,"API"
6767,10,2026,218,"API"
6768,10,2026,220,"API"
6769,10,2026,141,"API"
6823,10,2026,239,"API"
6824,10,2026,262,"API"
6825,10,2026,192,"API"
6827,10,2026,148,"API"
6828,10,2026,170,"API"
6829,10,2026,141,"API"
6869,10,2026,669,"API"
6870,10,2026,1495,"API"
6871,10,2026,1509,"API"
6872,10,2026,1038,"API"
6873,10,2026,96,"API"
6874,10,2026,285,"API"
6875,10,2026,307,"API"
6876,10,2026,247,"API"
7024,10,2026,90,"API"
7025,10,2026,248,"API"
7026,10,2026,245,"API"
7027,10,2026,162,"API"
7032,10,2026,51,"API"
7033,10,2026,144,"API"
7034,10,2026,109,"API"
7035,10,2026,86,"API"
7108,10,2026,205,"API"
7109,10,2026,319,"API"
7110,10,2026,318,"API"
7111,10,2026,211,"API"
8028,10,2026,38,"AJUSTE_60_BRANCO_PERMANENTE"
8029,10,2026,106,"AJUSTE_60_BRANCO_PERMANENTE"
8047,10,2026,124,"AJUSTE_60_BRANCO_PERMANENTE"
8048,10,2026,88,"AJUSTE_60_BRANCO_PERMANENTE"
8053,10,2026,296,"API"
8054,10,2026,865,"API"
8055,10,2026,1006,"API"
8056,10,2026,679,"API"
8057,10,2026,192,"API"
8058,10,2026,497,"API"
8059,10,2026,598,"API"
8060,10,2026,439,"API"
8064,10,2026,128,"API"
8065,10,2026,441,"API"
8066,10,2026,529,"API"
8067,10,2026,369,"API"
8899,10,2026,45,"API"
8900,10,2026,88,"API"
8901,10,2026,70,"API"
8902,10,2026,56,"API"
8947,10,2026,66,"API"
8948,10,2026,191,"API"
8949,10,2026,219,"API"
8950,10,2026,190,"API"
9066,10,2026,84,"API"
9067,10,2026,173,"API"
9068,10,2026,160,"API"
9069,10,2026,89,"API"
9070,10,2026,70,"API"
9071,10,2026,42,"API"
9072,10,2026,54,"API"
9073,10,2026,52,"API"
9074,10,2026,41,"API"
9075,10,2026,31,"API"
9144,10,2026,92,"API"
9145,10,2026,72,"API"
9161,10,2026,196,"API"
9162,10,2026,281,"API"
9163,10,2026,233,"API"
9164,10,2026,156,"API"
9165,10,2026,66,"API"
9166,10,2026,109,"API"
9187,10,2026,64,"API"
9188,10,2026,189,"API"
9189,10,2026,116,"API"
9190,10,2026,87,"API"
9195,10,2026,46,"API"
9196,10,2026,102,"API"
9197,10,2026,82,"API"
9198,10,2026,63,"API"
9203,10,2026,68,"API"
9204,10,2026,196,"API"
9205,10,2026,125,"API"
9206,10,2026,86,"API"
9207,10,2026,138,"API"
9208,10,2026,69,"API"
9209,10,2026,25,"API"
9210,10,2026,62,"API"
9211,10,2026,63,"API"
9212,10,2026,47,"API"
9221,10,2026,47,"API"
9222,10,2026,98,"API"
9316,10,2026,50,"API"
9317,10,2026,103,"API"
9318,10,2026,72,"API"
9619,10,2026,70,"AJUSTE_60_BRANCO_PERMANENTE"
9620,10,2026,73,"AJUSTE_60_BRANCO_PERMANENTE"
9621,10,2026,50,"AJUSTE_60_BRANCO_PERMANENTE"
9652,10,2026,26,"AJUSTE_60_BRANCO_PERMANENTE"
9666,10,2026,133,"API"
9667,10,2026,274,"API"
9668,10,2026,300,"API"
9669,10,2026,222,"API"
9674,10,2026,36,"API"
9675,10,2026,116,"API"
9676,10,2026,159,"API"
9677,10,2026,85,"API"
9812,10,2026,198,"API"
9813,10,2026,296,"API"
9814,10,2026,248,"API"
9815,10,2026,59,"AJUSTE_60_BRANCO_PERMANENTE"
9816,10,2026,82,"AJUSTE_60_BRANCO_PERMANENTE"
9817,10,2026,66,"AJUSTE_60_BRANCO_PERMANENTE"
9868,10,2026,114,"AJUSTE_60_BRANCO_PERMANENTE"
9869,10,2026,202,"AJUSTE_60_BRANCO_PERMANENTE"
9870,10,2026,156,"AJUSTE_60_BRANCO_PERMANENTE"
9892,10,2026,335,"API"
9893,10,2026,657,"API"
9894,10,2026,544,"API"
9898,10,2026,199,"API"
9899,10,2026,328,"API"
9900,10,2026,266,"API"
9953,10,2026,60,"AJUSTE_60_BRANCO_PERMANENTE"
9954,10,2026,110,"AJUSTE_60_BRANCO_PERMANENTE"
9955,10,2026,126,"AJUSTE_60_BRANCO_PERMANENTE"
9956,10,2026,90,"AJUSTE_60_BRANCO_PERMANENTE"
9957,10,2026,157,"API"
9958,10,2026,303,"API"
9959,10,2026,346,"API"
9960,10,2026,259,"API"
9981,10,2026,85,"API"
9982,10,2026,225,"API"
9983,10,2026,253,"API"
9984,10,2026,210,"API"
10430,11,2026,64,"AJUSTE_60_BRANCO_PERMANENTE_NOV_2026"
10431,11,2026,49,"AJUSTE_60_BRANCO_PERMANENTE_NOV_2026"
10458,11,2026,30,"AJUSTE_60_BRANCO_PERMANENTE_NOV_2026"
10464,11,2026,116,"API"
10476,11,2026,156,"API"
10477,11,2026,216,"API"
10478,11,2026,178,"API"
10479,11,2026,55,"AJUSTE_60_BRANCO_PERMANENTE_NOV_2026"
10480,11,2026,147,"API"
10481,11,2026,223,"API"
10482,11,2026,193,"API"
10483,11,2026,105,"API"
10494,11,2026,154,"API"
10495,11,2026,264,"API"
10496,11,2026,238,"API"
10497,11,2026,34,"AJUSTE_60_BRANCO_PERMANENTE_NOV_2026"
10498,11,2026,58,"AJUSTE_60_BRANCO_PERMANENTE_NOV_2026"
10499,11,2026,48,"AJUSTE_60_BRANCO_PERMANENTE_NOV_2026"
10783,11,2026,11,"AJUSTE_60_BRANCO_PERMANENTE_NOV_2026"
10784,11,2026,21,"AJUSTE_60_BRANCO_PERMANENTE_NOV_2026"
10785,11,2026,18,"AJUSTE_60_BRANCO_PERMANENTE_NOV_2026"
10786,11,2026,39,"API"
10787,11,2026,63,"API"
10788,11,2026,71,"API"
13561,11,2026,86,"API"
13562,11,2026,59,"API"
13576,11,2026,118,"API"
13586,11,2026,187,"API"
13587,11,2026,169,"API"
13588,11,2026,108,"API"
13589,11,2026,76,"API"
13595,11,2026,119,"API"
16030,11,2026,38,"API"
16031,11,2026,42,"API"
16032,11,2026,39,"API"
16033,11,2026,30,"API"
16034,11,2026,36,"API"
16035,11,2026,35,"API"
16036,11,2026,29,"API"
16037,11,2026,25,"API"
16042,11,2026,87,"API"
16043,11,2026,97,"API"
16044,11,2026,66,"API"
16045,11,2026,49,"API"
16046,11,2026,144,"API"
16047,11,2026,141,"API"
16048,11,2026,89,"API"
16049,11,2026,61,"API"
16050,11,2026,73,"API"
16051,11,2026,84,"API"
16052,11,2026,68,"API"
16053,11,2026,163,"API"
16054,11,2026,185,"API"
16055,11,2026,145,"API"
16056,11,2026,52,"API"
16057,11,2026,64,"API"
16058,11,2026,49,"API"
16059,11,2026,38,"API"
16064,11,2026,70,"API"
16065,11,2026,81,"API"
16066,11,2026,58,"API"
16067,11,2026,45,"API"
16433,11,2026,57,"AJUSTE_60_BRANCO_PERMANENTE_NOV_2026"
16434,11,2026,90,"AJUSTE_60_BRANCO_PERMANENTE_NOV_2026"
16435,11,2026,63,"AJUSTE_60_BRANCO_PERMANENTE_NOV_2026"
16436,11,2026,13,"AJUSTE_60_BRANCO_PERMANENTE_NOV_2026"
16437,11,2026,541,"API"
16438,11,2026,854,"API"
16439,11,2026,517,"API"
16440,11,2026,21,"API"
16441,11,2026,636,"API"
16442,11,2026,1021,"API"
16443,11,2026,593,"API"
16444,11,2026,130,"API"
16453,11,2026,93,"AJUSTE_60_BRANCO_PERMANENTE_NOV_2026"
16454,11,2026,161,"AJUSTE_60_BRANCO_PERMANENTE_NOV_2026"
16455,11,2026,99,"AJUSTE_60_BRANCO_PERMANENTE_NOV_2026"
16456,11,2026,42,"AJUSTE_60_BRANCO_PERMANENTE_NOV_2026"
16457,11,2026,600,"API"
16458,11,2026,1116,"API"
16459,11,2026,755,"API"
16460,11,2026,294,"API"
16461,11,2026,758,"API"
16462,11,2026,1449,"API"
16463,11,2026,918,"API"
16464,11,2026,356,"API"
16664,11,2026,67,"API"
16665,11,2026,67,"API"
16666,11,2026,42,"API"
16667,11,2026,32,"API"
16694,11,2026,20,"API"
16695,11,2026,75,"API"
16696,11,2026,80,"API"
16697,11,2026,57,"API"
16698,11,2026,19,"API"
16699,11,2026,76,"API"
16700,11,2026,88,"API"
16701,11,2026,64,"API"
16713,11,2026,396,"API"
16714,11,2026,741,"API"
16715,11,2026,681,"API"
16716,11,2026,413,"API"
16748,11,2026,72,"API"
16749,11,2026,231,"API"
16750,11,2026,194,"API"
16751,11,2026,107,"API"
16756,11,2026,92,"API"
16757,11,2026,349,"API"
16758,11,2026,324,"API"
16759,11,2026,159,"API"
16855,11,2026,405,"API"
16856,11,2026,633,"API"
16857,11,2026,370,"API"
16858,11,2026,87,"API"
16863,11,2026,63,"API"
16864,11,2026,190,"API"
16865,11,2026,166,"API"
16866,11,2026,87,"API"
16879,11,2026,437,"API"
16880,11,2026,857,"API"
16881,11,2026,538,"API"
16882,11,2026,203,"API"
16912,11,2026,51,"API"
16913,11,2026,95,"API"
16914,11,2026,69,"API"
16915,11,2026,42,"API"
16916,11,2026,14,"API"
16917,11,2026,23,"API"
16918,11,2026,21,"API"
16919,11,2026,19,"API"
16933,11,2026,84,"API"
16934,11,2026,77,"API"
16935,11,2026,54,"API"
16936,11,2026,39,"API"
16976,11,2026,49,"API"
16977,11,2026,108,"API"
16978,11,2026,92,"API"
16979,11,2026,49,"API"
17581,11,2026,81,"API"
17582,11,2026,157,"API"
17583,11,2026,131,"API"
17584,11,2026,73,"API"
17585,11,2026,90,"API"
17586,11,2026,181,"API"
17587,11,2026,146,"API"
17588,11,2026,72,"API"
17626,11,2026,128,"API"
17627,11,2026,129,"API"
17628,11,2026,93,"API"
17681,11,2026,36,"AJUSTE_60_BRANCO_PERMANENTE_NOV_2026"
17682,11,2026,88,"AJUSTE_60_BRANCO_PERMANENTE_NOV_2026"
17683,11,2026,79,"AJUSTE_60_BRANCO_PERMANENTE_NOV_2026"
17684,11,2026,242,"API"
17685,11,2026,615,"API"
17686,11,2026,582,"API"
17687,11,2026,149,"API"
17688,11,2026,393,"API"
17689,11,2026,375,"API"
17690,11,2026,253,"API"
17691,11,2026,613,"API"
17692,11,2026,565,"API"
17748,11,2026,45,"API"
17749,11,2026,80,"API"
17750,11,2026,68,"API"
17754,11,2026,48,"API"
17755,11,2026,73,"API"
17756,11,2026,63,"API"
17766,11,2026,73,"API"
17767,11,2026,91,"API"
17768,11,2026,126,"API"
17781,11,2026,30,"AJUSTE_60_BRANCO_PERMANENTE_NOV_2026"
17782,11,2026,53,"AJUSTE_60_BRANCO_PERMANENTE_NOV_2026"
17783,11,2026,42,"AJUSTE_60_BRANCO_PERMANENTE_NOV_2026"
17784,11,2026,21,"AJUSTE_60_BRANCO_PERMANENTE_NOV_2026"
17987,11,2026,21,"API"
17988,11,2026,80,"API"
17989,11,2026,83,"API"
17990,11,2026,59,"API"
18030,11,2026,45,"API"
18031,11,2026,67,"API"
18032,11,2026,61,"API"
18033,11,2026,43,"API"
18034,11,2026,76,"API"
18035,11,2026,116,"API"
18036,11,2026,103,"API"
18037,11,2026,71,"API"
18038,11,2026,41,"API"
18039,11,2026,60,"API"
18040,11,2026,53,"API"
18041,11,2026,40,"API"
18058,11,2026,163,"API"
18059,11,2026,345,"API"
18060,11,2026,414,"API"
18061,11,2026,331,"API"
18062,11,2026,218,"API"
18063,11,2026,537,"API"
18064,11,2026,646,"API"
18065,11,2026,487,"API"
18066,11,2026,94,"API"
18067,11,2026,230,"API"
18068,11,2026,288,"API"
18069,11,2026,215,"API"
18078,11,2026,119,"API"
18079,11,2026,243,"API"
18080,11,2026,262,"API"
18081,11,2026,176,"API"
18082,11,2026,397,"API"
18083,11,2026,435,"API"
18084,11,2026,97,"API"
18085,11,2026,217,"API"
18086,11,2026,230,"API"
18093,11,2026,47,"API"
18094,11,2026,84,"API"
18095,11,2026,99,"API"
18096,11,2026,74,"API"
18097,11,2026,73,"API"
18098,11,2026,150,"API"
18099,11,2026,175,"API"
18100,11,2026,136,"API"
18101,11,2026,35,"API"
18102,11,2026,67,"API"
18103,11,2026,74,"API"
18104,11,2026,54,"API"
18170,11,2026,31,"AJUSTE_60_BRANCO_PERMANENTE_NOV_2026"
18171,11,2026,72,"AJUSTE_60_BRANCO_PERMANENTE_NOV_2026"
18172,11,2026,85,"AJUSTE_60_BRANCO_PERMANENTE_NOV_2026"
18173,11,2026,63,"AJUSTE_60_BRANCO_PERMANENTE_NOV_2026"
18277,11,2026,47,"AJUSTE_60_BRANCO_PERMANENTE_NOV_2026"
18278,11,2026,318,"API"
18279,11,2026,216,"API"
18280,11,2026,371,"API"
18281,11,2026,24,"API"
18282,11,2026,33,"API"
18283,11,2026,53,"API"
18284,11,2026,36,"API"
18632,11,2026,25,"API"
18633,11,2026,52,"API"
18634,11,2026,61,"API"
18635,11,2026,49,"API"
18640,11,2026,34,"API"
18641,11,2026,95,"API"
18642,11,2026,115,"API"
18643,11,2026,87,"API"
18973,11,2026,15,"API"
18974,11,2026,28,"API"
18975,11,2026,23,"API"
18976,11,2026,20,"API"
18977,11,2026,18,"API"
18978,11,2026,25,"API"
18979,11,2026,21,"API"
18980,11,2026,11,"API"
18985,11,2026,14,"API"
18986,11,2026,23,"API"
18987,11,2026,18,"API"
18988,11,2026,14,"API"
19278,11,2026,38,"API"
19279,11,2026,65,"API"
19280,11,2026,60,"API"
19281,11,2026,37,"API"
19282,11,2026,65,"API"
19283,11,2026,100,"API"
19284,11,2026,95,"API"
19285,11,2026,62,"API"
19298,11,2026,65,"API"
19299,11,2026,186,"API"
19300,11,2026,147,"API"
19307,11,2026,88,"API"
19308,11,2026,177,"API"
19309,11,2026,134,"API"
19310,11,2026,86,"API"
19311,11,2026,152,"API"
19312,11,2026,107,"API"
19319,11,2026,69,"API"
19320,11,2026,129,"API"
19321,11,2026,84,"API"
19348,11,2026,3,"API"
19350,11,2026,15,"API"
19351,11,2026,10,"API"
19352,11,2026,17,"API"
19353,11,2026,8,"API"
19354,11,2026,15,"API"
19355,11,2026,27,"API"
19356,11,2026,20,"API"
19357,11,2026,13,"API"
19358,11,2026,23,"API"
19359,11,2026,29,"API"
19360,11,2026,16,"API"
19361,11,2026,20,"API"
19362,11,2026,32,"API"
19363,11,2026,16,"API"
19364,11,2026,15,"API"
19366,11,2026,9,"API"
19367,11,2026,53,"API"
19368,11,2026,41,"API"
19369,11,2026,27,"API"
19370,11,2026,27,"API"
19371,11,2026,16,"API"
19372,11,2026,57,"API"
19373,11,2026,100,"API"
19374,11,2026,42,"API"
19375,11,2026,79,"API"
19376,11,2026,100,"API"
19377,11,2026,81,"API"
19378,11,2026,52,"API"
19379,11,2026,29,"API"
19381,11,2026,35,"API"
19382,11,2026,206,"API"
19383,11,2026,169,"API"
19384,11,2026,95,"API"
19385,11,2026,80,"API"
19386,11,2026,45,"API"
19387,11,2026,250,"API"
19388,11,2026,285,"API"
19389,11,2026,132,"API"
19390,11,2026,241,"API"
19391,11,2026,260,"API"
19392,11,2026,17,"API"
19394,11,2026,27,"API"
19395,11,2026,37,"API"
19396,11,2026,23,"API"
19397,11,2026,20,"API"
19398,11,2026,45,"API"
19399,11,2026,62,"API"
19400,11,2026,33,"API"
19401,11,2026,16,"API"
19402,11,2026,43,"API"
19403,11,2026,73,"API"
19404,11,2026,22,"API"
19405,11,2026,40,"API"
19406,11,2026,26,"API"
19408,11,2026,68,"API"
19409,11,2026,85,"API"
19410,11,2026,50,"API"
19411,11,2026,32,"API"
19412,11,2026,104,"API"
19413,11,2026,137,"API"
19414,11,2026,59,"API"
19415,11,2026,27,"API"
19416,11,2026,90,"API"
19417,11,2026,110,"API"
19418,11,2026,40,"API"
19419,11,2026,80,"API"
19598,11,2026,14,"API"
19599,11,2026,20,"API"
19618,11,2026,112,"API"
19620,11,2026,63,"API"
19621,11,2026,57,"API"
19622,11,2026,26,"API"
19623,11,2026,40,"API"
19655,11,2026,267,"API"
19657,11,2026,149,"API"
19658,11,2026,172,"API"
21350,11,2026,12,"AJUSTE_60_BRANCO_PERMANENTE_NOV_2026"
21351,11,2026,18,"AJUSTE_60_BRANCO_PERMANENTE_NOV_2026"
21352,11,2026,16,"AJUSTE_60_BRANCO_PERMANENTE_NOV_2026"
21353,11,2026,44,"API"
21354,11,2026,88,"API"
21355,11,2026,54,"API"
21359,11,2026,29,"API"
21360,11,2026,40,"API"
21361,11,2026,19,"API"
21365,11,2026,98,"API"
21366,11,2026,176,"API"
21367,11,2026,157,"API"
21368,11,2026,105,"API"
21369,11,2026,195,"API"
21370,11,2026,154,"API"
22358,11,2026,87,"API"
22359,11,2026,170,"API"
22360,11,2026,190,"API"
22361,11,2026,146,"API"
22362,11,2026,101,"API"
22760,11,2026,10,"API"
22761,11,2026,9,"API"
22762,11,2026,3,"API"
22763,11,2026,18,"API"
22764,11,2026,21,"API"
22765,11,2026,15,"API"
22766,11,2026,8,"API"
22767,11,2026,20,"API"
22768,11,2026,28,"API"
22770,11,2026,15,"API"
22771,11,2026,20,"API"
22772,11,2026,21,"API"
22773,11,2026,13,"API"
22774,11,2026,6,"API"
22775,11,2026,14,"API"
22776,11,2026,8,"API"
22778,11,2026,13,"API"
22779,11,2026,14,"API"
22780,11,2026,7,"API"
22781,11,2026,33,"API"
22782,11,2026,42,"API"
22783,11,2026,20,"API"
22784,11,2026,9,"API"
22785,11,2026,44,"API"
22786,11,2026,49,"API"
22788,11,2026,22,"API"
22789,11,2026,46,"API"
22790,11,2026,34,"API"
22791,11,2026,14,"API"
22792,11,2026,16,"API"
22793,11,2026,24,"API"
22794,11,2026,13,"API"
23091,11,2026,54,"AJUSTE_60_BRANCO_PERMANENTE_NOV_2026"
23092,11,2026,195,"API"
23387,11,2026,27,"API"
23388,11,2026,105,"API"
23389,11,2026,105,"API"
23390,11,2026,69,"API"
23391,11,2026,16,"API"
23392,11,2026,27,"API"
23393,11,2026,29,"API"
23394,11,2026,34,"API"
24079,11,2026,16,"API"
24080,11,2026,11,"API"
24081,11,2026,11,"API"
24082,11,2026,22,"API"
24083,11,2026,22,"API"
24084,11,2026,9,"API"
24085,11,2026,11,"API"
24086,11,2026,27,"API"
24087,11,2026,23,"API"
24088,11,2026,10,"API"
24089,11,2026,10,"API"
24090,11,2026,22,"API"
24091,11,2026,16,"API"
24092,11,2026,14,"API"
24093,11,2026,12,"API"
24094,11,2026,21,"API"
24095,11,2026,19,"API"
24096,11,2026,11,"API"
24097,11,2026,36,"API"
24098,11,2026,38,"API"
24099,11,2026,17,"API"
24100,11,2026,8,"API"
24101,11,2026,43,"API"
24102,11,2026,38,"API"
24103,11,2026,12,"API"
24104,11,2026,15,"API"
24105,11,2026,32,"API"
24106,11,2026,26,"API"
24107,11,2026,21,"API"
24108,11,2026,17,"API"
24234,11,2026,80,"API"
24235,11,2026,80,"API"
24236,11,2026,68,"API"
24237,11,2026,45,"API"
25620,11,2026,236,"API"
25621,11,2026,496,"API"
25622,11,2026,343,"API"
25623,11,2026,133,"API"
25624,11,2026,227,"API"
25625,11,2026,464,"API"
25626,11,2026,325,"API"
25627,11,2026,125,"API"
25628,11,2026,168,"API"
25629,11,2026,333,"API"
25630,11,2026,240,"API"
25631,11,2026,88,"API"
25640,11,2026,168,"API"
25641,11,2026,446,"API"
25642,11,2026,380,"API"
25643,11,2026,204,"API"
25644,11,2026,196,"API"
25645,11,2026,478,"API"
25646,11,2026,385,"API"
25647,11,2026,200,"API"
25648,11,2026,149,"API"
25649,11,2026,360,"API"
25650,11,2026,289,"API"
25651,11,2026,148,"API"
25660,11,2026,295,"API"
25661,11,2026,614,"API"
25662,11,2026,387,"API"
25663,11,2026,146,"API"
25664,11,2026,166,"API"
25665,11,2026,353,"API"
25666,11,2026,220,"API"
25667,11,2026,75,"API"
25668,11,2026,238,"API"
25669,11,2026,488,"API"
25670,11,2026,301,"API"
25671,11,2026,114,"API"
25721,11,2026,28,"API"
25722,11,2026,26,"API"
25723,11,2026,32,"API"
25724,11,2026,23,"API"
25725,11,2026,22,"API"
25726,11,2026,36,"API"
25727,11,2026,40,"API"
25728,11,2026,20,"API"
25729,11,2026,19,"API"
25730,11,2026,29,"API"
25731,11,2026,27,"API"
25732,11,2026,18,"API"
25737,11,2026,35,"API"
25738,11,2026,74,"API"
25739,11,2026,44,"API"
25740,11,2026,26,"API"
25745,11,2026,25,"API"
25746,11,2026,43,"API"
25747,11,2026,35,"API"
25748,11,2026,23,"API"
25753,11,2026,64,"API"
25754,11,2026,118,"API"
25755,11,2026,56,"API"
25756,11,2026,32,"API"
25761,11,2026,35,"API"
25762,11,2026,61,"API"
25763,11,2026,49,"API"
25764,11,2026,30,"API"
25963,11,2026,39,"API"
25964,11,2026,44,"API"
25965,11,2026,39,"API"
25967,11,2026,35,"API"
25968,11,2026,34,"API"
25969,11,2026,19,"API"
25986,11,2026,37,"API"
25987,11,2026,111,"API"
25988,11,2026,102,"API"
25989,11,2026,53,"API"
25990,11,2026,22,"API"
25991,11,2026,44,"API"
25992,11,2026,24,"API"
25993,11,2026,32,"API"
26019,11,2026,8,"API"
26020,11,2026,10,"API"
26021,11,2026,10,"API"
26022,11,2026,9,"API"
26318,11,2026,25,"API"
26320,11,2026,22,"API"
27047,11,2026,49,"AJUSTE_60_BRANCO_PERMANENTE_NOV_2026"
27048,11,2026,95,"AJUSTE_60_BRANCO_PERMANENTE_NOV_2026"
27049,11,2026,70,"AJUSTE_60_BRANCO_PERMANENTE_NOV_2026"
27050,11,2026,26,"AJUSTE_60_BRANCO_PERMANENTE_NOV_2026"
27051,11,2026,56,"AJUSTE_60_BRANCO_PERMANENTE_NOV_2026"
27052,11,2026,116,"AJUSTE_60_BRANCO_PERMANENTE_NOV_2026"
27053,11,2026,75,"AJUSTE_60_BRANCO_PERMANENTE_NOV_2026"
27054,11,2026,26,"AJUSTE_60_BRANCO_PERMANENTE_NOV_2026"
27055,11,2026,36,"AJUSTE_60_BRANCO_PERMANENTE_NOV_2026"
27056,11,2026,89,"AJUSTE_60_BRANCO_PERMANENTE_NOV_2026"
27057,11,2026,69,"AJUSTE_60_BRANCO_PERMANENTE_NOV_2026"
27058,11,2026,36,"AJUSTE_60_BRANCO_PERMANENTE_NOV_2026"
27099,11,2026,63,"API"
27100,11,2026,75,"API"
27101,11,2026,50,"API"
27102,11,2026,34,"API"
27103,11,2026,19,"API"
27104,11,2026,73,"API"
27105,11,2026,93,"API"
27106,11,2026,69,"API"
27107,11,2026,48,"API"
27108,11,2026,30,"API"
27600,11,2026,50,"API"
27601,11,2026,116,"API"
27602,11,2026,86,"API"
27603,11,2026,44,"API"
27604,11,2026,81,"API"
27605,11,2026,53,"API"
27677,11,2026,28,"API"
27678,11,2026,79,"API"
27679,11,2026,89,"API"
27680,11,2026,65,"API"
27681,11,2026,36,"API"
27682,11,2026,101,"API"
27683,11,2026,105,"API"
27684,11,2026,70,"API"
27969,11,2026,34,"AJUSTE_60_BRANCO_PERMANENTE_NOV_2026"
27970,11,2026,42,"AJUSTE_60_BRANCO_PERMANENTE_NOV_2026"
27971,11,2026,34,"AJUSTE_60_BRANCO_PERMANENTE_NOV_2026"
27972,11,2026,14,"AJUSTE_60_BRANCO_PERMANENTE_NOV_2026"
27973,11,2026,51,"API"
27974,11,2026,63,"API"
27975,11,2026,38,"API"
27976,11,2026,18,"API"
27977,11,2026,102,"API"
27978,11,2026,156,"API"
27979,11,2026,123,"API"
27980,11,2026,55,"API"
28606,11,2026,62,"API"
28607,11,2026,64,"API"
28608,11,2026,41,"API"
28609,11,2026,32,"API"
28610,11,2026,22,"API"
28612,11,2026,68,"API"
28613,11,2026,68,"API"
28614,11,2026,45,"API"
28615,11,2026,32,"API"
28625,11,2026,76,"API"
28626,11,2026,219,"API"
28627,11,2026,261,"API"
28628,11,2026,187,"API"
28629,11,2026,145,"API"
28630,11,2026,277,"API"
28631,11,2026,260,"API"
28632,11,2026,158,"API"
28633,11,2026,86,"API"
28634,11,2026,206,"API"
28635,11,2026,250,"API"
28636,11,2026,193,"API"
28637,11,2026,150,"API"
28638,11,2026,403,"API"
28639,11,2026,381,"API"
28640,11,2026,226,"API"
28641,11,2026,221,"API"
28642,11,2026,829,"API"
28643,11,2026,900,"API"
28644,11,2026,577,"API"
28645,11,2026,167,"API"
28646,11,2026,337,"API"
28647,11,2026,243,"API"
28648,11,2026,89,"API"
28649,11,2026,183,"API"
28650,11,2026,375,"API"
28651,11,2026,233,"API"
28652,11,2026,83,"API"
28653,11,2026,143,"API"
28654,11,2026,343,"API"
28655,11,2026,277,"API"
28656,11,2026,152,"API"
29094,11,2026,26,"API"
29095,11,2026,39,"API"
29096,11,2026,35,"API"
29097,11,2026,24,"API"
29141,11,2026,65,"API"
29142,11,2026,51,"API"
29143,11,2026,22,"API"
29144,11,2026,18,"API"
29145,11,2026,34,"API"
29146,11,2026,30,"API"
29147,11,2026,21,"API"
29148,11,2026,18,"API"
29415,11,2026,111,"API"
29416,11,2026,98,"API"
29417,11,2026,84,"API"
29418,11,2026,80,"API"
29419,11,2026,77,"API"
29420,11,2026,73,"API"
29424,11,2026,75,"API"
29425,11,2026,61,"API"
29426,11,2026,61,"API"
29427,11,2026,87,"API"
29428,11,2026,89,"API"
29429,11,2026,76,"API"
29448,11,2026,64,"API"
29449,11,2026,36,"API"
29450,11,2026,36,"API"
29454,11,2026,67,"API"
29455,11,2026,54,"API"
29456,11,2026,42,"API"
29552,11,2026,64,"API"
29553,11,2026,20,"API"
29617,11,2026,13,"API"
29618,11,2026,23,"API"
29619,11,2026,19,"API"
29620,11,2026,21,"API"
29875,11,2026,93,"API"
29876,11,2026,92,"API"
29877,11,2026,68,"API"
29881,11,2026,49,"API"
29882,11,2026,54,"API"
29883,11,2026,45,"API"
30003,11,2026,45,"API"
30004,11,2026,43,"API"
30005,11,2026,32,"API"
30006,11,2026,27,"API"
30007,11,2026,25,"API"
30008,11,2026,19,"API"
30061,11,2026,277,"API"
30062,11,2026,376,"API"
30063,11,2026,286,"API"
30064,11,2026,160,"API"
30065,11,2026,151,"API"
30066,11,2026,199,"API"
30067,11,2026,165,"API"
30068,11,2026,100,"API"
30097,11,2026,67,"API"
30101,11,2026,104,"API"
30105,11,2026,106,"API"
30109,11,2026,69,"API"
30150,11,2026,13,"API"
30151,11,2026,12,"API"
30153,11,2026,28,"API"
30154,11,2026,32,"API"
30157,11,2026,38,"API"
30158,11,2026,43,"API"
30160,11,2026,24,"API"
30161,11,2026,43,"API"
30286,11,2026,148,"API"
30287,11,2026,207,"API"
30288,11,2026,186,"API"
30289,11,2026,110,"API"
30290,11,2026,179,"API"
30291,11,2026,170,"API"
30745,11,2026,39,"API"
30746,11,2026,67,"API"
30747,11,2026,58,"API"
30748,11,2026,31,"API"
30749,11,2026,21,"API"
30750,11,2026,37,"API"
30751,11,2026,38,"API"
30752,11,2026,25,"API"
30893,11,2026,76,"API"
30894,11,2026,83,"API"
30895,11,2026,73,"API"
30896,11,2026,53,"API"
30897,11,2026,26,"API"
30898,11,2026,36,"API"
30899,11,2026,31,"API"
30900,11,2026,25,"API"
30901,11,2026,105,"API"
30902,11,2026,120,"API"
30903,11,2026,103,"API"
30904,11,2026,65,"API"
30905,11,2026,46,"API"
30906,11,2026,53,"API"
30907,11,2026,70,"API"
30908,11,2026,54,"API"
30909,11,2026,31,"API"
30910,11,2026,21,"API"
30945,11,2026,29,"API"
30946,11,2026,39,"API"
30947,11,2026,34,"API"
30948,11,2026,16,"API"
30949,11,2026,16,"API"
31047,11,2026,27,"AJUSTE_60_BRANCO_PERMANENTE_NOV_2026"
31049,11,2026,42,"API"
31050,11,2026,136,"API"
31068,11,2026,190,"API"
31069,11,2026,69,"API"
31070,11,2026,119,"API"
31072,11,2026,112,"API"
31073,11,2026,30,"AJUSTE_60_BRANCO_PERMANENTE_NOV_2026"
31074,11,2026,42,"AJUSTE_60_BRANCO_PERMANENTE_NOV_2026"
31075,11,2026,38,"AJUSTE_60_BRANCO_PERMANENTE_NOV_2026"
31076,11,2026,25,"AJUSTE_60_BRANCO_PERMANENTE_NOV_2026"
31097,11,2026,12,"AJUSTE_60_BRANCO_PERMANENTE_NOV_2026"
31101,11,2026,40,"API"
31108,11,2026,93,"API"
31109,11,2026,66,"API"
31110,11,2026,97,"API"
31111,11,2026,87,"API"
31112,11,2026,44,"API"
31351,11,2026,140,"API"
31353,11,2026,96,"API"
31359,11,2026,51,"API"
31361,11,2026,135,"API"
31368,11,2026,20,"API"
31370,11,2026,14,"API"
31375,11,2026,54,"API"
31376,11,2026,25,"API"
31378,11,2026,15,"API"
31379,11,2026,61,"API"
31380,11,2026,136,"API"
31381,11,2026,87,"API"
31382,11,2026,61,"API"
31383,11,2026,36,"API"
31387,11,2026,27,"API"
31389,11,2026,95,"API"
31396,11,2026,69,"API"
31398,11,2026,26,"API"
31943,11,2026,20,"API"
31944,11,2026,24,"API"
31945,11,2026,19,"API"
31946,11,2026,12,"API"
32056,11,2026,16,"API"
32057,11,2026,60,"API"
32058,11,2026,67,"API"
32059,11,2026,48,"API"
32076,11,2026,19,"API"
32077,11,2026,62,"API"
32078,11,2026,73,"API"
32079,11,2026,59,"API"
32164,11,2026,56,"API"
32165,11,2026,50,"API"
32166,11,2026,43,"API"
32170,11,2026,36,"API"
32171,11,2026,30,"API"
32172,11,2026,23,"API"
32200,11,2026,46,"API"
32201,11,2026,42,"API"
32202,11,2026,30,"API"
32203,11,2026,17,"API"
32212,11,2026,63,"API"
32213,11,2026,52,"API"
32214,11,2026,40,"API"
32302,11,2026,25,"AJUSTE_60_BRANCO_PERMANENTE_NOV_2026"
32303,11,2026,54,"AJUSTE_60_BRANCO_PERMANENTE_NOV_2026"
32304,11,2026,46,"AJUSTE_60_BRANCO_PERMANENTE_NOV_2026"
32305,11,2026,22,"AJUSTE_60_BRANCO_PERMANENTE_NOV_2026"
32306,11,2026,113,"API"
32307,11,2026,246,"API"
32308,11,2026,214,"API"
32309,11,2026,117,"API"
32310,11,2026,77,"API"
32311,11,2026,186,"API"
32312,11,2026,153,"API"
32313,11,2026,69,"API"
32314,11,2026,84,"API"
32315,11,2026,186,"API"
32316,11,2026,161,"API"
32317,11,2026,80,"API"
32318,11,2026,117,"API"
32319,11,2026,260,"API"
32320,11,2026,222,"API"
32321,11,2026,112,"API"
32344,11,2026,31,"API"
32345,11,2026,52,"API"
32346,11,2026,47,"API"
32347,11,2026,32,"API"
32353,11,2026,17,"API"
32354,11,2026,30,"API"
32355,11,2026,31,"API"
32356,11,2026,23,"API"
32565,11,2026,145,"API"
32566,11,2026,373,"API"
32567,11,2026,424,"API"
32568,11,2026,331,"API"
32569,11,2026,233,"API"
32575,11,2026,94,"API"
32576,11,2026,253,"API"
32577,11,2026,295,"API"
32578,11,2026,221,"API"
32579,11,2026,154,"API"
32580,11,2026,234,"API"
32581,11,2026,564,"API"
32582,11,2026,694,"API"
32583,11,2026,568,"API"
32584,11,2026,379,"API"
32585,11,2026,27,"AJUSTE_60_BRANCO_PERMANENTE_NOV_2026"
32586,11,2026,57,"AJUSTE_60_BRANCO_PERMANENTE_NOV_2026"
32587,11,2026,64,"AJUSTE_60_BRANCO_PERMANENTE_NOV_2026"
32588,11,2026,50,"AJUSTE_60_BRANCO_PERMANENTE_NOV_2026"
32589,11,2026,29,"AJUSTE_60_BRANCO_PERMANENTE_NOV_2026"
32595,11,2026,58,"API"
32596,11,2026,138,"API"
32597,11,2026,152,"API"
32598,11,2026,138,"API"
32599,11,2026,99,"API"
32798,11,2026,20,"API"
32799,11,2026,20,"API"
32800,11,2026,12,"API"
32801,11,2026,7,"API"
32802,11,2026,6,"API"
32803,11,2026,25,"API"
32804,11,2026,31,"API"
32805,11,2026,18,"API"
32806,11,2026,18,"API"
32807,11,2026,12,"API"
32808,11,2026,30,"API"
32809,11,2026,17,"API"
32810,11,2026,11,"API"
32812,11,2026,50,"API"
32813,11,2026,29,"API"
32814,11,2026,23,"API"
32893,11,2026,22,"API"
32894,11,2026,44,"API"
32895,11,2026,37,"API"
32896,11,2026,18,"API"
32897,11,2026,28,"API"
32898,11,2026,47,"API"
32899,11,2026,45,"API"
32900,11,2026,23,"API"
32901,11,2026,122,"API"
32902,11,2026,229,"API"
32903,11,2026,207,"API"
32904,11,2026,118,"API"
32905,11,2026,97,"API"
32906,11,2026,182,"API"
32907,11,2026,167,"API"
32908,11,2026,94,"API"
32918,11,2026,18,"API"
32919,11,2026,16,"API"
32920,11,2026,13,"API"
32921,11,2026,13,"API"
32922,11,2026,12,"API"
32923,11,2026,12,"API"
32924,11,2026,8,"API"
32925,11,2026,9,"API"
32952,11,2026,50,"API"
32953,11,2026,40,"API"
32954,11,2026,34,"API"
33102,11,2026,20,"API"
33103,11,2026,44,"API"
33104,11,2026,35,"API"
33105,11,2026,23,"API"
33114,11,2026,24,"API"
33115,11,2026,35,"API"
33116,11,2026,29,"API"
33117,11,2026,24,"API"
33156,11,2026,23,"API"
33157,11,2026,49,"API"
33158,11,2026,36,"API"
33159,11,2026,18,"API"
33215,11,2026,23,"API"
33216,11,2026,92,"API"
33217,11,2026,87,"API"
33218,11,2026,75,"API"
33227,11,2026,36,"API"
33228,11,2026,47,"API"
33229,11,2026,38,"API"
33230,11,2026,21,"API"
33534,11,2026,37,"API"
33535,11,2026,25,"API"
33538,11,2026,74,"API"
33539,11,2026,52,"API"
33574,11,2026,43,"API"
33575,11,2026,39,"API"
33576,11,2026,29,"API"
33577,11,2026,76,"API"
33578,11,2026,75,"API"
33579,11,2026,55,"API"
33628,11,2026,51,"API"
33629,11,2026,58,"API"
33630,11,2026,65,"API"
33631,11,2026,42,"API"
33632,11,2026,89,"API"
33633,11,2026,103,"API"
33634,11,2026,113,"API"
33635,11,2026,74,"API"
33719,11,2026,67,"API"
33720,11,2026,37,"API"
33724,11,2026,13,"API"
33725,11,2026,29,"API"
33726,11,2026,28,"API"
33727,11,2026,13,"API"
33728,11,2026,13,"API"
33729,11,2026,32,"API"
33730,11,2026,27,"API"
33731,11,2026,14,"API"
33740,11,2026,95,"API"
33741,11,2026,158,"API"
33742,11,2026,143,"API"
33743,11,2026,76,"API"
33930,11,2026,12,"API"
33931,11,2026,24,"API"
33932,11,2026,13,"API"
33933,11,2026,9,"API"
33934,11,2026,12,"API"
33935,11,2026,28,"API"
33936,11,2026,33,"API"
33937,11,2026,22,"API"
34023,11,2026,8,"API"
34024,11,2026,23,"API"
34025,11,2026,27,"API"
34026,11,2026,19,"API"
34027,11,2026,14,"API"
34028,11,2026,30,"API"
34029,11,2026,39,"API"
34030,11,2026,30,"API"
34031,11,2026,48,"API"
34034,11,2026,32,"API"
34036,11,2026,10,"AJUSTE_60_BRANCO_PERMANENTE_NOV_2026"
34037,11,2026,13,"AJUSTE_60_BRANCO_PERMANENTE_NOV_2026"
34038,11,2026,12,"AJUSTE_60_BRANCO_PERMANENTE_NOV_2026"
34039,11,2026,6,"AJUSTE_60_BRANCO_PERMANENTE_NOV_2026"
34040,11,2026,15,"API"
34041,11,2026,27,"API"
34042,11,2026,25,"API"
34043,11,2026,18,"API"
34044,11,2026,17,"API"
34045,11,2026,26,"API"
34046,11,2026,19,"API"
34047,11,2026,13,"API"
34074,11,2026,9,"AJUSTE_60_BRANCO_PERMANENTE_NOV_2026"
34075,11,2026,15,"AJUSTE_60_BRANCO_PERMANENTE_NOV_2026"
34076,11,2026,14,"AJUSTE_60_BRANCO_PERMANENTE_NOV_2026"
34077,11,2026,7,"AJUSTE_60_BRANCO_PERMANENTE_NOV_2026"
34078,11,2026,28,"API"
34079,11,2026,41,"API"
34080,11,2026,36,"API"
34081,11,2026,24,"API"
34082,11,2026,17,"API"
34083,11,2026,24,"API"
34084,11,2026,23,"API"
34085,11,2026,16,"API"
34124,11,2026,23,"API"
34125,11,2026,33,"API"
34126,11,2026,32,"API"
34127,11,2026,21,"API"
34128,11,2026,10,"API"
34129,11,2026,20,"API"
34130,11,2026,18,"API"
34131,11,2026,11,"API"
34132,11,2026,6,"API"
34133,11,2026,17,"API"
34134,11,2026,17,"API"
34135,11,2026,9,"API"
34136,11,2026,18,"API"
34137,11,2026,28,"API"
34138,11,2026,26,"API"
34139,11,2026,21,"API"
34140,11,2026,31,"API"
34141,11,2026,39,"API"
34142,11,2026,39,"API"
34143,11,2026,29,"API"
34144,11,2026,41,"API"
34145,11,2026,30,"API"
34146,11,2026,28,"API"
34147,11,2026,228,"API"
34148,11,2026,186,"API"
34149,11,2026,64,"API"
34150,11,2026,55,"API"
34159,11,2026,35,"API"
34160,11,2026,32,"API"
34161,11,2026,28,"API"
34162,11,2026,22,"API"
34163,11,2026,45,"API"
34164,11,2026,36,"API"
34165,11,2026,28,"API"
34166,11,2026,20,"API"
34167,11,2026,23,"API"
34168,11,2026,22,"API"
34169,11,2026,12,"API"
34170,11,2026,11,"API"
34171,11,2026,91,"API"
34172,11,2026,78,"API"
34173,11,2026,65,"API"
34174,11,2026,41,"API"
34205,11,2026,42,"API"
34206,11,2026,56,"API"
34207,11,2026,54,"API"
34208,11,2026,28,"API"
34209,11,2026,25,"API"
34210,11,2026,54,"API"
34211,11,2026,41,"API"
34212,11,2026,19,"API"
34213,11,2026,24,"API"
34214,11,2026,85,"API"
34215,11,2026,76,"API"
34216,11,2026,74,"API"
34280,11,2026,178,"API"
34281,11,2026,408,"API"
34282,11,2026,296,"API"
34283,11,2026,106,"API"
34284,11,2026,157,"API"
34285,11,2026,248,"API"
34286,11,2026,164,"API"
34287,11,2026,15,"API"
34337,11,2026,32,"API"
34338,11,2026,81,"API"
34339,11,2026,81,"API"
34340,11,2026,62,"API"
34341,11,2026,35,"API"
34343,11,2026,42,"API"
34397,11,2026,49,"API"
34398,11,2026,51,"API"
34399,11,2026,56,"API"
34400,11,2026,39,"API"
34402,11,2026,21,"API"
34403,11,2026,28,"API"
34404,11,2026,29,"API"
34405,11,2026,27,"API"
34407,11,2026,21,"API"
34408,11,2026,22,"API"
34409,11,2026,24,"API"
34410,11,2026,22,"API"
34412,11,2026,67,"API"
34413,11,2026,68,"API"
34414,11,2026,55,"API"
34415,11,2026,39,"API"
34416,11,2026,29,"API"
34417,11,2026,24,"API"
34418,11,2026,29,"API"
34419,11,2026,24,"API"
34420,11,2026,16,"API"
34421,11,2026,11,"API"
34422,11,2026,26,"API"
34423,11,2026,23,"API"
34424,11,2026,23,"API"
34425,11,2026,19,"API"
34426,11,2026,11,"API"
34427,11,2026,7,"API"
34428,11,2026,9,"API"
34429,11,2026,18,"API"
34430,11,2026,18,"API"
34431,11,2026,26,"API"
34432,11,2026,21,"API"
34433,11,2026,25,"API"
34441,11,2026,36,"API"
34442,11,2026,48,"API"
34443,11,2026,41,"API"
34444,11,2026,54,"API"
34445,11,2026,69,"API"
34446,11,2026,52,"API"
34450,11,2026,23,"API"
34451,11,2026,12,"API"
34459,11,2026,27,"API"
34460,11,2026,44,"API"
34461,11,2026,39,"API"
34462,11,2026,26,"API"
34463,11,2026,15,"API"
34464,11,2026,31,"API"
34465,11,2026,30,"API"
34466,11,2026,15,"API"
34467,11,2026,8,"AJUSTE_60_BRANCO_PERMANENTE_NOV_2026"
34468,11,2026,16,"AJUSTE_60_BRANCO_PERMANENTE_NOV_2026"
34469,11,2026,14,"AJUSTE_60_BRANCO_PERMANENTE_NOV_2026"
34470,11,2026,10,"AJUSTE_60_BRANCO_PERMANENTE_NOV_2026"
34691,11,2026,19,"API"
34692,11,2026,17,"API"
34693,11,2026,10,"API"
34699,11,2026,10,"API"
34700,11,2026,22,"API"
34701,11,2026,19,"API"
34702,11,2026,14,"API"
34703,11,2026,8,"API"
34705,11,2026,15,"API"
34706,11,2026,15,"API"
34707,11,2026,12,"API"
34710,11,2026,27,"API"
34711,11,2026,29,"API"
34712,11,2026,21,"API"
34723,11,2026,30,"API"
34724,11,2026,32,"API"
34725,11,2026,25,"API"
34734,11,2026,11,"API"
34735,11,2026,18,"API"
34736,11,2026,32,"API"
34737,11,2026,46,"API"
34738,11,2026,48,"API"
34739,11,2026,51,"API"
34740,11,2026,44,"API"
34773,11,2026,90,"API"
34774,11,2026,131,"API"
34775,11,2026,88,"API"
34776,11,2026,55,"API"
34777,11,2026,79,"API"
34778,11,2026,49,"API"
34782,11,2026,75,"API"
34783,11,2026,108,"API"
34784,11,2026,73,"API"
34810,11,2026,57,"API"
34811,11,2026,72,"API"
34812,11,2026,51,"API"
34813,11,2026,10,"AJUSTE_60_BRANCO_PERMANENTE_NOV_2026"
34814,11,2026,13,"AJUSTE_60_BRANCO_PERMANENTE_NOV_2026"
34815,11,2026,9,"AJUSTE_60_BRANCO_PERMANENTE_NOV_2026"
34819,11,2026,19,"API"
34820,11,2026,24,"API"
34821,11,2026,17,"API"
34828,11,2026,33,"API"
34829,11,2026,49,"API"
34830,11,2026,40,"API"
34831,11,2026,21,"API"
34832,11,2026,10,"AJUSTE_60_BRANCO_PERMANENTE_NOV_2026"
34833,11,2026,12,"AJUSTE_60_BRANCO_PERMANENTE_NOV_2026"
34834,11,2026,9,"AJUSTE_60_BRANCO_PERMANENTE_NOV_2026"
34835,11,2026,5,"AJUSTE_60_BRANCO_PERMANENTE_NOV_2026"
34840,11,2026,22,"API"
34841,11,2026,34,"API"
34842,11,2026,22,"API"
34843,11,2026,13,"API"
35019,11,2026,13,"AJUSTE_60_BRANCO_PERMANENTE_NOV_2026"
35020,11,2026,17,"AJUSTE_60_BRANCO_PERMANENTE_NOV_2026"
35021,11,2026,12,"AJUSTE_60_BRANCO_PERMANENTE_NOV_2026"
35022,11,2026,37,"API"
35023,11,2026,45,"API"
35024,11,2026,34,"API"
35028,11,2026,26,"API"
35029,11,2026,34,"API"
35030,11,2026,24,"API"
35204,11,2026,90,"API"
35205,11,2026,128,"API"
35206,11,2026,80,"API"
35208,11,2026,134,"API"
35209,11,2026,158,"API"
35210,11,2026,99,"API"
35212,11,2026,89,"API"
35213,11,2026,135,"API"
35214,11,2026,79,"API"
35215,11,2026,26,"API"
35220,11,2026,122,"API"
35221,11,2026,213,"API"
35222,11,2026,133,"API"
35223,11,2026,44,"API"
35224,11,2026,153,"API"
35225,11,2026,254,"API"
35226,11,2026,176,"API"
35227,11,2026,68,"API"
35228,11,2026,116,"API"
35229,11,2026,194,"API"
35230,11,2026,126,"API"
35231,11,2026,48,"API"
35232,11,2026,23,"API"
35233,11,2026,36,"API"
35234,11,2026,29,"API"
35235,11,2026,13,"API"
35236,11,2026,33,"API"
35237,11,2026,55,"API"
35238,11,2026,49,"API"
35239,11,2026,25,"API"
35244,11,2026,62,"API"
35245,11,2026,110,"API"
35246,11,2026,104,"API"
35247,11,2026,69,"API"
35252,11,2026,32,"API"
35253,11,2026,81,"API"
35254,11,2026,92,"API"
35255,11,2026,73,"API"
35256,11,2026,39,"API"
35257,11,2026,96,"API"
35258,11,2026,126,"API"
35259,11,2026,92,"API"
35260,11,2026,27,"API"
35261,11,2026,69,"API"
35262,11,2026,86,"API"
35263,11,2026,62,"API"
35268,11,2026,50,"API"
35269,11,2026,130,"API"
35270,11,2026,155,"API"
35271,11,2026,123,"API"
35272,11,2026,41,"API"
35273,11,2026,95,"API"
35274,11,2026,112,"API"
35275,11,2026,88,"API"
35276,11,2026,40,"API"
35277,11,2026,92,"API"
35278,11,2026,97,"API"
35279,11,2026,72,"API"
35285,11,2026,57,"API"
35286,11,2026,117,"API"
35287,11,2026,123,"API"
35288,11,2026,70,"API"
35290,11,2026,87,"API"
35291,11,2026,145,"API"
35292,11,2026,151,"API"
35293,11,2026,97,"API"
35295,11,2026,60,"API"
35296,11,2026,117,"API"
35297,11,2026,110,"API"
35298,11,2026,67,"API"
35305,11,2026,62,"API"
35306,11,2026,124,"API"
35307,11,2026,147,"API"
35308,11,2026,129,"API"
35309,11,2026,84,"API"
35310,11,2026,24,"API"
35311,11,2026,53,"API"
35312,11,2026,68,"API"
35313,11,2026,58,"API"
35314,11,2026,39,"API"
35315,11,2026,29,"API"
35316,11,2026,61,"API"
35317,11,2026,72,"API"
35318,11,2026,63,"API"
35319,11,2026,44,"API"
35324,11,2026,107,"API"
35325,11,2026,182,"API"
35326,11,2026,111,"API"
35327,11,2026,49,"API"
35328,11,2026,137,"API"
35329,11,2026,228,"API"
35330,11,2026,164,"API"
35331,11,2026,68,"API"
35332,11,2026,111,"API"
35333,11,2026,207,"API"
35334,11,2026,118,"API"
35335,11,2026,33,"API"
35336,11,2026,75,"API"
35337,11,2026,282,"API"
35338,11,2026,290,"API"
35339,11,2026,182,"API"
35340,11,2026,124,"API"
35341,11,2026,378,"API"
35342,11,2026,394,"API"
35343,11,2026,272,"API"
35348,11,2026,137,"API"
35349,11,2026,446,"API"
35350,11,2026,420,"API"
35351,11,2026,260,"API"
35352,11,2026,87,"API"
35353,11,2026,215,"API"
35354,11,2026,179,"API"
35355,11,2026,103,"API"
35356,11,2026,59,"API"
35357,11,2026,158,"API"
35358,11,2026,144,"API"
35359,11,2026,86,"API"
35360,11,2026,109,"API"
35361,11,2026,227,"API"
35362,11,2026,229,"API"
35363,11,2026,137,"API"
35368,11,2026,59,"API"
35369,11,2026,117,"API"
35370,11,2026,79,"API"
35371,11,2026,35,"API"
35376,11,2026,94,"API"
35377,11,2026,155,"API"
35378,11,2026,105,"API"
35379,11,2026,32,"API"
35380,11,2026,77,"API"
35381,11,2026,133,"API"
35382,11,2026,78,"API"
35383,11,2026,26,"API"
35384,11,2026,46,"API"
35385,11,2026,118,"API"
35386,11,2026,96,"API"
35387,11,2026,50,"API"
35392,11,2026,85,"API"
35393,11,2026,185,"API"
35394,11,2026,153,"API"
35395,11,2026,75,"API"
35396,11,2026,76,"API"
35397,11,2026,165,"API"
35398,11,2026,133,"API"
35399,11,2026,57,"API"
35428,11,2026,39,"API"
35429,11,2026,72,"API"
35430,11,2026,46,"API"
35431,11,2026,16,"API"
35436,11,2026,61,"API"
35437,11,2026,113,"API"
35438,11,2026,81,"API"
35439,11,2026,32,"API"
35440,11,2026,50,"API"
35441,11,2026,118,"API"
35442,11,2026,99,"API"
35443,11,2026,47,"API"
35471,11,2026,9,"API"
35472,11,2026,12,"API"
35473,11,2026,7,"API"
35476,11,2026,12,"API"
35477,11,2026,18,"API"
35478,11,2026,8,"API"
35481,11,2026,11,"API"
35482,11,2026,14,"API"
35486,11,2026,10,"API"
35504,11,2026,13,"API"
35505,11,2026,11,"API"
35508,11,2026,17,"API"
35509,11,2026,16,"API"
35510,11,2026,4,"API"
35512,11,2026,16,"API"
35513,11,2026,11,"API"
35515,11,2026,7,"API"
35531,11,2026,8,"API"
35532,11,2026,12,"API"
35535,11,2026,15,"API"
35536,11,2026,20,"API"
35538,11,2026,14,"API"
35539,11,2026,14,"API"
35770,11,2026,60,"API"
35771,11,2026,86,"API"
35772,11,2026,69,"API"
35774,11,2026,40,"API"
35775,11,2026,54,"API"
35776,11,2026,49,"API"
35834,11,2026,48,"API"
35835,11,2026,70,"API"
35836,11,2026,64,"API"
35837,11,2026,42,"API"
35838,11,2026,18,"API"
35839,11,2026,31,"API"
35840,11,2026,27,"API"
35841,11,2026,16,"API"
36033,11,2026,29,"API"
36034,11,2026,47,"API"
36035,11,2026,41,"API"
36036,11,2026,21,"API"
36037,11,2026,19,"API"
36038,11,2026,34,"API"
36039,11,2026,33,"API"
36040,11,2026,20,"API"
36065,11,2026,10,"API"
36066,11,2026,40,"API"
36067,11,2026,42,"API"
36068,11,2026,19,"API"
36085,11,2026,20,"API"
36086,11,2026,26,"API"
36087,11,2026,15,"API"
36129,11,2026,32,"API"
36130,11,2026,38,"API"
36131,11,2026,30,"API"
36132,11,2026,21,"API"
36141,11,2026,43,"API"
36142,11,2026,54,"API"
36143,11,2026,46,"API"
36144,11,2026,32,"API"
36587,11,2026,24,"API"
36588,11,2026,31,"API"
36589,11,2026,21,"API"
36590,11,2026,9,"API"
36595,11,2026,13,"API"
36596,11,2026,7,"API"
36597,11,2026,24,"API"
36598,11,2026,14,"API"
36599,11,2026,30,"API"
36600,11,2026,15,"API"
36601,11,2026,26,"API"
36602,11,2026,16,"API"
36603,11,2026,11,"API"
36604,11,2026,9,"API"
36605,11,2026,4,"API"
36606,11,2026,16,"API"
36607,11,2026,9,"API"
36608,11,2026,19,"API"
36609,11,2026,13,"API"
36610,11,2026,13,"API"
36611,11,2026,8,"API"
36612,11,2026,6,"API"
36613,11,2026,11,"API"
36614,11,2026,7,"API"
36615,11,2026,27,"API"
36616,11,2026,21,"API"
36617,11,2026,31,"API"
36618,11,2026,23,"API"
36619,11,2026,25,"API"
36620,11,2026,12,"API"
36621,11,2026,12,"API"
36622,11,2026,8,"API"
36623,11,2026,5,"API"
36624,11,2026,11,"API"
36625,11,2026,9,"API"
36626,11,2026,12,"API"
36627,11,2026,11,"API"
36628,11,2026,9,"API"
36629,11,2026,6,"API"
36630,11,2026,7,"API"
36632,11,2026,6,"API"
36633,11,2026,18,"API"
36634,11,2026,9,"API"
36635,11,2026,22,"API"
36636,11,2026,10,"API"
36637,11,2026,18,"API"
36638,11,2026,8,"API"
36639,11,2026,9,"API"
36640,11,2026,21,"API"
36641,11,2026,5,"API"
36642,11,2026,17,"API"
36643,11,2026,14,"API"
36644,11,2026,16,"API"
36645,11,2026,6,"API"
36655,11,2026,20,"API"
36656,11,2026,21,"API"
36659,11,2026,26,"API"
36660,11,2026,26,"API"
36662,11,2026,19,"API"
36663,11,2026,23,"API"
36673,11,2026,20,"API"
36674,11,2026,30,"API"
36675,11,2026,21,"API"
36676,11,2026,9,"API"
36704,11,2026,9,"AJUSTE_60_BRANCO_PERMANENTE_NOV_2026"
36705,11,2026,15,"AJUSTE_60_BRANCO_PERMANENTE_NOV_2026"
36706,11,2026,13,"AJUSTE_60_BRANCO_PERMANENTE_NOV_2026"
36707,11,2026,4,"AJUSTE_60_BRANCO_PERMANENTE_NOV_2026"
36716,11,2026,16,"API"
36717,11,2026,39,"API"
36718,11,2026,32,"API"
36719,11,2026,9,"API"
36724,11,2026,6,"API"
36725,11,2026,10,"API"
36726,11,2026,7,"API"
36728,11,2026,3,"API"
36730,11,2026,12,"API"
36731,11,2026,14,"API"
36732,11,2026,10,"API"
36734,11,2026,17,"API"
36735,11,2026,22,"API"
36736,11,2026,8,"API"
36738,11,2026,13,"API"
36739,11,2026,19,"API"
36740,11,2026,6,"API"
36741,11,2026,12,"API"
36764,11,2026,25,"API"
36767,11,2026,7,"API"
36768,11,2026,8,"API"
36769,11,2026,12,"API"
36779,11,2026,2,"API"
36846,11,2026,40,"API"
36847,11,2026,69,"API"
36848,11,2026,59,"API"
36849,11,2026,36,"API"
36854,11,2026,33,"API"
36855,11,2026,56,"API"
36856,11,2026,48,"API"
36857,11,2026,30,"API"
36862,11,2026,46,"API"
36863,11,2026,33,"API"
36864,11,2026,28,"API"
36865,11,2026,38,"API"
36866,11,2026,27,"API"
36867,11,2026,23,"API"
36871,11,2026,19,"API"
36872,11,2026,38,"API"
36873,11,2026,44,"API"
36874,11,2026,34,"API"
36879,11,2026,16,"API"
36880,11,2026,31,"API"
36881,11,2026,36,"API"
36882,11,2026,28,"API"
36890,11,2026,22,"API"
36891,11,2026,47,"API"
36892,11,2026,50,"API"
36893,11,2026,38,"API"
36905,11,2026,18,"API"
36906,11,2026,38,"API"
36907,11,2026,41,"API"
36908,11,2026,31,"API"
36922,11,2026,36,"API"
36923,11,2026,28,"API"
36924,11,2026,24,"API"
36946,11,2026,12,"API"
36947,11,2026,15,"API"
36948,11,2026,11,"API"
36949,11,2026,7,"API"
36953,11,2026,42,"API"
36954,11,2026,67,"API"
36955,11,2026,54,"API"
36956,11,2026,28,"API"
36957,11,2026,45,"API"
36958,11,2026,36,"API"
36971,11,2026,24,"API"
36972,11,2026,28,"API"
36973,11,2026,22,"API"
36974,11,2026,14,"API"
36975,11,2026,16,"API"
36976,11,2026,19,"API"
36977,11,2026,15,"API"
36978,11,2026,9,"API"
36987,11,2026,72,"API"
36988,11,2026,122,"API"
36989,11,2026,107,"API"
36993,11,2026,59,"API"
36994,11,2026,100,"API"
36995,11,2026,88,"API"
36997,11,2026,8,"API"
36998,11,2026,16,"API"
36999,11,2026,19,"API"
37000,11,2026,14,"API"
37001,11,2026,12,"API"
37002,11,2026,24,"API"
37003,11,2026,28,"API"
37004,11,2026,21,"API"
37009,11,2026,51,"API"
37010,11,2026,54,"API"
37011,11,2026,41,"API"
37012,11,2026,20,"API"
37013,11,2026,24,"API"
37014,11,2026,48,"API"
37015,11,2026,56,"API"
37016,11,2026,43,"API"
37021,11,2026,57,"API"
37022,11,2026,93,"API"
37023,11,2026,84,"API"
37024,11,2026,48,"API"
37025,11,2026,21,"API"
37026,11,2026,62,"API"
37027,11,2026,101,"API"
37028,11,2026,91,"API"
37029,11,2026,52,"API"
37030,11,2026,23,"API"
37031,11,2026,27,"API"
37032,11,2026,41,"API"
37033,11,2026,32,"API"
37034,11,2026,29,"API"
37035,11,2026,44,"API"
37036,11,2026,35,"API"
37039,11,2026,51,"API"
37040,11,2026,61,"API"
37041,11,2026,48,"API"
37042,11,2026,30,"API"
37043,11,2026,47,"API"
37044,11,2026,56,"API"
37045,11,2026,44,"API"
37046,11,2026,28,"API"
37051,11,2026,175,"API"
37052,11,2026,57,"API"
37053,11,2026,91,"API"
37054,11,2026,73,"API"
37055,11,2026,36,"API"
37056,11,2026,57,"API"
37057,11,2026,91,"API"
37058,11,2026,73,"API"
37059,11,2026,36,"API"
37064,11,2026,34,"API"
37065,11,2026,50,"API"
37066,11,2026,34,"API"
37067,11,2026,24,"API"
37068,11,2026,34,"API"
37069,11,2026,50,"API"
37070,11,2026,34,"API"
37071,11,2026,24,"API"
37076,11,2026,16,"API"
37077,11,2026,34,"API"
37078,11,2026,36,"API"
37079,11,2026,27,"API"
37088,11,2026,33,"API"
37089,11,2026,56,"API"
37090,11,2026,44,"API"
37091,11,2026,23,"API"
37096,11,2026,90,"API"
37097,11,2026,137,"API"
37098,11,2026,109,"API"
37099,11,2026,55,"API"
37117,11,2026,63,"API"
37118,11,2026,96,"API"
37119,11,2026,76,"API"
37120,11,2026,63,"API"
37121,11,2026,96,"API"
37122,11,2026,76,"API"
37141,11,2026,5,"API"
37142,11,2026,7,"API"
37143,11,2026,7,"API"
37144,11,2026,2,"API"
37145,11,2026,6,"API"
37146,11,2026,11,"API"
37147,11,2026,11,"API"
37148,11,2026,6,"API"
37153,11,2026,23,"API"
37154,11,2026,37,"API"
37155,11,2026,33,"API"
37156,11,2026,15,"API"
37157,11,2026,4,"API"
37158,11,2026,4,"API"
37159,11,2026,5,"API"
37160,11,2026,1,"API"
37161,11,2026,23,"API"
37162,11,2026,37,"API"
37163,11,2026,33,"API"
37164,11,2026,15,"API"
37165,11,2026,23,"API"
37166,11,2026,39,"API"
37167,11,2026,33,"API"
37168,11,2026,19,"API"
37169,11,2026,15,"API"
37170,11,2026,26,"API"
37171,11,2026,22,"API"
37172,11,2026,13,"API"
37173,11,2026,25,"API"
37174,11,2026,41,"API"
37175,11,2026,28,"API"
37176,11,2026,21,"API"
37177,11,2026,33,"API"
37178,11,2026,23,"API"
37183,11,2026,9,"API"
37184,11,2026,14,"API"
37185,11,2026,12,"API"
37186,11,2026,7,"API"
37187,11,2026,22,"API"
37188,11,2026,34,"API"
37189,11,2026,28,"API"
37190,11,2026,16,"API"
37346,11,2026,46,"API"
37347,11,2026,109,"API"
37348,11,2026,65,"API"
37349,11,2026,24,"API"
37350,11,2026,50,"API"
37351,11,2026,118,"API"
37352,11,2026,71,"API"
37353,11,2026,26,"API"
37362,11,2026,94,"API"
37363,11,2026,145,"API"
37364,11,2026,113,"API"
37368,11,2026,151,"API"
37369,11,2026,257,"API"
37370,11,2026,227,"API"
37371,11,2026,211,"API"
37372,11,2026,359,"API"
37373,11,2026,317,"API"
37374,11,2026,18,"API"
37375,11,2026,17,"API"
37376,11,2026,13,"API"
37378,11,2026,17,"API"
37379,11,2026,15,"API"
37380,11,2026,12,"API"
37394,11,2026,22,"API"
37395,11,2026,44,"API"
37396,11,2026,52,"API"
37397,11,2026,39,"API"
37400,11,2026,24,"API"
37401,11,2026,47,"API"
37402,11,2026,56,"API"
37403,11,2026,42,"API"
37406,11,2026,54,"API"
37407,11,2026,84,"API"
37408,11,2026,65,"API"
37409,11,2026,23,"API"
37410,11,2026,66,"API"
37411,11,2026,102,"API"
37412,11,2026,80,"API"
37413,11,2026,28,"API"
37417,11,2026,16,"API"
37418,11,2026,17,"API"
37419,11,2026,13,"API"
37420,11,2026,9,"API"
37427,11,2026,25,"API"
37428,11,2026,42,"API"
37429,11,2026,37,"API"
37430,11,2026,20,"API"
37440,11,2026,35,"API"
37441,11,2026,25,"API"
37442,11,2026,17,"API"
37454,11,2026,52,"API"
37455,11,2026,89,"API"
37456,11,2026,78,"API"
37457,11,2026,52,"API"
37458,11,2026,89,"API"
37459,11,2026,78,"API"
37464,11,2026,12,"API"
37465,11,2026,13,"API"
37466,11,2026,10,"API"
37467,11,2026,7,"API"
37483,11,2026,34,"API"
37484,11,2026,40,"API"
37485,11,2026,32,"API"
37486,11,2026,20,"API"
37487,11,2026,28,"API"
37488,11,2026,33,"API"
37489,11,2026,26,"API"
37490,11,2026,17,"API"
37491,11,2026,34,"API"
37492,11,2026,39,"API"
37493,11,2026,29,"API"
37494,11,2026,15,"API"
37495,11,2026,28,"API"
37496,11,2026,32,"API"
37497,11,2026,24,"API"
37498,11,2026,12,"API"
37499,11,2026,15,"API"
37500,11,2026,15,"API"
37501,11,2026,12,"API"
37502,11,2026,9,"API"
37507,11,2026,12,"API"
37508,11,2026,12,"API"
37509,11,2026,10,"API"
37510,11,2026,7,"API"
37511,11,2026,29,"API"
37512,11,2026,50,"API"
37513,11,2026,42,"API"
37514,11,2026,23,"API"
37519,11,2026,23,"API"
37520,11,2026,41,"API"
37521,11,2026,34,"API"
37522,11,2026,19,"API"
37544,11,2026,30,"API"
37545,11,2026,21,"API"
37546,11,2026,15,"API"
37551,11,2026,16,"API"
37552,11,2026,43,"API"
37553,11,2026,43,"API"
37555,11,2026,7,"API"
37556,11,2026,18,"API"
37557,11,2026,18,"API"
37570,11,2026,46,"API"
37571,11,2026,53,"API"
37572,11,2026,44,"API"
37573,11,2026,27,"API"
37574,11,2026,37,"API"
37575,11,2026,43,"API"
37576,11,2026,36,"API"
37577,11,2026,22,"API"
37590,11,2026,38,"API"
37591,11,2026,44,"API"
37592,11,2026,37,"API"
37593,11,2026,23,"API"
37598,11,2026,49,"API"
37599,11,2026,42,"API"
37600,11,2026,49,"API"
37601,11,2026,42,"API"
37602,11,2026,6,"API"
37603,11,2026,6,"API"
37604,11,2026,5,"API"
37605,11,2026,2,"API"
37610,11,2026,35,"API"
37611,11,2026,48,"API"
37612,11,2026,31,"API"
37613,11,2026,20,"API"
37614,11,2026,32,"API"
37615,11,2026,44,"API"
37616,11,2026,28,"API"
37617,11,2026,18,"API"
37623,11,2026,35,"API"
37624,11,2026,40,"API"
37625,11,2026,33,"API"
37626,11,2026,21,"API"
37627,11,2026,42,"API"
37628,11,2026,49,"API"
37629,11,2026,41,"API"
37630,11,2026,25,"API"
37637,11,2026,18,"API"
37638,11,2026,26,"API"
37639,11,2026,16,"API"
37640,11,2026,11,"API"
37641,11,2026,18,"API"
37642,11,2026,26,"API"
37643,11,2026,16,"API"
37644,11,2026,11,"API"
37657,11,2026,35,"API"
37658,11,2026,42,"API"
37659,11,2026,34,"API"
37660,11,2026,21,"API"
37661,11,2026,22,"API"
37662,11,2026,25,"API"
37663,11,2026,19,"API"
37664,11,2026,10,"API"
37669,11,2026,22,"API"
37670,11,2026,25,"API"
37671,11,2026,19,"API"
37672,11,2026,10,"API"
37674,11,2026,16,"API"
37675,11,2026,34,"API"
37676,11,2026,36,"API"
37677,11,2026,27,"API"
37678,11,2026,25,"API"
37679,11,2026,42,"API"
37680,11,2026,37,"API"
37681,11,2026,20,"API"
37682,11,2026,38,"API"
37683,11,2026,44,"API"
37684,11,2026,37,"API"
37685,11,2026,23,"API"
37686,11,2026,42,"API"
37687,11,2026,42,"API"
37688,11,2026,12,"API"
37689,11,2026,13,"API"
37690,11,2026,10,"API"
37691,11,2026,7,"API"
37694,11,2026,35,"API"
37695,11,2026,25,"API"
37696,11,2026,17,"API"
37697,11,2026,35,"API"
37698,11,2026,42,"API"
37699,11,2026,34,"API"
37700,11,2026,21,"API"
37701,11,2026,20,"API"
37702,11,2026,31,"API"
37703,11,2026,28,"API"
37704,11,2026,14,"API"
37705,11,2026,20,"API"
37706,11,2026,31,"API"
37707,11,2026,28,"API"
37708,11,2026,14,"API"
37709,11,2026,28,"API"
37710,11,2026,38,"API"
37711,11,2026,28,"API"
37712,11,2026,28,"API"
37713,11,2026,38,"API"
37714,11,2026,28,"API"
37715,11,2026,27,"API"
37716,11,2026,39,"API"
37717,11,2026,29,"API"
37718,11,2026,27,"API"
37719,11,2026,39,"API"
37720,11,2026,29,"API"
37721,11,2026,45,"API"
37722,11,2026,57,"API"
37723,11,2026,41,"API"
37724,11,2026,29,"API"
37725,11,2026,45,"API"
37726,11,2026,57,"API"
37727,11,2026,41,"API"
37728,11,2026,29,"API"
37730,11,2026,8,"API"
37731,11,2026,14,"API"
37732,11,2026,12,"API"
37733,11,2026,8,"API"
37734,11,2026,14,"API"
37735,11,2026,12,"API"
37736,11,2026,35,"API"
37737,11,2026,79,"API"
37738,11,2026,90,"API"
37739,11,2026,65,"API"
37740,11,2026,35,"API"
37741,11,2026,79,"API"
37742,11,2026,90,"API"
37743,11,2026,65,"API"
37744,11,2026,24,"API"
37745,11,2026,44,"API"
37746,11,2026,44,"API"
37747,11,2026,34,"API"
37748,11,2026,24,"API"
37749,11,2026,44,"API"
37750,11,2026,44,"API"
37751,11,2026,34,"API"
37752,11,2026,92,"API"
37753,11,2026,165,"API"
37754,11,2026,128,"API"
37755,11,2026,73,"API"
37756,11,2026,92,"API"
37757,11,2026,165,"API"
37758,11,2026,128,"API"
37759,11,2026,73,"API"
37760,11,2026,38,"API"
37761,11,2026,52,"API"
37762,11,2026,41,"API"
37763,11,2026,21,"API"
37764,11,2026,38,"API"
37765,11,2026,52,"API"
37766,11,2026,41,"API"
37767,11,2026,21,"API"
37784,11,2026,16,"API"
37785,11,2026,32,"API"
37786,11,2026,38,"API"
37787,11,2026,28,"API"
37790,11,2026,22,"API"
37791,11,2026,38,"API"
37792,11,2026,29,"API"
37793,11,2026,16,"API"
37794,11,2026,39,"API"
37796,11,2026,63,"API"
37797,11,2026,96,"API"
37798,11,2026,76,"API"
37799,11,2026,26,"API"
37800,11,2026,34,"API"
37801,11,2026,36,"API"
37802,11,2026,27,"API"
37803,11,2026,13,"API"
37806,11,2026,60,"API"
37807,11,2026,91,"API"
37808,11,2026,73,"API"
37809,11,2026,36,"API"
37810,11,2026,11,"API"
37811,11,2026,11,"API"
37812,11,2026,9,"API"
37813,11,2026,6,"API"
37815,11,2026,20,"API"
37816,11,2026,14,"API"
37817,11,2026,10,"API"
37818,11,2026,18,"API"
37819,11,2026,27,"API"
37820,11,2026,29,"API"
37821,11,2026,12,"API"
37822,11,2026,16,"API"
37823,11,2026,28,"API"
37824,11,2026,22,"API"
37825,11,2026,13,"API"
37826,11,2026,17,"API"
37827,11,2026,29,"API"
37828,11,2026,23,"API"
37829,11,2026,14,"API"
37830,11,2026,16,"API"
37831,11,2026,28,"API"
37832,11,2026,22,"API"
37833,11,2026,13,"API"
37834,11,2026,26,"API"
37835,11,2026,26,"API"
37836,11,2026,26,"API"
37837,11,2026,22,"API"
37838,11,2026,12,"API"
37839,11,2026,11,"API"
37840,11,2026,121,"API"
37841,11,2026,169,"API"
37842,11,2026,121,"API"
37843,11,2026,205,"API"
37844,11,2026,181,"API"
37845,11,2026,97,"API"
37846,11,2026,121,"API"
37847,11,2026,205,"API"
37848,11,2026,181,"API"
37849,11,2026,97,"API"
37850,11,2026,142,"API"
37851,11,2026,95,"API"
37852,11,2026,21,"API"
37853,11,2026,36,"API"
37854,11,2026,31,"API"
37855,11,2026,19,"API"
37856,11,2026,27,"API"
37857,11,2026,45,"API"
37858,11,2026,39,"API"
37859,11,2026,24,"API"
37860,11,2026,37,"API"
37861,11,2026,63,"API"
37862,11,2026,54,"API"
37863,11,2026,34,"API"
37864,11,2026,21,"API"
37865,11,2026,36,"API"
37866,11,2026,31,"API"
37867,11,2026,19,"API"
37868,11,2026,57,"API"
37869,11,2026,47,"API"
37870,11,2026,17,"API"
37871,11,2026,17,"API"
37872,11,2026,16,"API"
37873,11,2026,12,"API"
37874,11,2026,8,"API"
37875,11,2026,15,"API"
37876,11,2026,17,"API"
37877,11,2026,14,"API"
37878,11,2026,10,"API"
37880,11,2026,22,"API"
37881,11,2026,30,"API"
37882,11,2026,22,"API"
37883,11,2026,16,"API"
37884,11,2026,15,"API"
37886,11,2026,10,"API"
37887,11,2026,9,"API"
37888,11,2026,7,"API"
37889,11,2026,5,"API"
37890,11,2026,23,"API"
37891,11,2026,15,"API"
37892,11,2026,15,"API"
37893,11,2026,26,"API"
37894,11,2026,24,"API"
37895,11,2026,19,"API"
37896,11,2026,29,"API"
37897,11,2026,19,"API"
37898,11,2026,17,"API"
37903,11,2026,26,"API"
37904,11,2026,17,"API"
37905,11,2026,13,"API"
37944,11,2026,13,"API"
37945,11,2026,16,"API"
37946,11,2026,17,"API"
37947,11,2026,12,"API"
37956,11,2026,16,"API"
37957,11,2026,24,"API"
37958,11,2026,22,"API"
37959,11,2026,12,"API"
37960,11,2026,23,"API"
37961,11,2026,31,"API"
37962,11,2026,26,"API"
37963,11,2026,16,"API"
37964,11,2026,15,"API"
37965,11,2026,25,"API"
37966,11,2026,15,"API"
37967,11,2026,7,"API"
37968,11,2026,29,"API"
37969,11,2026,42,"API"
37970,11,2026,37,"API"
37971,11,2026,24,"API"
37972,11,2026,23,"API"
37973,11,2026,43,"API"
37974,11,2026,36,"API"
37975,11,2026,20,"API"
37976,11,2026,13,"API"
37977,11,2026,26,"API"
37978,11,2026,44,"API"
37979,11,2026,37,"API"
37980,11,2026,22,"API"
37989,11,2026,46,"API"
37990,11,2026,68,"API"
37991,11,2026,58,"API"
37992,11,2026,35,"API"
37993,11,2026,46,"API"
37994,11,2026,68,"API"
37995,11,2026,58,"API"
37996,11,2026,35,"API"
37997,11,2026,59,"API"
37998,11,2026,88,"API"
37999,11,2026,64,"API"
38000,11,2026,26,"API"
38001,11,2026,59,"API"
38002,11,2026,88,"API"
38003,11,2026,64,"API"
38004,11,2026,26,"API"
38005,11,2026,24,"API"
38006,11,2026,34,"API"
38007,11,2026,25,"API"
38008,11,2026,14,"API"
38009,11,2026,24,"API"
38010,11,2026,34,"API"
38011,11,2026,25,"API"
38012,11,2026,14,"API"
38014,11,2026,5,"API"
38015,11,2026,18,"API"
38016,11,2026,9,"API"
38017,11,2026,19,"API"
38018,11,2026,10,"API"
38019,11,2026,17,"API"
38020,11,2026,9,"API"
38021,11,2026,5,"API"
38022,11,2026,4,"API"
38023,11,2026,9,"API"
38024,11,2026,7,"API"
38025,11,2026,10,"API"
38026,11,2026,7,"API"
38027,11,2026,9,"API"
38028,11,2026,6,"API"
38029,11,2026,7,"API"
38030,11,2026,3,"API"
38031,11,2026,4,"API"
38032,11,2026,8,"API"
38033,11,2026,9,"API"
38034,11,2026,9,"API"
38035,11,2026,10,"API"
38036,11,2026,7,"API"
38037,11,2026,7,"API"
38038,11,2026,6,"API"
38039,11,2026,12,"API"
38040,11,2026,25,"API"
38041,11,2026,20,"API"
38042,11,2026,12,"API"
38043,11,2026,10,"API"
38044,11,2026,17,"API"
38045,11,2026,14,"API"
38046,11,2026,9,"API"
38047,11,2026,9,"API"
38048,11,2026,15,"API"
38049,11,2026,16,"API"
38050,11,2026,14,"API"
38055,11,2026,12,"API"
38056,11,2026,18,"API"
38057,11,2026,19,"API"
38058,11,2026,13,"API"
38059,11,2026,13,"API"
38060,11,2026,16,"API"
38061,11,2026,17,"API"
38062,11,2026,12,"API"
38063,11,2026,16,"API"
38064,11,2026,24,"API"
38065,11,2026,22,"API"
38066,11,2026,12,"API"
38286,11,2026,7,"API"
38287,11,2026,21,"API"
38288,11,2026,26,"API"
38289,11,2026,25,"API"
38290,11,2026,17,"API"
38291,11,2026,49,"API"
38292,11,2026,42,"API"
38293,11,2026,7,"API"
38294,11,2026,7,"API"
38295,11,2026,23,"API"
38296,11,2026,29,"API"
38297,11,2026,23,"API"
38298,11,2026,7,"API"
38299,11,2026,23,"API"
38300,11,2026,29,"API"
38301,11,2026,23,"API"
38307,11,2026,32,"API"
38308,11,2026,57,"API"
38309,11,2026,49,"API"
38310,11,2026,28,"API"
38315,11,2026,32,"API"
38316,11,2026,57,"API"
38317,11,2026,49,"API"
38318,11,2026,28,"API"
38322,11,2026,11,"API"
38323,11,2026,17,"API"
38324,11,2026,15,"API"
38325,11,2026,11,"API"
38326,11,2026,25,"API"
38327,11,2026,39,"API"
38328,11,2026,35,"API"
38329,11,2026,25,"API"
38343,11,2026,17,"API"
38344,11,2026,15,"API"
38364,11,2026,21,"API"
38365,11,2026,36,"API"
38366,11,2026,28,"API"
38367,11,2026,15,"API"
38368,11,2026,21,"API"
38369,11,2026,36,"API"
38370,11,2026,28,"API"
38371,11,2026,15,"API"
38372,11,2026,20,"API"
38373,11,2026,34,"API"
38374,11,2026,28,"API"
38375,11,2026,17,"API"
38376,11,2026,9,"API"
38377,11,2026,14,"API"
38378,11,2026,12,"API"
38379,11,2026,7,"API"
38380,11,2026,20,"API"
38381,11,2026,35,"API"
38382,11,2026,35,"API"
38383,11,2026,10,"API"
38384,11,2026,20,"API"
38385,11,2026,35,"API"
38386,11,2026,35,"API"
38387,11,2026,10,"API"
38433,11,2026,21,"API"
38434,11,2026,41,"API"
38435,11,2026,37,"API"
38436,11,2026,22,"API"
38437,11,2026,28,"API"
38438,11,2026,56,"API"
38439,11,2026,51,"API"
38440,11,2026,29,"API"
38441,11,2026,11,"API"
38442,11,2026,22,"API"
38443,11,2026,20,"API"
38444,11,2026,12,"API"
38445,11,2026,12,"API"
38446,11,2026,24,"API"
38447,11,2026,22,"API"
38448,11,2026,13,"API"
38449,11,2026,12,"API"
38450,11,2026,24,"API"
38451,11,2026,22,"API"
38452,11,2026,13,"API"
38453,11,2026,14,"API"
38454,11,2026,29,"API"
38455,11,2026,26,"API"
38456,11,2026,15,"API"
38457,11,2026,14,"API"
38458,11,2026,29,"API"
38459,11,2026,26,"API"
38460,11,2026,15,"API"
38461,11,2026,8,"API"
38462,11,2026,17,"API"
38463,11,2026,15,"API"
38464,11,2026,9,"API"
38465,11,2026,10,"API"
38466,11,2026,12,"API"
38467,11,2026,11,"API"
38468,11,2026,8,"API"
38469,11,2026,11,"API"
38470,11,2026,12,"API"
38471,11,2026,11,"API"
38472,11,2026,8,"API"
38477,11,2026,9,"API"
38478,11,2026,11,"API"
38479,11,2026,10,"API"
38480,11,2026,7,"API"
38494,11,2026,9,"API"
38495,11,2026,9,"API"
38496,11,2026,7,"API"
38497,11,2026,2,"API"
38536,11,2026,19,"API"
38537,11,2026,14,"API"
38538,11,2026,12,"API"
38539,11,2026,5,"API"
38543,11,2026,1,"API"
38548,11,2026,23,"API"
38549,11,2026,17,"API"
38550,11,2026,13,"API"
38551,11,2026,10,"API"
38590,11,2026,35,"API"
38591,11,2026,26,"API"
38592,11,2026,18,"API"
38609,11,2026,1,"API"
38610,11,2026,2,"API"
38611,11,2026,3,"API"
38647,11,2026,2,"API"
38648,11,2026,5,"API"
38649,11,2026,3,"API"
38650,11,2026,2,"API"
38651,11,2026,6,"API"
38652,11,2026,8,"API"
38653,11,2026,7,"API"
38654,11,2026,4,"API"
38669,11,2026,1,"API"
38670,11,2026,3,"API"
38671,11,2026,3,"API"
38672,11,2026,2,"API"
38673,11,2026,2,"API"
38674,11,2026,5,"API"
38675,11,2026,5,"API"
38676,11,2026,4,"API"
38677,11,2026,1,"API"
38678,11,2026,2,"API"
38679,11,2026,2,"API"
38681,11,2026,1,"API"
38682,11,2026,2,"API"
38683,11,2026,2,"API"
39020,11,2026,1,"API"
39021,11,2026,1,"API"
39024,11,2026,1,"API"
39191,11,2026,2,"API"
39192,11,2026,1,"API"
39193,11,2026,1,"API"
39194,11,2026,1,"API"
39195,11,2026,1,"API"
39196,11,2026,1,"API"
39725,11,2026,4,"API"
39726,11,2026,3,"API"
39727,11,2026,2,"API"
39728,11,2026,2,"API"
4023,11,2026,82,"API"
4024,11,2026,135,"API"
4025,11,2026,128,"API"
4026,11,2026,139,"API"
4027,11,2026,221,"API"
4028,11,2026,197,"API"
4106,11,2026,59,"AJUSTE_60_BRANCO_PERMANENTE_NOV_2026"
4107,11,2026,120,"AJUSTE_60_BRANCO_PERMANENTE_NOV_2026"
4108,11,2026,120,"AJUSTE_60_BRANCO_PERMANENTE_NOV_2026"
4109,11,2026,68,"AJUSTE_60_BRANCO_PERMANENTE_NOV_2026"
4124,11,2026,283,"API"
4125,11,2026,538,"API"
4126,11,2026,527,"API"
4127,11,2026,323,"API"
4128,11,2026,390,"API"
4129,11,2026,766,"API"
4130,11,2026,725,"API"
4131,11,2026,391,"API"
4138,11,2026,226,"API"
4139,11,2026,417,"API"
4140,11,2026,393,"API"
4141,11,2026,218,"API"
5851,11,2026,325,"API"
5852,11,2026,578,"API"
5853,11,2026,445,"API"
5854,11,2026,88,"API"
5855,11,2026,171,"API"
5856,11,2026,129,"API"
6347,11,2026,51,"API"
6348,11,2026,119,"API"
6349,11,2026,107,"API"
6350,11,2026,48,"API"
6399,11,2026,50,"API"
6400,11,2026,115,"API"
6401,11,2026,100,"API"
6402,11,2026,56,"API"
6442,11,2026,387,"API"
6443,11,2026,1325,"API"
6444,11,2026,1372,"API"
6445,11,2026,829,"API"
6474,11,2026,284,"API"
6475,11,2026,1012,"API"
6476,11,2026,1095,"API"
6477,11,2026,720,"API"
6482,11,2026,46,"AJUSTE_60_BRANCO_PERMANENTE_NOV_2026"
6483,11,2026,163,"AJUSTE_60_BRANCO_PERMANENTE_NOV_2026"
6484,11,2026,167,"AJUSTE_60_BRANCO_PERMANENTE_NOV_2026"
6485,11,2026,104,"AJUSTE_60_BRANCO_PERMANENTE_NOV_2026"
6499,11,2026,235,"API"
6500,11,2026,864,"API"
6501,11,2026,937,"API"
6502,11,2026,586,"API"
6708,11,2026,45,"API"
6709,11,2026,102,"API"
6710,11,2026,100,"API"
6711,11,2026,83,"API"
6712,11,2026,23,"API"
6713,11,2026,43,"API"
6714,11,2026,49,"API"
6715,11,2026,42,"API"
6734,11,2026,130,"API"
6735,11,2026,128,"API"
6736,11,2026,80,"API"
6743,11,2026,142,"API"
6744,11,2026,313,"API"
6745,11,2026,317,"API"
6746,11,2026,212,"API"
6747,11,2026,61,"API"
6762,11,2026,36,"API"
6763,11,2026,77,"API"
6764,11,2026,76,"API"
6765,11,2026,62,"API"
6766,11,2026,68,"API"
6767,11,2026,141,"API"
6768,11,2026,148,"API"
6769,11,2026,100,"API"
6823,11,2026,169,"API"
6824,11,2026,185,"API"
6825,11,2026,136,"API"
6827,11,2026,99,"API"
6828,11,2026,117,"API"
6829,11,2026,91,"API"
6869,11,2026,472,"API"
6870,11,2026,1056,"API"
6871,11,2026,1065,"API"
6872,11,2026,733,"API"
6873,11,2026,86,"API"
6874,11,2026,201,"API"
6875,11,2026,217,"API"
6876,11,2026,175,"API"
7024,11,2026,58,"API"
7025,11,2026,175,"API"
7026,11,2026,173,"API"
7027,11,2026,104,"API"
7032,11,2026,34,"API"
7033,11,2026,82,"API"
7034,11,2026,93,"API"
7035,11,2026,63,"API"
7108,11,2026,140,"API"
7109,11,2026,225,"API"
7110,11,2026,224,"API"
7111,11,2026,149,"API"
8028,11,2026,27,"AJUSTE_60_BRANCO_PERMANENTE_NOV_2026"
8029,11,2026,74,"AJUSTE_60_BRANCO_PERMANENTE_NOV_2026"
8047,11,2026,88,"AJUSTE_60_BRANCO_PERMANENTE_NOV_2026"
8048,11,2026,62,"AJUSTE_60_BRANCO_PERMANENTE_NOV_2026"
8053,11,2026,209,"API"
8054,11,2026,610,"API"
8055,11,2026,710,"API"
8056,11,2026,479,"API"
8057,11,2026,126,"API"
8058,11,2026,351,"API"
8059,11,2026,422,"API"
8060,11,2026,310,"API"
8064,11,2026,105,"API"
8065,11,2026,311,"API"
8066,11,2026,374,"API"
8067,11,2026,260,"API"
8899,11,2026,36,"API"
8900,11,2026,74,"API"
8901,11,2026,62,"API"
8902,11,2026,46,"API"
8947,11,2026,48,"API"
8948,11,2026,129,"API"
8949,11,2026,147,"API"
8950,11,2026,120,"API"
9066,11,2026,62,"API"
9067,11,2026,103,"API"
9068,11,2026,97,"API"
9069,11,2026,70,"API"
9070,11,2026,48,"API"
9071,11,2026,28,"API"
9072,11,2026,39,"API"
9073,11,2026,41,"API"
9074,11,2026,30,"API"
9075,11,2026,23,"API"
9144,11,2026,76,"API"
9145,11,2026,56,"API"
9161,11,2026,133,"API"
9162,11,2026,198,"API"
9163,11,2026,165,"API"
9164,11,2026,106,"API"
9165,11,2026,57,"API"
9166,11,2026,88,"API"
9187,11,2026,53,"API"
9188,11,2026,126,"API"
9189,11,2026,109,"API"
9190,11,2026,74,"API"
9195,11,2026,43,"API"
9196,11,2026,90,"API"
9197,11,2026,76,"API"
9198,11,2026,55,"API"
9203,11,2026,57,"API"
9204,11,2026,126,"API"
9205,11,2026,102,"API"
9206,11,2026,67,"API"
9207,11,2026,89,"API"
9208,11,2026,63,"API"
9209,11,2026,21,"API"
9210,11,2026,56,"API"
9211,11,2026,59,"API"
9212,11,2026,41,"API"
9221,11,2026,42,"API"
9222,11,2026,91,"API"
9316,11,2026,35,"API"
9317,11,2026,67,"API"
9318,11,2026,50,"API"
9619,11,2026,45,"AJUSTE_60_BRANCO_PERMANENTE_NOV_2026"
9620,11,2026,46,"AJUSTE_60_BRANCO_PERMANENTE_NOV_2026"
9621,11,2026,33,"AJUSTE_60_BRANCO_PERMANENTE_NOV_2026"
9652,11,2026,18,"AJUSTE_60_BRANCO_PERMANENTE_NOV_2026"
9666,11,2026,94,"API"
9667,11,2026,193,"API"
9668,11,2026,212,"API"
9669,11,2026,151,"API"
9674,11,2026,28,"API"
9675,11,2026,82,"API"
9676,11,2026,89,"API"
9677,11,2026,63,"API"
9812,11,2026,133,"API"
9813,11,2026,209,"API"
9814,11,2026,199,"API"
9815,11,2026,37,"AJUSTE_60_BRANCO_PERMANENTE_NOV_2026"
9816,11,2026,56,"AJUSTE_60_BRANCO_PERMANENTE_NOV_2026"
9817,11,2026,41,"AJUSTE_60_BRANCO_PERMANENTE_NOV_2026"
9868,11,2026,80,"AJUSTE_60_BRANCO_PERMANENTE_NOV_2026"
9869,11,2026,143,"AJUSTE_60_BRANCO_PERMANENTE_NOV_2026"
9870,11,2026,110,"AJUSTE_60_BRANCO_PERMANENTE_NOV_2026"
9892,11,2026,236,"API"
9893,11,2026,464,"API"
9894,11,2026,384,"API"
9898,11,2026,134,"API"
9899,11,2026,232,"API"
9900,11,2026,187,"API"
9953,11,2026,33,"AJUSTE_60_BRANCO_PERMANENTE_NOV_2026"
9954,11,2026,74,"AJUSTE_60_BRANCO_PERMANENTE_NOV_2026"
9955,11,2026,86,"AJUSTE_60_BRANCO_PERMANENTE_NOV_2026"
9956,11,2026,59,"AJUSTE_60_BRANCO_PERMANENTE_NOV_2026"
9957,11,2026,94,"API"
9958,11,2026,214,"API"
9959,11,2026,244,"API"
9960,11,2026,183,"API"
9981,11,2026,57,"API"
9982,11,2026,155,"API"
9983,11,2026,179,"API"
9984,11,2026,130,"API"
10430,12,2026,56,"PROJECAO_REP"
10431,12,2026,53,"PROJECAO_REP"
10458,12,2026,24,"PROJECAO_REP"
10464,12,2026,70,"PROJECAO_REP"
10476,12,2026,116,"PROJECAO_REP"
10477,12,2026,178,"PROJECAO_REP"
10478,12,2026,109,"PROJECAO_REP"
10479,12,2026,63,"PROJECAO_REP"
10480,12,2026,86,"PROJECAO_REP"
10481,12,2026,137,"PROJECAO_REP"
10482,12,2026,95,"PROJECAO_REP"
10483,12,2026,38,"PROJECAO_REP"
10494,12,2026,69,"PROJECAO_REP"
10495,12,2026,93,"PROJECAO_REP"
10496,12,2026,72,"PROJECAO_REP"
10497,12,2026,39,"PROJECAO_REP"
10498,12,2026,53,"PROJECAO_REP"
10499,12,2026,40,"PROJECAO_REP"
10783,12,2026,10,"PROJECAO_REP"
10784,12,2026,16,"PROJECAO_REP"
10785,12,2026,17,"PROJECAO_REP"
10786,12,2026,29,"PROJECAO_REP"
10787,12,2026,41,"PROJECAO_REP"
10788,12,2026,47,"PROJECAO_REP"
16030,12,2026,28,"PROJECAO_REP"
16031,12,2026,31,"PROJECAO_REP"
16032,12,2026,24,"PROJECAO_REP"
16033,12,2026,18,"PROJECAO_REP"
16034,12,2026,24,"PROJECAO_REP"
16035,12,2026,27,"PROJECAO_REP"
16036,12,2026,19,"PROJECAO_REP"
16037,12,2026,10,"PROJECAO_REP"
16050,12,2026,27,"PROJECAO_REP"
16051,12,2026,28,"PROJECAO_REP"
16052,12,2026,30,"PROJECAO_REP"
16053,12,2026,82,"PROJECAO_REP"
16054,12,2026,81,"PROJECAO_REP"
16055,12,2026,62,"PROJECAO_REP"
16056,12,2026,25,"PROJECAO_REP"
16057,12,2026,25,"PROJECAO_REP"
16058,12,2026,26,"PROJECAO_REP"
16059,12,2026,17,"PROJECAO_REP"
16064,12,2026,36,"PROJECAO_REP"
16065,12,2026,39,"PROJECAO_REP"
16066,12,2026,25,"PROJECAO_REP"
16067,12,2026,17,"PROJECAO_REP"
16437,12,2026,256,"PROJECAO_REP"
16438,12,2026,362,"PROJECAO_REP"
16439,12,2026,186,"PROJECAO_REP"
16440,12,2026,60,"PROJECAO_REP"
16441,12,2026,282,"PROJECAO_REP"
16442,12,2026,414,"PROJECAO_REP"
16443,12,2026,187,"PROJECAO_REP"
16444,12,2026,64,"PROJECAO_REP"
16457,12,2026,305,"PROJECAO_REP"
16458,12,2026,553,"PROJECAO_REP"
16459,12,2026,329,"PROJECAO_REP"
16460,12,2026,113,"PROJECAO_REP"
16461,12,2026,393,"PROJECAO_REP"
16462,12,2026,671,"PROJECAO_REP"
16463,12,2026,379,"PROJECAO_REP"
16464,12,2026,113,"PROJECAO_REP"
16695,12,2026,34,"PROJECAO_REP"
16696,12,2026,53,"PROJECAO_REP"
16697,12,2026,27,"PROJECAO_REP"
16699,12,2026,54,"PROJECAO_REP"
16700,12,2026,66,"PROJECAO_REP"
16701,12,2026,39,"PROJECAO_REP"
16713,12,2026,223,"PROJECAO_REP"
16714,12,2026,418,"PROJECAO_REP"
16715,12,2026,358,"PROJECAO_REP"
16716,12,2026,170,"PROJECAO_REP"
16748,12,2026,58,"PROJECAO_REP"
16749,12,2026,119,"PROJECAO_REP"
16750,12,2026,95,"PROJECAO_REP"
16751,12,2026,54,"PROJECAO_REP"
16756,12,2026,106,"PROJECAO_REP"
16757,12,2026,203,"PROJECAO_REP"
16758,12,2026,149,"PROJECAO_REP"
16759,12,2026,83,"PROJECAO_REP"
16855,12,2026,165,"PROJECAO_REP"
16856,12,2026,213,"PROJECAO_REP"
16857,12,2026,105,"PROJECAO_REP"
16863,12,2026,51,"PROJECAO_REP"
16864,12,2026,139,"PROJECAO_REP"
16865,12,2026,82,"PROJECAO_REP"
16866,12,2026,37,"PROJECAO_REP"
16879,12,2026,212,"PROJECAO_REP"
16880,12,2026,333,"PROJECAO_REP"
16881,12,2026,203,"PROJECAO_REP"
16882,12,2026,60,"PROJECAO_REP"
16912,12,2026,17,"PROJECAO_REP"
16913,12,2026,38,"PROJECAO_REP"
16914,12,2026,30,"PROJECAO_REP"
16915,12,2026,22,"PROJECAO_REP"
16916,12,2026,11,"PROJECAO_REP"
16917,12,2026,17,"PROJECAO_REP"
16918,12,2026,12,"PROJECAO_REP"
16919,12,2026,5,"PROJECAO_REP"
16976,12,2026,24,"PROJECAO_REP"
16977,12,2026,44,"PROJECAO_REP"
16978,12,2026,35,"PROJECAO_REP"
16979,12,2026,15,"PROJECAO_REP"
17581,12,2026,74,"PROJECAO_REP"
17582,12,2026,116,"PROJECAO_REP"
17583,12,2026,85,"PROJECAO_REP"
17585,12,2026,52,"PROJECAO_REP"
17586,12,2026,87,"PROJECAO_REP"
17587,12,2026,52,"PROJECAO_REP"
17626,12,2026,61,"PROJECAO_REP"
17627,12,2026,61,"PROJECAO_REP"
17628,12,2026,42,"PROJECAO_REP"
17684,12,2026,150,"PROJECAO_REP"
17685,12,2026,436,"PROJECAO_REP"
17686,12,2026,329,"PROJECAO_REP"
17687,12,2026,95,"PROJECAO_REP"
17688,12,2026,257,"PROJECAO_REP"
17689,12,2026,197,"PROJECAO_REP"
17690,12,2026,153,"PROJECAO_REP"
17691,12,2026,415,"PROJECAO_REP"
17692,12,2026,302,"PROJECAO_REP"
17748,12,2026,41,"PROJECAO_REP"
17749,12,2026,61,"PROJECAO_REP"
17750,12,2026,48,"PROJECAO_REP"
17766,12,2026,21,"PROJECAO_REP"
17767,12,2026,29,"PROJECAO_REP"
17768,12,2026,20,"PROJECAO_REP"
17781,12,2026,47,"PROJECAO_REP"
17782,12,2026,74,"PROJECAO_REP"
17783,12,2026,46,"PROJECAO_REP"
17988,12,2026,44,"PROJECAO_REP"
17989,12,2026,62,"PROJECAO_REP"
17990,12,2026,29,"PROJECAO_REP"
18030,12,2026,24,"PROJECAO_REP"
18031,12,2026,33,"PROJECAO_REP"
18032,12,2026,27,"PROJECAO_REP"
18033,12,2026,19,"PROJECAO_REP"
18034,12,2026,41,"PROJECAO_REP"
18035,12,2026,59,"PROJECAO_REP"
18036,12,2026,53,"PROJECAO_REP"
18037,12,2026,30,"PROJECAO_REP"
18038,12,2026,22,"PROJECAO_REP"
18039,12,2026,27,"PROJECAO_REP"
18040,12,2026,27,"PROJECAO_REP"
18041,12,2026,21,"PROJECAO_REP"
18058,12,2026,81,"PROJECAO_REP"
18059,12,2026,182,"PROJECAO_REP"
18060,12,2026,234,"PROJECAO_REP"
18061,12,2026,171,"PROJECAO_REP"
18062,12,2026,125,"PROJECAO_REP"
18063,12,2026,283,"PROJECAO_REP"
18064,12,2026,358,"PROJECAO_REP"
18065,12,2026,250,"PROJECAO_REP"
18066,12,2026,45,"PROJECAO_REP"
18067,12,2026,96,"PROJECAO_REP"
18068,12,2026,125,"PROJECAO_REP"
18069,12,2026,86,"PROJECAO_REP"
18078,12,2026,69,"PROJECAO_REP"
18079,12,2026,141,"PROJECAO_REP"
18080,12,2026,142,"PROJECAO_REP"
18081,12,2026,110,"PROJECAO_REP"
18082,12,2026,217,"PROJECAO_REP"
18083,12,2026,228,"PROJECAO_REP"
18084,12,2026,62,"PROJECAO_REP"
18085,12,2026,122,"PROJECAO_REP"
18086,12,2026,112,"PROJECAO_REP"
18093,12,2026,19,"PROJECAO_REP"
18094,12,2026,44,"PROJECAO_REP"
18095,12,2026,45,"PROJECAO_REP"
18096,12,2026,31,"PROJECAO_REP"
18097,12,2026,39,"PROJECAO_REP"
18098,12,2026,81,"PROJECAO_REP"
18099,12,2026,82,"PROJECAO_REP"
18100,12,2026,56,"PROJECAO_REP"
18101,12,2026,6,"PROJECAO_REP"
18102,12,2026,21,"PROJECAO_REP"
18103,12,2026,14,"PROJECAO_REP"
18104,12,2026,12,"PROJECAO_REP"
18278,12,2026,175,"PROJECAO_REP"
18279,12,2026,107,"PROJECAO_REP"
18280,12,2026,193,"PROJECAO_REP"
18281,12,2026,15,"PROJECAO_REP"
18282,12,2026,21,"PROJECAO_REP"
18283,12,2026,16,"PROJECAO_REP"
18284,12,2026,12,"PROJECAO_REP"
18632,12,2026,13,"PROJECAO_REP"
18633,12,2026,32,"PROJECAO_REP"
18634,12,2026,29,"PROJECAO_REP"
18635,12,2026,32,"PROJECAO_REP"
18640,12,2026,31,"PROJECAO_REP"
18641,12,2026,57,"PROJECAO_REP"
18642,12,2026,69,"PROJECAO_REP"
18643,12,2026,54,"PROJECAO_REP"
18973,12,2026,11,"PROJECAO_REP"
18974,12,2026,15,"PROJECAO_REP"
18975,12,2026,10,"PROJECAO_REP"
18977,12,2026,18,"PROJECAO_REP"
18978,12,2026,16,"PROJECAO_REP"
18979,12,2026,14,"PROJECAO_REP"
18985,12,2026,13,"PROJECAO_REP"
18986,12,2026,18,"PROJECAO_REP"
18987,12,2026,15,"PROJECAO_REP"
19278,12,2026,18,"PROJECAO_REP"
19279,12,2026,24,"PROJECAO_REP"
19280,12,2026,25,"PROJECAO_REP"
19281,12,2026,15,"PROJECAO_REP"
19282,12,2026,42,"PROJECAO_REP"
19283,12,2026,48,"PROJECAO_REP"
19284,12,2026,46,"PROJECAO_REP"
19285,12,2026,25,"PROJECAO_REP"
19298,12,2026,68,"PROJECAO_REP"
19299,12,2026,99,"PROJECAO_REP"
19300,12,2026,58,"PROJECAO_REP"
19307,12,2026,57,"PROJECAO_REP"
19308,12,2026,84,"PROJECAO_REP"
19309,12,2026,47,"PROJECAO_REP"
19310,12,2026,46,"PROJECAO_REP"
19311,12,2026,61,"PROJECAO_REP"
19312,12,2026,34,"PROJECAO_REP"
19319,12,2026,31,"PROJECAO_REP"
19320,12,2026,41,"PROJECAO_REP"
19321,12,2026,22,"PROJECAO_REP"
19348,12,2026,1,"PROJECAO_REP"
19350,12,2026,7,"PROJECAO_REP"
19351,12,2026,12,"PROJECAO_REP"
19352,12,2026,7,"PROJECAO_REP"
19353,12,2026,5,"PROJECAO_REP"
19354,12,2026,10,"PROJECAO_REP"
19355,12,2026,10,"PROJECAO_REP"
19356,12,2026,9,"PROJECAO_REP"
19357,12,2026,6,"PROJECAO_REP"
19358,12,2026,8,"PROJECAO_REP"
19359,12,2026,11,"PROJECAO_REP"
19360,12,2026,6,"PROJECAO_REP"
19361,12,2026,10,"PROJECAO_REP"
19367,12,2026,23,"PROJECAO_REP"
19368,12,2026,27,"PROJECAO_REP"
19369,12,2026,15,"PROJECAO_REP"
19370,12,2026,13,"PROJECAO_REP"
19372,12,2026,38,"PROJECAO_REP"
19373,12,2026,45,"PROJECAO_REP"
19374,12,2026,16,"PROJECAO_REP"
19375,12,2026,30,"PROJECAO_REP"
19376,12,2026,43,"PROJECAO_REP"
19377,12,2026,41,"PROJECAO_REP"
19378,12,2026,28,"PROJECAO_REP"
19379,12,2026,14,"PROJECAO_REP"
19381,12,2026,24,"PROJECAO_REP"
19382,12,2026,97,"PROJECAO_REP"
19383,12,2026,97,"PROJECAO_REP"
19384,12,2026,67,"PROJECAO_REP"
19385,12,2026,47,"PROJECAO_REP"
19386,12,2026,26,"PROJECAO_REP"
19387,12,2026,110,"PROJECAO_REP"
19388,12,2026,155,"PROJECAO_REP"
19389,12,2026,72,"PROJECAO_REP"
19390,12,2026,92,"PROJECAO_REP"
19391,12,2026,111,"PROJECAO_REP"
19394,12,2026,22,"PROJECAO_REP"
19395,12,2026,21,"PROJECAO_REP"
19398,12,2026,28,"PROJECAO_REP"
19399,12,2026,40,"PROJECAO_REP"
19400,12,2026,16,"PROJECAO_REP"
19401,12,2026,6,"PROJECAO_REP"
19402,12,2026,28,"PROJECAO_REP"
19403,12,2026,29,"PROJECAO_REP"
19405,12,2026,13,"PROJECAO_REP"
19406,12,2026,13,"PROJECAO_REP"
19408,12,2026,34,"PROJECAO_REP"
19409,12,2026,58,"PROJECAO_REP"
19410,12,2026,24,"PROJECAO_REP"
19411,12,2026,14,"PROJECAO_REP"
19412,12,2026,59,"PROJECAO_REP"
19413,12,2026,81,"PROJECAO_REP"
19414,12,2026,26,"PROJECAO_REP"
19415,12,2026,12,"PROJECAO_REP"
19416,12,2026,63,"PROJECAO_REP"
19417,12,2026,65,"PROJECAO_REP"
19418,12,2026,15,"PROJECAO_REP"
19419,12,2026,28,"PROJECAO_REP"
19618,12,2026,39,"PROJECAO_REP"
19620,12,2026,20,"PROJECAO_REP"
19655,12,2026,140,"PROJECAO_REP"
19657,12,2026,61,"PROJECAO_REP"
19658,12,2026,82,"PROJECAO_REP"
21365,12,2026,61,"PROJECAO_REP"
21366,12,2026,103,"PROJECAO_REP"
21367,12,2026,70,"PROJECAO_REP"
22358,12,2026,46,"PROJECAO_REP"
22359,12,2026,91,"PROJECAO_REP"
22360,12,2026,106,"PROJECAO_REP"
22361,12,2026,71,"PROJECAO_REP"
22362,12,2026,56,"PROJECAO_REP"
22760,12,2026,2,"PROJECAO_REP"
22761,12,2026,1,"PROJECAO_REP"
22762,12,2026,2,"PROJECAO_REP"
22763,12,2026,9,"PROJECAO_REP"
22764,12,2026,9,"PROJECAO_REP"
22765,12,2026,4,"PROJECAO_REP"
22766,12,2026,3,"PROJECAO_REP"
22767,12,2026,10,"PROJECAO_REP"
22768,12,2026,11,"PROJECAO_REP"
22770,12,2026,6,"PROJECAO_REP"
22771,12,2026,7,"PROJECAO_REP"
22772,12,2026,11,"PROJECAO_REP"
22773,12,2026,4,"PROJECAO_REP"
22774,12,2026,5,"PROJECAO_REP"
22775,12,2026,6,"PROJECAO_REP"
22776,12,2026,3,"PROJECAO_REP"
22778,12,2026,5,"PROJECAO_REP"
22779,12,2026,5,"PROJECAO_REP"
22780,12,2026,4,"PROJECAO_REP"
22781,12,2026,15,"PROJECAO_REP"
22782,12,2026,28,"PROJECAO_REP"
22783,12,2026,10,"PROJECAO_REP"
22784,12,2026,9,"PROJECAO_REP"
22785,12,2026,18,"PROJECAO_REP"
22786,12,2026,23,"PROJECAO_REP"
22788,12,2026,14,"PROJECAO_REP"
22789,12,2026,13,"PROJECAO_REP"
22790,12,2026,23,"PROJECAO_REP"
22791,12,2026,6,"PROJECAO_REP"
22792,12,2026,5,"PROJECAO_REP"
22793,12,2026,14,"PROJECAO_REP"
22794,12,2026,6,"PROJECAO_REP"
23091,12,2026,43,"PROJECAO_REP"
23092,12,2026,107,"PROJECAO_REP"
23388,12,2026,47,"PROJECAO_REP"
23389,12,2026,46,"PROJECAO_REP"
23390,12,2026,33,"PROJECAO_REP"
24079,12,2026,11,"PROJECAO_REP"
24080,12,2026,11,"PROJECAO_REP"
24081,12,2026,4,"PROJECAO_REP"
24082,12,2026,12,"PROJECAO_REP"
24083,12,2026,20,"PROJECAO_REP"
24084,12,2026,7,"PROJECAO_REP"
24085,12,2026,4,"PROJECAO_REP"
24086,12,2026,16,"PROJECAO_REP"
24087,12,2026,15,"PROJECAO_REP"
24088,12,2026,6,"PROJECAO_REP"
24089,12,2026,3,"PROJECAO_REP"
24090,12,2026,11,"PROJECAO_REP"
24091,12,2026,10,"PROJECAO_REP"
24092,12,2026,7,"PROJECAO_REP"
24093,12,2026,6,"PROJECAO_REP"
24094,12,2026,19,"PROJECAO_REP"
24095,12,2026,17,"PROJECAO_REP"
24096,12,2026,8,"PROJECAO_REP"
24097,12,2026,26,"PROJECAO_REP"
24098,12,2026,27,"PROJECAO_REP"
24099,12,2026,10,"PROJECAO_REP"
24101,12,2026,30,"PROJECAO_REP"
24102,12,2026,32,"PROJECAO_REP"
24103,12,2026,10,"PROJECAO_REP"
24105,12,2026,19,"PROJECAO_REP"
24106,12,2026,17,"PROJECAO_REP"
24107,12,2026,15,"PROJECAO_REP"
24108,12,2026,10,"PROJECAO_REP"
24234,12,2026,35,"PROJECAO_REP"
24235,12,2026,37,"PROJECAO_REP"
24236,12,2026,31,"PROJECAO_REP"
24237,12,2026,19,"PROJECAO_REP"
25620,12,2026,183,"PROJECAO_REP"
25621,12,2026,303,"PROJECAO_REP"
25622,12,2026,180,"PROJECAO_REP"
25623,12,2026,62,"PROJECAO_REP"
25624,12,2026,165,"PROJECAO_REP"
25625,12,2026,258,"PROJECAO_REP"
25626,12,2026,119,"PROJECAO_REP"
25627,12,2026,35,"PROJECAO_REP"
25628,12,2026,97,"PROJECAO_REP"
25629,12,2026,160,"PROJECAO_REP"
25630,12,2026,97,"PROJECAO_REP"
25631,12,2026,26,"PROJECAO_REP"
25640,12,2026,140,"PROJECAO_REP"
25641,12,2026,346,"PROJECAO_REP"
25642,12,2026,237,"PROJECAO_REP"
25643,12,2026,120,"PROJECAO_REP"
25644,12,2026,164,"PROJECAO_REP"
25645,12,2026,330,"PROJECAO_REP"
25646,12,2026,213,"PROJECAO_REP"
25647,12,2026,92,"PROJECAO_REP"
25648,12,2026,95,"PROJECAO_REP"
25649,12,2026,243,"PROJECAO_REP"
25650,12,2026,158,"PROJECAO_REP"
25651,12,2026,55,"PROJECAO_REP"
25660,12,2026,284,"PROJECAO_REP"
25661,12,2026,503,"PROJECAO_REP"
25662,12,2026,264,"PROJECAO_REP"
25663,12,2026,89,"PROJECAO_REP"
25664,12,2026,141,"PROJECAO_REP"
25665,12,2026,253,"PROJECAO_REP"
25666,12,2026,138,"PROJECAO_REP"
25668,12,2026,183,"PROJECAO_REP"
25669,12,2026,344,"PROJECAO_REP"
25670,12,2026,187,"PROJECAO_REP"
25671,12,2026,62,"PROJECAO_REP"
25721,12,2026,17,"PROJECAO_REP"
25722,12,2026,16,"PROJECAO_REP"
25723,12,2026,12,"PROJECAO_REP"
25724,12,2026,9,"PROJECAO_REP"
25725,12,2026,19,"PROJECAO_REP"
25726,12,2026,35,"PROJECAO_REP"
25727,12,2026,20,"PROJECAO_REP"
25728,12,2026,16,"PROJECAO_REP"
25729,12,2026,12,"PROJECAO_REP"
25730,12,2026,29,"PROJECAO_REP"
25731,12,2026,20,"PROJECAO_REP"
25732,12,2026,8,"PROJECAO_REP"
25737,12,2026,28,"PROJECAO_REP"
25738,12,2026,48,"PROJECAO_REP"
25739,12,2026,41,"PROJECAO_REP"
25740,12,2026,31,"PROJECAO_REP"
25745,12,2026,31,"PROJECAO_REP"
25746,12,2026,60,"PROJECAO_REP"
25747,12,2026,36,"PROJECAO_REP"
25748,12,2026,31,"PROJECAO_REP"
25753,12,2026,37,"PROJECAO_REP"
25754,12,2026,57,"PROJECAO_REP"
25755,12,2026,44,"PROJECAO_REP"
25756,12,2026,31,"PROJECAO_REP"
25761,12,2026,37,"PROJECAO_REP"
25762,12,2026,48,"PROJECAO_REP"
25763,12,2026,34,"PROJECAO_REP"
25764,12,2026,25,"PROJECAO_REP"
25963,12,2026,30,"PROJECAO_REP"
25964,12,2026,28,"PROJECAO_REP"
25965,12,2026,23,"PROJECAO_REP"
25986,12,2026,31,"PROJECAO_REP"
25987,12,2026,59,"PROJECAO_REP"
25988,12,2026,63,"PROJECAO_REP"
25989,12,2026,43,"PROJECAO_REP"
26019,12,2026,6,"PROJECAO_REP"
26020,12,2026,18,"PROJECAO_REP"
26021,12,2026,15,"PROJECAO_REP"
26022,12,2026,11,"PROJECAO_REP"
26318,12,2026,19,"PROJECAO_REP"
26320,12,2026,20,"PROJECAO_REP"
27050,12,2026,19,"PROJECAO_REP"
27603,12,2026,21,"PROJECAO_REP"
27604,12,2026,24,"PROJECAO_REP"
27605,12,2026,16,"PROJECAO_REP"
27677,12,2026,20,"PROJECAO_REP"
27678,12,2026,61,"PROJECAO_REP"
27679,12,2026,62,"PROJECAO_REP"
27680,12,2026,26,"PROJECAO_REP"
27681,12,2026,16,"PROJECAO_REP"
27682,12,2026,68,"PROJECAO_REP"
27683,12,2026,54,"PROJECAO_REP"
27684,12,2026,27,"PROJECAO_REP"
27969,12,2026,32,"PROJECAO_REP"
27970,12,2026,34,"PROJECAO_REP"
27971,12,2026,21,"PROJECAO_REP"
27973,12,2026,50,"PROJECAO_REP"
27974,12,2026,65,"PROJECAO_REP"
27975,12,2026,29,"PROJECAO_REP"
27977,12,2026,79,"PROJECAO_REP"
27978,12,2026,93,"PROJECAO_REP"
27979,12,2026,61,"PROJECAO_REP"
28625,12,2026,22,"PROJECAO_REP"
28626,12,2026,98,"PROJECAO_REP"
28627,12,2026,110,"PROJECAO_REP"
28628,12,2026,77,"PROJECAO_REP"
28629,12,2026,67,"PROJECAO_REP"
28630,12,2026,116,"PROJECAO_REP"
28631,12,2026,112,"PROJECAO_REP"
28632,12,2026,56,"PROJECAO_REP"
28633,12,2026,26,"PROJECAO_REP"
28634,12,2026,74,"PROJECAO_REP"
28635,12,2026,90,"PROJECAO_REP"
28636,12,2026,56,"PROJECAO_REP"
28637,12,2026,83,"PROJECAO_REP"
28638,12,2026,248,"PROJECAO_REP"
28639,12,2026,206,"PROJECAO_REP"
28640,12,2026,102,"PROJECAO_REP"
28641,12,2026,154,"PROJECAO_REP"
28642,12,2026,570,"PROJECAO_REP"
28643,12,2026,611,"PROJECAO_REP"
28644,12,2026,309,"PROJECAO_REP"
28645,12,2026,124,"PROJECAO_REP"
28646,12,2026,158,"PROJECAO_REP"
28647,12,2026,110,"PROJECAO_REP"
28648,12,2026,23,"PROJECAO_REP"
28649,12,2026,150,"PROJECAO_REP"
28650,12,2026,270,"PROJECAO_REP"
28651,12,2026,131,"PROJECAO_REP"
28653,12,2026,116,"PROJECAO_REP"
28654,12,2026,252,"PROJECAO_REP"
28655,12,2026,169,"PROJECAO_REP"
28656,12,2026,66,"PROJECAO_REP"
29094,12,2026,11,"PROJECAO_REP"
29095,12,2026,20,"PROJECAO_REP"
29096,12,2026,20,"PROJECAO_REP"
29097,12,2026,10,"PROJECAO_REP"
29141,12,2026,30,"PROJECAO_REP"
29142,12,2026,23,"PROJECAO_REP"
29143,12,2026,16,"PROJECAO_REP"
29145,12,2026,12,"PROJECAO_REP"
29146,12,2026,10,"PROJECAO_REP"
29147,12,2026,6,"PROJECAO_REP"
29415,12,2026,65,"PROJECAO_REP"
29416,12,2026,53,"PROJECAO_REP"
29417,12,2026,44,"PROJECAO_REP"
29418,12,2026,34,"PROJECAO_REP"
29419,12,2026,31,"PROJECAO_REP"
29420,12,2026,38,"PROJECAO_REP"
29424,12,2026,35,"PROJECAO_REP"
29425,12,2026,23,"PROJECAO_REP"
29426,12,2026,25,"PROJECAO_REP"
29427,12,2026,48,"PROJECAO_REP"
29428,12,2026,44,"PROJECAO_REP"
29429,12,2026,42,"PROJECAO_REP"
29448,12,2026,18,"PROJECAO_REP"
29449,12,2026,15,"PROJECAO_REP"
29450,12,2026,14,"PROJECAO_REP"
29454,12,2026,20,"PROJECAO_REP"
29455,12,2026,15,"PROJECAO_REP"
29456,12,2026,8,"PROJECAO_REP"
29552,12,2026,23,"PROJECAO_REP"
29553,12,2026,7,"PROJECAO_REP"
29617,12,2026,7,"PROJECAO_REP"
29618,12,2026,17,"PROJECAO_REP"
29619,12,2026,18,"PROJECAO_REP"
29620,12,2026,15,"PROJECAO_REP"
29875,12,2026,40,"PROJECAO_REP"
29876,12,2026,35,"PROJECAO_REP"
29877,12,2026,24,"PROJECAO_REP"
29881,12,2026,9,"PROJECAO_REP"
29882,12,2026,11,"PROJECAO_REP"
29883,12,2026,8,"PROJECAO_REP"
29971,12,2026,26,"PROJECAO_REP"
29972,12,2026,50,"PROJECAO_REP"
29973,12,2026,53,"PROJECAO_REP"
30003,12,2026,22,"PROJECAO_REP"
30004,12,2026,13,"PROJECAO_REP"
30005,12,2026,11,"PROJECAO_REP"
30006,12,2026,17,"PROJECAO_REP"
30007,12,2026,14,"PROJECAO_REP"
30008,12,2026,8,"PROJECAO_REP"
30061,12,2026,145,"PROJECAO_REP"
30062,12,2026,198,"PROJECAO_REP"
30063,12,2026,142,"PROJECAO_REP"
30064,12,2026,74,"PROJECAO_REP"
30065,12,2026,68,"PROJECAO_REP"
30066,12,2026,94,"PROJECAO_REP"
30067,12,2026,72,"PROJECAO_REP"
30068,12,2026,46,"PROJECAO_REP"
30097,12,2026,31,"PROJECAO_REP"
30101,12,2026,40,"PROJECAO_REP"
30105,12,2026,38,"PROJECAO_REP"
30109,12,2026,26,"PROJECAO_REP"
30153,12,2026,19,"PROJECAO_REP"
30154,12,2026,17,"PROJECAO_REP"
30157,12,2026,25,"PROJECAO_REP"
30158,12,2026,33,"PROJECAO_REP"
30160,12,2026,21,"PROJECAO_REP"
30161,12,2026,23,"PROJECAO_REP"
30286,12,2026,116,"PROJECAO_REP"
30287,12,2026,147,"PROJECAO_REP"
30288,12,2026,116,"PROJECAO_REP"
30289,12,2026,79,"PROJECAO_REP"
30290,12,2026,117,"PROJECAO_REP"
30291,12,2026,106,"PROJECAO_REP"
30745,12,2026,15,"PROJECAO_REP"
30746,12,2026,28,"PROJECAO_REP"
30747,12,2026,28,"PROJECAO_REP"
30748,12,2026,19,"PROJECAO_REP"
30749,12,2026,16,"PROJECAO_REP"
30750,12,2026,17,"PROJECAO_REP"
30751,12,2026,19,"PROJECAO_REP"
30752,12,2026,16,"PROJECAO_REP"
30893,12,2026,23,"PROJECAO_REP"
30894,12,2026,17,"PROJECAO_REP"
30895,12,2026,17,"PROJECAO_REP"
30896,12,2026,15,"PROJECAO_REP"
30901,12,2026,83,"PROJECAO_REP"
30902,12,2026,87,"PROJECAO_REP"
30903,12,2026,76,"PROJECAO_REP"
30904,12,2026,48,"PROJECAO_REP"
30906,12,2026,36,"PROJECAO_REP"
30907,12,2026,50,"PROJECAO_REP"
30908,12,2026,37,"PROJECAO_REP"
30909,12,2026,30,"PROJECAO_REP"
30945,12,2026,7,"PROJECAO_REP"
30946,12,2026,9,"PROJECAO_REP"
30947,12,2026,10,"PROJECAO_REP"
30948,12,2026,5,"PROJECAO_REP"
31047,12,2026,17,"PROJECAO_REP"
31049,12,2026,24,"PROJECAO_REP"
31050,12,2026,39,"PROJECAO_REP"
31068,12,2026,120,"PROJECAO_REP"
31069,12,2026,34,"PROJECAO_REP"
31070,12,2026,70,"PROJECAO_REP"
31072,12,2026,77,"PROJECAO_REP"
31093,12,2026,23,"PROJECAO_REP"
31094,12,2026,31,"PROJECAO_REP"
31095,12,2026,23,"PROJECAO_REP"
31096,12,2026,10,"PROJECAO_REP"
31097,12,2026,10,"PROJECAO_REP"
31101,12,2026,28,"PROJECAO_REP"
31108,12,2026,55,"PROJECAO_REP"
31109,12,2026,46,"PROJECAO_REP"
31110,12,2026,53,"PROJECAO_REP"
31111,12,2026,46,"PROJECAO_REP"
31112,12,2026,29,"PROJECAO_REP"
31351,12,2026,52,"PROJECAO_REP"
31353,12,2026,39,"PROJECAO_REP"
31359,12,2026,28,"PROJECAO_REP"
31361,12,2026,63,"PROJECAO_REP"
31368,12,2026,14,"PROJECAO_REP"
31375,12,2026,25,"PROJECAO_REP"
31376,12,2026,20,"PROJECAO_REP"
31379,12,2026,31,"PROJECAO_REP"
31380,12,2026,62,"PROJECAO_REP"
31381,12,2026,44,"PROJECAO_REP"
31389,12,2026,26,"PROJECAO_REP"
31963,12,2026,240,"PROJECAO_REP"
31965,12,2026,16,"PROJECAO_REP"
31966,12,2026,19,"PROJECAO_REP"
31967,12,2026,15,"PROJECAO_REP"
31968,12,2026,8,"PROJECAO_REP"
31969,12,2026,14,"PROJECAO_REP"
31970,12,2026,18,"PROJECAO_REP"
31971,12,2026,13,"PROJECAO_REP"
31972,12,2026,3,"PROJECAO_REP"
31973,12,2026,134,"PROJECAO_REP"
31974,12,2026,140,"PROJECAO_REP"
31975,12,2026,114,"PROJECAO_REP"
31976,12,2026,77,"PROJECAO_REP"
31977,12,2026,26,"PROJECAO_REP"
31978,12,2026,28,"PROJECAO_REP"
31979,12,2026,27,"PROJECAO_REP"
31980,12,2026,15,"PROJECAO_REP"
31985,12,2026,21,"PROJECAO_REP"
31987,12,2026,10,"PROJECAO_REP"
31988,12,2026,36,"PROJECAO_REP"
31989,12,2026,25,"PROJECAO_REP"
31990,12,2026,14,"PROJECAO_REP"
31995,12,2026,259,"PROJECAO_REP"
31997,12,2026,18,"PROJECAO_REP"
31999,12,2026,7,"PROJECAO_REP"
32000,12,2026,8,"PROJECAO_REP"
32001,12,2026,8,"PROJECAO_REP"
32002,12,2026,4,"PROJECAO_REP"
32003,12,2026,17,"PROJECAO_REP"
32004,12,2026,20,"PROJECAO_REP"
32005,12,2026,28,"PROJECAO_REP"
32006,12,2026,24,"PROJECAO_REP"
32012,12,2026,8,"PROJECAO_REP"
32013,12,2026,8,"PROJECAO_REP"
32014,12,2026,10,"PROJECAO_REP"
32057,12,2026,35,"PROJECAO_REP"
32058,12,2026,35,"PROJECAO_REP"
32059,12,2026,27,"PROJECAO_REP"
32077,12,2026,33,"PROJECAO_REP"
32078,12,2026,43,"PROJECAO_REP"
32079,12,2026,29,"PROJECAO_REP"
32164,12,2026,23,"PROJECAO_REP"
32165,12,2026,19,"PROJECAO_REP"
32166,12,2026,14,"PROJECAO_REP"
32170,12,2026,16,"PROJECAO_REP"
32171,12,2026,14,"PROJECAO_REP"
32172,12,2026,8,"PROJECAO_REP"
32261,12,2026,23,"PROJECAO_REP"
32306,12,2026,71,"PROJECAO_REP"
32307,12,2026,144,"PROJECAO_REP"
32308,12,2026,107,"PROJECAO_REP"
32309,12,2026,42,"PROJECAO_REP"
32310,12,2026,34,"PROJECAO_REP"
32311,12,2026,71,"PROJECAO_REP"
32312,12,2026,55,"PROJECAO_REP"
32313,12,2026,19,"PROJECAO_REP"
32314,12,2026,41,"PROJECAO_REP"
32315,12,2026,73,"PROJECAO_REP"
32316,12,2026,68,"PROJECAO_REP"
32317,12,2026,20,"PROJECAO_REP"
32318,12,2026,76,"PROJECAO_REP"
32319,12,2026,161,"PROJECAO_REP"
32320,12,2026,133,"PROJECAO_REP"
32321,12,2026,48,"PROJECAO_REP"
32344,12,2026,22,"PROJECAO_REP"
32345,12,2026,27,"PROJECAO_REP"
32346,12,2026,22,"PROJECAO_REP"
32347,12,2026,14,"PROJECAO_REP"
32353,12,2026,4,"PROJECAO_REP"
32354,12,2026,8,"PROJECAO_REP"
32355,12,2026,6,"PROJECAO_REP"
32356,12,2026,5,"PROJECAO_REP"
32565,12,2026,81,"PROJECAO_REP"
32566,12,2026,218,"PROJECAO_REP"
32567,12,2026,302,"PROJECAO_REP"
32568,12,2026,212,"PROJECAO_REP"
32569,12,2026,141,"PROJECAO_REP"
32575,12,2026,51,"PROJECAO_REP"
32576,12,2026,130,"PROJECAO_REP"
32577,12,2026,147,"PROJECAO_REP"
32578,12,2026,107,"PROJECAO_REP"
32579,12,2026,60,"PROJECAO_REP"
32580,12,2026,167,"PROJECAO_REP"
32581,12,2026,336,"PROJECAO_REP"
32582,12,2026,409,"PROJECAO_REP"
32583,12,2026,291,"PROJECAO_REP"
32584,12,2026,177,"PROJECAO_REP"
32595,12,2026,32,"PROJECAO_REP"
32596,12,2026,71,"PROJECAO_REP"
32597,12,2026,75,"PROJECAO_REP"
32598,12,2026,60,"PROJECAO_REP"
32599,12,2026,40,"PROJECAO_REP"
32618,12,2026,19,"PROJECAO_REP"
32619,12,2026,18,"PROJECAO_REP"
32620,12,2026,30,"PROJECAO_REP"
32622,12,2026,26,"PROJECAO_REP"
32624,12,2026,19,"PROJECAO_REP"
32625,12,2026,20,"PROJECAO_REP"
32901,12,2026,64,"PROJECAO_REP"
32902,12,2026,105,"PROJECAO_REP"
32903,12,2026,91,"PROJECAO_REP"
32904,12,2026,47,"PROJECAO_REP"
32905,12,2026,58,"PROJECAO_REP"
32906,12,2026,91,"PROJECAO_REP"
32907,12,2026,81,"PROJECAO_REP"
32908,12,2026,38,"PROJECAO_REP"
33102,12,2026,21,"PROJECAO_REP"
33103,12,2026,29,"PROJECAO_REP"
33104,12,2026,23,"PROJECAO_REP"
33114,12,2026,17,"PROJECAO_REP"
33115,12,2026,30,"PROJECAO_REP"
33116,12,2026,19,"PROJECAO_REP"
33156,12,2026,23,"PROJECAO_REP"
33157,12,2026,36,"PROJECAO_REP"
33158,12,2026,24,"PROJECAO_REP"
33159,12,2026,11,"PROJECAO_REP"
33215,12,2026,16,"PROJECAO_REP"
33216,12,2026,44,"PROJECAO_REP"
33217,12,2026,49,"PROJECAO_REP"
33218,12,2026,29,"PROJECAO_REP"
33227,12,2026,22,"PROJECAO_REP"
33228,12,2026,29,"PROJECAO_REP"
33229,12,2026,18,"PROJECAO_REP"
33230,12,2026,10,"PROJECAO_REP"
33534,12,2026,16,"PROJECAO_REP"
33535,12,2026,11,"PROJECAO_REP"
33538,12,2026,32,"PROJECAO_REP"
33539,12,2026,18,"PROJECAO_REP"
33577,12,2026,26,"PROJECAO_REP"
33578,12,2026,21,"PROJECAO_REP"
33579,12,2026,13,"PROJECAO_REP"
33628,12,2026,27,"PROJECAO_REP"
33629,12,2026,33,"PROJECAO_REP"
33630,12,2026,29,"PROJECAO_REP"
33631,12,2026,27,"PROJECAO_REP"
33632,12,2026,37,"PROJECAO_REP"
33633,12,2026,50,"PROJECAO_REP"
33634,12,2026,42,"PROJECAO_REP"
33635,12,2026,30,"PROJECAO_REP"
33719,12,2026,39,"PROJECAO_REP"
33720,12,2026,15,"PROJECAO_REP"
33740,12,2026,36,"PROJECAO_REP"
33741,12,2026,66,"PROJECAO_REP"
33742,12,2026,53,"PROJECAO_REP"
33743,12,2026,27,"PROJECAO_REP"
33930,12,2026,7,"PROJECAO_REP"
33931,12,2026,8,"PROJECAO_REP"
33932,12,2026,6,"PROJECAO_REP"
33934,12,2026,4,"PROJECAO_REP"
33935,12,2026,14,"PROJECAO_REP"
33936,12,2026,9,"PROJECAO_REP"
34028,12,2026,29,"PROJECAO_REP"
34029,12,2026,34,"PROJECAO_REP"
34030,12,2026,31,"PROJECAO_REP"
34036,12,2026,23,"PROJECAO_REP"
34037,12,2026,29,"PROJECAO_REP"
34038,12,2026,26,"PROJECAO_REP"
34039,12,2026,13,"PROJECAO_REP"
34040,12,2026,21,"PROJECAO_REP"
34041,12,2026,34,"PROJECAO_REP"
34042,12,2026,24,"PROJECAO_REP"
34043,12,2026,14,"PROJECAO_REP"
34044,12,2026,11,"PROJECAO_REP"
34045,12,2026,10,"PROJECAO_REP"
34046,12,2026,11,"PROJECAO_REP"
34074,12,2026,16,"PROJECAO_REP"
34075,12,2026,24,"PROJECAO_REP"
34076,12,2026,17,"PROJECAO_REP"
34077,12,2026,9,"PROJECAO_REP"
34078,12,2026,24,"PROJECAO_REP"
34079,12,2026,37,"PROJECAO_REP"
34080,12,2026,31,"PROJECAO_REP"
34081,12,2026,14,"PROJECAO_REP"
34082,12,2026,11,"PROJECAO_REP"
34083,12,2026,15,"PROJECAO_REP"
34084,12,2026,11,"PROJECAO_REP"
34085,12,2026,5,"PROJECAO_REP"
34124,12,2026,14,"PROJECAO_REP"
34125,12,2026,17,"PROJECAO_REP"
34126,12,2026,18,"PROJECAO_REP"
34128,12,2026,5,"PROJECAO_REP"
34129,12,2026,8,"PROJECAO_REP"
34130,12,2026,9,"PROJECAO_REP"
34132,12,2026,6,"PROJECAO_REP"
34133,12,2026,9,"PROJECAO_REP"
34134,12,2026,8,"PROJECAO_REP"
34136,12,2026,13,"PROJECAO_REP"
34137,12,2026,16,"PROJECAO_REP"
34138,12,2026,17,"PROJECAO_REP"
34140,12,2026,19,"PROJECAO_REP"
34141,12,2026,19,"PROJECAO_REP"
34142,12,2026,19,"PROJECAO_REP"
34143,12,2026,15,"PROJECAO_REP"
34147,12,2026,122,"PROJECAO_REP"
34148,12,2026,78,"PROJECAO_REP"
34149,12,2026,26,"PROJECAO_REP"
34159,12,2026,19,"PROJECAO_REP"
34160,12,2026,15,"PROJECAO_REP"
34161,12,2026,11,"PROJECAO_REP"
34163,12,2026,11,"PROJECAO_REP"
34164,12,2026,11,"PROJECAO_REP"
34165,12,2026,6,"PROJECAO_REP"
34167,12,2026,11,"PROJECAO_REP"
34168,12,2026,7,"PROJECAO_REP"
34169,12,2026,5,"PROJECAO_REP"
34171,12,2026,31,"PROJECAO_REP"
34172,12,2026,18,"PROJECAO_REP"
34173,12,2026,14,"PROJECAO_REP"
34280,12,2026,144,"PROJECAO_REP"
34281,12,2026,234,"PROJECAO_REP"
34282,12,2026,143,"PROJECAO_REP"
34283,12,2026,55,"PROJECAO_REP"
34284,12,2026,111,"PROJECAO_REP"
34285,12,2026,135,"PROJECAO_REP"
34286,12,2026,70,"PROJECAO_REP"
34337,12,2026,29,"PROJECAO_REP"
34338,12,2026,48,"PROJECAO_REP"
34339,12,2026,51,"PROJECAO_REP"
34340,12,2026,35,"PROJECAO_REP"
34343,12,2026,11,"PROJECAO_REP"
34397,12,2026,23,"PROJECAO_REP"
34398,12,2026,33,"PROJECAO_REP"
34399,12,2026,26,"PROJECAO_REP"
34400,12,2026,24,"PROJECAO_REP"
34402,12,2026,16,"PROJECAO_REP"
34403,12,2026,21,"PROJECAO_REP"
34404,12,2026,16,"PROJECAO_REP"
34405,12,2026,17,"PROJECAO_REP"
34407,12,2026,12,"PROJECAO_REP"
34408,12,2026,17,"PROJECAO_REP"
34409,12,2026,16,"PROJECAO_REP"
34410,12,2026,13,"PROJECAO_REP"
34412,12,2026,34,"PROJECAO_REP"
34413,12,2026,35,"PROJECAO_REP"
34414,12,2026,32,"PROJECAO_REP"
34415,12,2026,26,"PROJECAO_REP"
34417,12,2026,10,"PROJECAO_REP"
34418,12,2026,14,"PROJECAO_REP"
34419,12,2026,10,"PROJECAO_REP"
34420,12,2026,10,"PROJECAO_REP"
34422,12,2026,14,"PROJECAO_REP"
34423,12,2026,16,"PROJECAO_REP"
34424,12,2026,12,"PROJECAO_REP"
34425,12,2026,10,"PROJECAO_REP"
34459,12,2026,34,"PROJECAO_REP"
34460,12,2026,49,"PROJECAO_REP"
34461,12,2026,46,"PROJECAO_REP"
34462,12,2026,24,"PROJECAO_REP"
34463,12,2026,19,"PROJECAO_REP"
34464,12,2026,31,"PROJECAO_REP"
34465,12,2026,23,"PROJECAO_REP"
34466,12,2026,16,"PROJECAO_REP"
34467,12,2026,15,"PROJECAO_REP"
34468,12,2026,21,"PROJECAO_REP"
34469,12,2026,20,"PROJECAO_REP"
34470,12,2026,10,"PROJECAO_REP"
34691,12,2026,23,"PROJECAO_REP"
34692,12,2026,20,"PROJECAO_REP"
34693,12,2026,11,"PROJECAO_REP"
34699,12,2026,12,"PROJECAO_REP"
34700,12,2026,26,"PROJECAO_REP"
34701,12,2026,22,"PROJECAO_REP"
34702,12,2026,16,"PROJECAO_REP"
34703,12,2026,9,"PROJECAO_REP"
34705,12,2026,17,"PROJECAO_REP"
34706,12,2026,17,"PROJECAO_REP"
34707,12,2026,14,"PROJECAO_REP"
34710,12,2026,32,"PROJECAO_REP"
34711,12,2026,34,"PROJECAO_REP"
34712,12,2026,24,"PROJECAO_REP"
34723,12,2026,35,"PROJECAO_REP"
34724,12,2026,37,"PROJECAO_REP"
34725,12,2026,29,"PROJECAO_REP"
34734,12,2026,2,"PROJECAO_REP"
34735,12,2026,5,"PROJECAO_REP"
34736,12,2026,4,"PROJECAO_REP"
34737,12,2026,11,"PROJECAO_REP"
34738,12,2026,9,"PROJECAO_REP"
34739,12,2026,11,"PROJECAO_REP"
34740,12,2026,7,"PROJECAO_REP"
34773,12,2026,104,"PROJECAO_REP"
34774,12,2026,153,"PROJECAO_REP"
34775,12,2026,102,"PROJECAO_REP"
34776,12,2026,64,"PROJECAO_REP"
34777,12,2026,92,"PROJECAO_REP"
34778,12,2026,57,"PROJECAO_REP"
34782,12,2026,87,"PROJECAO_REP"
34783,12,2026,125,"PROJECAO_REP"
34784,12,2026,85,"PROJECAO_REP"
34810,12,2026,67,"PROJECAO_REP"
34811,12,2026,84,"PROJECAO_REP"
34812,12,2026,59,"PROJECAO_REP"
34813,12,2026,29,"PROJECAO_REP"
34814,12,2026,37,"PROJECAO_REP"
34815,12,2026,26,"PROJECAO_REP"
34819,12,2026,22,"PROJECAO_REP"
34820,12,2026,28,"PROJECAO_REP"
34821,12,2026,20,"PROJECAO_REP"
34828,12,2026,38,"PROJECAO_REP"
34829,12,2026,57,"PROJECAO_REP"
34830,12,2026,46,"PROJECAO_REP"
34831,12,2026,24,"PROJECAO_REP"
34832,12,2026,28,"PROJECAO_REP"
34833,12,2026,36,"PROJECAO_REP"
34834,12,2026,26,"PROJECAO_REP"
34835,12,2026,15,"PROJECAO_REP"
34840,12,2026,25,"PROJECAO_REP"
34841,12,2026,39,"PROJECAO_REP"
34842,12,2026,26,"PROJECAO_REP"
34843,12,2026,15,"PROJECAO_REP"
35019,12,2026,37,"PROJECAO_REP"
35020,12,2026,48,"PROJECAO_REP"
35021,12,2026,35,"PROJECAO_REP"
35022,12,2026,43,"PROJECAO_REP"
35023,12,2026,53,"PROJECAO_REP"
35024,12,2026,40,"PROJECAO_REP"
35028,12,2026,31,"PROJECAO_REP"
35029,12,2026,40,"PROJECAO_REP"
35030,12,2026,28,"PROJECAO_REP"
35204,12,2026,105,"PROJECAO_REP"
35205,12,2026,149,"PROJECAO_REP"
35206,12,2026,93,"PROJECAO_REP"
35208,12,2026,156,"PROJECAO_REP"
35209,12,2026,184,"PROJECAO_REP"
35210,12,2026,115,"PROJECAO_REP"
35212,12,2026,50,"PROJECAO_REP"
35213,12,2026,68,"PROJECAO_REP"
35214,12,2026,42,"PROJECAO_REP"
35215,12,2026,18,"PROJECAO_REP"
35220,12,2026,142,"PROJECAO_REP"
35221,12,2026,248,"PROJECAO_REP"
35222,12,2026,154,"PROJECAO_REP"
35223,12,2026,51,"PROJECAO_REP"
35224,12,2026,178,"PROJECAO_REP"
35225,12,2026,295,"PROJECAO_REP"
35226,12,2026,204,"PROJECAO_REP"
35227,12,2026,79,"PROJECAO_REP"
35228,12,2026,59,"PROJECAO_REP"
35229,12,2026,86,"PROJECAO_REP"
35230,12,2026,70,"PROJECAO_REP"
35231,12,2026,34,"PROJECAO_REP"
35232,12,2026,26,"PROJECAO_REP"
35233,12,2026,41,"PROJECAO_REP"
35234,12,2026,34,"PROJECAO_REP"
35235,12,2026,15,"PROJECAO_REP"
35236,12,2026,38,"PROJECAO_REP"
35237,12,2026,64,"PROJECAO_REP"
35238,12,2026,57,"PROJECAO_REP"
35239,12,2026,29,"PROJECAO_REP"
35244,12,2026,29,"PROJECAO_REP"
35245,12,2026,43,"PROJECAO_REP"
35246,12,2026,38,"PROJECAO_REP"
35247,12,2026,20,"PROJECAO_REP"
35252,12,2026,37,"PROJECAO_REP"
35253,12,2026,94,"PROJECAO_REP"
35254,12,2026,107,"PROJECAO_REP"
35255,12,2026,85,"PROJECAO_REP"
35256,12,2026,46,"PROJECAO_REP"
35257,12,2026,112,"PROJECAO_REP"
35258,12,2026,147,"PROJECAO_REP"
35259,12,2026,107,"PROJECAO_REP"
35260,12,2026,25,"PROJECAO_REP"
35261,12,2026,48,"PROJECAO_REP"
35262,12,2026,50,"PROJECAO_REP"
35263,12,2026,40,"PROJECAO_REP"
35268,12,2026,58,"PROJECAO_REP"
35269,12,2026,152,"PROJECAO_REP"
35270,12,2026,180,"PROJECAO_REP"
35271,12,2026,143,"PROJECAO_REP"
35272,12,2026,25,"PROJECAO_REP"
35273,12,2026,51,"PROJECAO_REP"
35274,12,2026,58,"PROJECAO_REP"
35275,12,2026,49,"PROJECAO_REP"
35276,12,2026,46,"PROJECAO_REP"
35277,12,2026,107,"PROJECAO_REP"
35278,12,2026,113,"PROJECAO_REP"
35279,12,2026,84,"PROJECAO_REP"
35285,12,2026,66,"PROJECAO_REP"
35286,12,2026,136,"PROJECAO_REP"
35287,12,2026,143,"PROJECAO_REP"
35288,12,2026,81,"PROJECAO_REP"
35290,12,2026,101,"PROJECAO_REP"
35291,12,2026,169,"PROJECAO_REP"
35292,12,2026,176,"PROJECAO_REP"
35293,12,2026,112,"PROJECAO_REP"
35295,12,2026,36,"PROJECAO_REP"
35296,12,2026,56,"PROJECAO_REP"
35297,12,2026,54,"PROJECAO_REP"
35298,12,2026,33,"PROJECAO_REP"
35305,12,2026,71,"PROJECAO_REP"
35306,12,2026,143,"PROJECAO_REP"
35307,12,2026,169,"PROJECAO_REP"
35308,12,2026,148,"PROJECAO_REP"
35309,12,2026,97,"PROJECAO_REP"
35310,12,2026,28,"PROJECAO_REP"
35311,12,2026,46,"PROJECAO_REP"
35312,12,2026,52,"PROJECAO_REP"
35313,12,2026,41,"PROJECAO_REP"
35314,12,2026,28,"PROJECAO_REP"
35315,12,2026,33,"PROJECAO_REP"
35316,12,2026,71,"PROJECAO_REP"
35317,12,2026,83,"PROJECAO_REP"
35318,12,2026,73,"PROJECAO_REP"
35319,12,2026,50,"PROJECAO_REP"
35324,12,2026,47,"PROJECAO_REP"
35325,12,2026,74,"PROJECAO_REP"
35326,12,2026,54,"PROJECAO_REP"
35327,12,2026,21,"PROJECAO_REP"
35328,12,2026,160,"PROJECAO_REP"
35329,12,2026,264,"PROJECAO_REP"
35330,12,2026,190,"PROJECAO_REP"
35331,12,2026,79,"PROJECAO_REP"
35332,12,2026,128,"PROJECAO_REP"
35333,12,2026,240,"PROJECAO_REP"
35334,12,2026,136,"PROJECAO_REP"
35335,12,2026,38,"PROJECAO_REP"
35336,12,2026,52,"PROJECAO_REP"
35337,12,2026,125,"PROJECAO_REP"
35338,12,2026,133,"PROJECAO_REP"
35339,12,2026,89,"PROJECAO_REP"
35340,12,2026,144,"PROJECAO_REP"
35341,12,2026,440,"PROJECAO_REP"
35342,12,2026,458,"PROJECAO_REP"
35343,12,2026,316,"PROJECAO_REP"
35348,12,2026,159,"PROJECAO_REP"
35349,12,2026,519,"PROJECAO_REP"
35350,12,2026,489,"PROJECAO_REP"
35351,12,2026,302,"PROJECAO_REP"
35352,12,2026,101,"PROJECAO_REP"
35353,12,2026,250,"PROJECAO_REP"
35354,12,2026,207,"PROJECAO_REP"
35355,12,2026,119,"PROJECAO_REP"
35356,12,2026,63,"PROJECAO_REP"
35357,12,2026,98,"PROJECAO_REP"
35358,12,2026,91,"PROJECAO_REP"
35359,12,2026,57,"PROJECAO_REP"
35360,12,2026,127,"PROJECAO_REP"
35361,12,2026,263,"PROJECAO_REP"
35362,12,2026,266,"PROJECAO_REP"
35363,12,2026,158,"PROJECAO_REP"
35368,12,2026,40,"PROJECAO_REP"
35369,12,2026,56,"PROJECAO_REP"
35370,12,2026,42,"PROJECAO_REP"
35371,12,2026,15,"PROJECAO_REP"
35376,12,2026,109,"PROJECAO_REP"
35377,12,2026,180,"PROJECAO_REP"
35378,12,2026,122,"PROJECAO_REP"
35379,12,2026,37,"PROJECAO_REP"
35380,12,2026,90,"PROJECAO_REP"
35381,12,2026,154,"PROJECAO_REP"
35382,12,2026,90,"PROJECAO_REP"
35383,12,2026,30,"PROJECAO_REP"
35384,12,2026,30,"PROJECAO_REP"
35385,12,2026,46,"PROJECAO_REP"
35386,12,2026,43,"PROJECAO_REP"
35387,12,2026,26,"PROJECAO_REP"
35392,12,2026,99,"PROJECAO_REP"
35393,12,2026,215,"PROJECAO_REP"
35394,12,2026,177,"PROJECAO_REP"
35395,12,2026,86,"PROJECAO_REP"
35396,12,2026,89,"PROJECAO_REP"
35397,12,2026,191,"PROJECAO_REP"
35398,12,2026,155,"PROJECAO_REP"
35399,12,2026,66,"PROJECAO_REP"
35428,12,2026,46,"PROJECAO_REP"
35429,12,2026,83,"PROJECAO_REP"
35430,12,2026,54,"PROJECAO_REP"
35431,12,2026,19,"PROJECAO_REP"
35436,12,2026,71,"PROJECAO_REP"
35437,12,2026,131,"PROJECAO_REP"
35438,12,2026,94,"PROJECAO_REP"
35439,12,2026,37,"PROJECAO_REP"
35440,12,2026,43,"PROJECAO_REP"
35441,12,2026,67,"PROJECAO_REP"
35442,12,2026,54,"PROJECAO_REP"
35443,12,2026,25,"PROJECAO_REP"
35471,12,2026,10,"PROJECAO_REP"
35472,12,2026,14,"PROJECAO_REP"
35473,12,2026,8,"PROJECAO_REP"
35476,12,2026,14,"PROJECAO_REP"
35477,12,2026,21,"PROJECAO_REP"
35478,12,2026,10,"PROJECAO_REP"
35481,12,2026,13,"PROJECAO_REP"
35482,12,2026,16,"PROJECAO_REP"
35486,12,2026,12,"PROJECAO_REP"
35504,12,2026,15,"PROJECAO_REP"
35505,12,2026,12,"PROJECAO_REP"
35508,12,2026,20,"PROJECAO_REP"
35509,12,2026,18,"PROJECAO_REP"
35510,12,2026,5,"PROJECAO_REP"
35512,12,2026,19,"PROJECAO_REP"
35513,12,2026,13,"PROJECAO_REP"
35515,12,2026,8,"PROJECAO_REP"
35531,12,2026,10,"PROJECAO_REP"
35532,12,2026,14,"PROJECAO_REP"
35535,12,2026,17,"PROJECAO_REP"
35536,12,2026,23,"PROJECAO_REP"
35538,12,2026,16,"PROJECAO_REP"
35539,12,2026,16,"PROJECAO_REP"
35770,12,2026,70,"PROJECAO_REP"
35771,12,2026,100,"PROJECAO_REP"
35772,12,2026,81,"PROJECAO_REP"
35774,12,2026,46,"PROJECAO_REP"
35775,12,2026,62,"PROJECAO_REP"
35776,12,2026,57,"PROJECAO_REP"
35834,12,2026,56,"PROJECAO_REP"
35835,12,2026,81,"PROJECAO_REP"
35836,12,2026,75,"PROJECAO_REP"
35837,12,2026,49,"PROJECAO_REP"
35838,12,2026,21,"PROJECAO_REP"
35839,12,2026,36,"PROJECAO_REP"
35840,12,2026,32,"PROJECAO_REP"
35841,12,2026,19,"PROJECAO_REP"
36033,12,2026,62,"PROJECAO_REP"
36034,12,2026,83,"PROJECAO_REP"
36035,12,2026,70,"PROJECAO_REP"
36036,12,2026,35,"PROJECAO_REP"
36037,12,2026,48,"PROJECAO_REP"
36038,12,2026,71,"PROJECAO_REP"
36039,12,2026,61,"PROJECAO_REP"
36040,12,2026,36,"PROJECAO_REP"
36065,12,2026,12,"PROJECAO_REP"
36066,12,2026,47,"PROJECAO_REP"
36067,12,2026,48,"PROJECAO_REP"
36068,12,2026,22,"PROJECAO_REP"
36085,12,2026,23,"PROJECAO_REP"
36086,12,2026,30,"PROJECAO_REP"
36087,12,2026,17,"PROJECAO_REP"
36129,12,2026,37,"PROJECAO_REP"
36130,12,2026,44,"PROJECAO_REP"
36131,12,2026,35,"PROJECAO_REP"
36132,12,2026,25,"PROJECAO_REP"
36141,12,2026,50,"PROJECAO_REP"
36142,12,2026,63,"PROJECAO_REP"
36143,12,2026,53,"PROJECAO_REP"
36144,12,2026,37,"PROJECAO_REP"
36587,12,2026,27,"PROJECAO_REP"
36588,12,2026,36,"PROJECAO_REP"
36589,12,2026,24,"PROJECAO_REP"
36590,12,2026,10,"PROJECAO_REP"
36595,12,2026,15,"PROJECAO_REP"
36596,12,2026,8,"PROJECAO_REP"
36597,12,2026,28,"PROJECAO_REP"
36598,12,2026,16,"PROJECAO_REP"
36599,12,2026,35,"PROJECAO_REP"
36600,12,2026,18,"PROJECAO_REP"
36601,12,2026,30,"PROJECAO_REP"
36602,12,2026,19,"PROJECAO_REP"
36603,12,2026,13,"PROJECAO_REP"
36604,12,2026,11,"PROJECAO_REP"
36605,12,2026,5,"PROJECAO_REP"
36606,12,2026,18,"PROJECAO_REP"
36607,12,2026,10,"PROJECAO_REP"
36608,12,2026,22,"PROJECAO_REP"
36609,12,2026,15,"PROJECAO_REP"
36610,12,2026,15,"PROJECAO_REP"
36611,12,2026,10,"PROJECAO_REP"
36612,12,2026,7,"PROJECAO_REP"
36613,12,2026,12,"PROJECAO_REP"
36614,12,2026,8,"PROJECAO_REP"
36615,12,2026,31,"PROJECAO_REP"
36616,12,2026,25,"PROJECAO_REP"
36617,12,2026,36,"PROJECAO_REP"
36618,12,2026,27,"PROJECAO_REP"
36619,12,2026,29,"PROJECAO_REP"
36620,12,2026,15,"PROJECAO_REP"
36621,12,2026,14,"PROJECAO_REP"
36622,12,2026,9,"PROJECAO_REP"
36623,12,2026,5,"PROJECAO_REP"
36624,12,2026,13,"PROJECAO_REP"
36625,12,2026,11,"PROJECAO_REP"
36626,12,2026,15,"PROJECAO_REP"
36627,12,2026,12,"PROJECAO_REP"
36628,12,2026,10,"PROJECAO_REP"
36629,12,2026,6,"PROJECAO_REP"
36630,12,2026,9,"PROJECAO_REP"
36632,12,2026,7,"PROJECAO_REP"
36633,12,2026,21,"PROJECAO_REP"
36634,12,2026,11,"PROJECAO_REP"
36635,12,2026,26,"PROJECAO_REP"
36636,12,2026,11,"PROJECAO_REP"
36637,12,2026,21,"PROJECAO_REP"
36638,12,2026,10,"PROJECAO_REP"
36639,12,2026,11,"PROJECAO_REP"
36640,12,2026,24,"PROJECAO_REP"
36641,12,2026,5,"PROJECAO_REP"
36642,12,2026,20,"PROJECAO_REP"
36643,12,2026,16,"PROJECAO_REP"
36644,12,2026,19,"PROJECAO_REP"
36645,12,2026,7,"PROJECAO_REP"
36655,12,2026,24,"PROJECAO_REP"
36656,12,2026,24,"PROJECAO_REP"
36659,12,2026,30,"PROJECAO_REP"
36660,12,2026,31,"PROJECAO_REP"
36662,12,2026,22,"PROJECAO_REP"
36663,12,2026,26,"PROJECAO_REP"
36673,12,2026,23,"PROJECAO_REP"
36674,12,2026,35,"PROJECAO_REP"
36675,12,2026,24,"PROJECAO_REP"
36676,12,2026,11,"PROJECAO_REP"
36704,12,2026,20,"PROJECAO_REP"
36705,12,2026,32,"PROJECAO_REP"
36706,12,2026,21,"PROJECAO_REP"
36716,12,2026,22,"PROJECAO_REP"
36717,12,2026,35,"PROJECAO_REP"
36718,12,2026,27,"PROJECAO_REP"
36728,12,2026,4,"PROJECAO_REP"
36730,12,2026,14,"PROJECAO_REP"
36731,12,2026,16,"PROJECAO_REP"
36732,12,2026,11,"PROJECAO_REP"
36734,12,2026,20,"PROJECAO_REP"
36735,12,2026,26,"PROJECAO_REP"
36736,12,2026,9,"PROJECAO_REP"
36738,12,2026,15,"PROJECAO_REP"
36739,12,2026,23,"PROJECAO_REP"
36740,12,2026,7,"PROJECAO_REP"
36741,12,2026,14,"PROJECAO_REP"
36764,12,2026,28,"PROJECAO_REP"
36767,12,2026,8,"PROJECAO_REP"
36768,12,2026,7,"PROJECAO_REP"
36769,12,2026,15,"PROJECAO_REP"
36779,12,2026,2,"PROJECAO_REP"
36922,12,2026,41,"PROJECAO_REP"
36923,12,2026,33,"PROJECAO_REP"
36924,12,2026,27,"PROJECAO_REP"
36946,12,2026,13,"PROJECAO_REP"
36947,12,2026,17,"PROJECAO_REP"
36948,12,2026,12,"PROJECAO_REP"
36949,12,2026,8,"PROJECAO_REP"
37141,12,2026,5,"PROJECAO_REP"
37142,12,2026,8,"PROJECAO_REP"
37143,12,2026,8,"PROJECAO_REP"
37144,12,2026,2,"PROJECAO_REP"
37145,12,2026,7,"PROJECAO_REP"
37146,12,2026,13,"PROJECAO_REP"
37147,12,2026,13,"PROJECAO_REP"
37148,12,2026,6,"PROJECAO_REP"
37157,12,2026,4,"PROJECAO_REP"
37158,12,2026,5,"PROJECAO_REP"
37159,12,2026,6,"PROJECAO_REP"
37160,12,2026,2,"PROJECAO_REP"
38014,12,2026,11,"PROJECAO_REP"
38015,12,2026,28,"PROJECAO_REP"
38016,12,2026,13,"PROJECAO_REP"
38017,12,2026,31,"PROJECAO_REP"
38018,12,2026,14,"PROJECAO_REP"
38019,12,2026,24,"PROJECAO_REP"
38020,12,2026,13,"PROJECAO_REP"
38021,12,2026,9,"PROJECAO_REP"
38022,12,2026,9,"PROJECAO_REP"
38023,12,2026,25,"PROJECAO_REP"
38024,12,2026,15,"PROJECAO_REP"
38025,12,2026,27,"PROJECAO_REP"
38026,12,2026,16,"PROJECAO_REP"
38027,12,2026,22,"PROJECAO_REP"
38028,12,2026,12,"PROJECAO_REP"
38029,12,2026,13,"PROJECAO_REP"
38030,12,2026,16,"PROJECAO_REP"
38031,12,2026,8,"PROJECAO_REP"
38032,12,2026,36,"PROJECAO_REP"
38033,12,2026,17,"PROJECAO_REP"
38034,12,2026,38,"PROJECAO_REP"
38035,12,2026,20,"PROJECAO_REP"
38036,12,2026,32,"PROJECAO_REP"
38037,12,2026,16,"PROJECAO_REP"
38038,12,2026,15,"PROJECAO_REP"
38433,12,2026,11,"PROJECAO_REP"
38434,12,2026,14,"PROJECAO_REP"
38435,12,2026,14,"PROJECAO_REP"
38436,12,2026,10,"PROJECAO_REP"
38437,12,2026,17,"PROJECAO_REP"
38438,12,2026,23,"PROJECAO_REP"
38439,12,2026,22,"PROJECAO_REP"
38440,12,2026,15,"PROJECAO_REP"
38445,12,2026,7,"PROJECAO_REP"
38446,12,2026,9,"PROJECAO_REP"
38447,12,2026,8,"PROJECAO_REP"
38448,12,2026,6,"PROJECAO_REP"
38449,12,2026,3,"PROJECAO_REP"
38450,12,2026,5,"PROJECAO_REP"
38451,12,2026,5,"PROJECAO_REP"
38452,12,2026,3,"PROJECAO_REP"
38453,12,2026,8,"PROJECAO_REP"
38454,12,2026,11,"PROJECAO_REP"
38455,12,2026,11,"PROJECAO_REP"
38456,12,2026,8,"PROJECAO_REP"
38457,12,2026,6,"PROJECAO_REP"
38458,12,2026,9,"PROJECAO_REP"
38459,12,2026,8,"PROJECAO_REP"
38460,12,2026,6,"PROJECAO_REP"
38461,12,2026,5,"PROJECAO_REP"
38462,12,2026,5,"PROJECAO_REP"
38463,12,2026,5,"PROJECAO_REP"
38464,12,2026,4,"PROJECAO_REP"
38465,12,2026,12,"PROJECAO_REP"
38466,12,2026,14,"PROJECAO_REP"
38467,12,2026,13,"PROJECAO_REP"
38468,12,2026,10,"PROJECAO_REP"
38469,12,2026,12,"PROJECAO_REP"
38470,12,2026,14,"PROJECAO_REP"
38471,12,2026,13,"PROJECAO_REP"
38472,12,2026,10,"PROJECAO_REP"
38477,12,2026,11,"PROJECAO_REP"
38478,12,2026,13,"PROJECAO_REP"
38479,12,2026,12,"PROJECAO_REP"
38480,12,2026,8,"PROJECAO_REP"
38527,12,2026,1,"PROJECAO_REP"
38528,12,2026,1,"PROJECAO_REP"
38529,12,2026,1,"PROJECAO_REP"
38531,12,2026,1,"PROJECAO_REP"
38532,12,2026,1,"PROJECAO_REP"
38533,12,2026,1,"PROJECAO_REP"
38557,12,2026,4,"PROJECAO_REP"
38558,12,2026,3,"PROJECAO_REP"
38559,12,2026,3,"PROJECAO_REP"
38562,12,2026,2,"PROJECAO_REP"
38563,12,2026,2,"PROJECAO_REP"
38564,12,2026,1,"PROJECAO_REP"
38572,12,2026,1,"PROJECAO_REP"
38585,12,2026,1,"PROJECAO_REP"
38609,12,2026,2,"PROJECAO_REP"
38610,12,2026,3,"PROJECAO_REP"
38611,12,2026,4,"PROJECAO_REP"
38647,12,2026,3,"PROJECAO_REP"
38648,12,2026,6,"PROJECAO_REP"
38649,12,2026,4,"PROJECAO_REP"
38650,12,2026,3,"PROJECAO_REP"
38651,12,2026,6,"PROJECAO_REP"
38652,12,2026,9,"PROJECAO_REP"
38653,12,2026,9,"PROJECAO_REP"
38654,12,2026,5,"PROJECAO_REP"
38669,12,2026,1,"PROJECAO_REP"
38670,12,2026,4,"PROJECAO_REP"
38671,12,2026,3,"PROJECAO_REP"
38672,12,2026,3,"PROJECAO_REP"
38673,12,2026,2,"PROJECAO_REP"
38674,12,2026,6,"PROJECAO_REP"
38675,12,2026,5,"PROJECAO_REP"
38676,12,2026,5,"PROJECAO_REP"
38677,12,2026,1,"PROJECAO_REP"
38678,12,2026,2,"PROJECAO_REP"
38679,12,2026,2,"PROJECAO_REP"
38681,12,2026,1,"PROJECAO_REP"
38682,12,2026,2,"PROJECAO_REP"
38683,12,2026,2,"PROJECAO_REP"
39020,12,2026,2,"PROJECAO_REP"
39021,12,2026,1,"PROJECAO_REP"
39024,12,2026,1,"PROJECAO_REP"
39191,12,2026,2,"PROJECAO_REP"
39192,12,2026,2,"PROJECAO_REP"
39193,12,2026,1,"PROJECAO_REP"
39194,12,2026,1,"PROJECAO_REP"
39195,12,2026,1,"PROJECAO_REP"
39196,12,2026,1,"PROJECAO_REP"
4023,12,2026,36,"PROJECAO_REP"
4024,12,2026,68,"PROJECAO_REP"
4025,12,2026,57,"PROJECAO_REP"
4026,12,2026,72,"PROJECAO_REP"
4027,12,2026,118,"PROJECAO_REP"
4028,12,2026,100,"PROJECAO_REP"
4124,12,2026,220,"PROJECAO_REP"
4125,12,2026,334,"PROJECAO_REP"
4126,12,2026,318,"PROJECAO_REP"
4127,12,2026,188,"PROJECAO_REP"
4128,12,2026,270,"PROJECAO_REP"
4129,12,2026,469,"PROJECAO_REP"
4130,12,2026,343,"PROJECAO_REP"
4131,12,2026,195,"PROJECAO_REP"
4138,12,2026,120,"PROJECAO_REP"
4139,12,2026,217,"PROJECAO_REP"
4140,12,2026,208,"PROJECAO_REP"
4141,12,2026,108,"PROJECAO_REP"
5851,12,2026,179,"PROJECAO_REP"
5852,12,2026,302,"PROJECAO_REP"
5853,12,2026,238,"PROJECAO_REP"
5854,12,2026,46,"PROJECAO_REP"
5855,12,2026,66,"PROJECAO_REP"
5856,12,2026,68,"PROJECAO_REP"
6348,12,2026,38,"PROJECAO_REP"
6349,12,2026,30,"PROJECAO_REP"
6350,12,2026,1,"PROJECAO_REP"
6399,12,2026,1,"PROJECAO_REP"
6401,12,2026,8,"PROJECAO_REP"
6402,12,2026,15,"PROJECAO_REP"
6442,12,2026,246,"PROJECAO_REP"
6443,12,2026,959,"PROJECAO_REP"
6444,12,2026,980,"PROJECAO_REP"
6445,12,2026,511,"PROJECAO_REP"
6474,12,2026,225,"PROJECAO_REP"
6475,12,2026,719,"PROJECAO_REP"
6476,12,2026,800,"PROJECAO_REP"
6477,12,2026,439,"PROJECAO_REP"
6499,12,2026,154,"PROJECAO_REP"
6500,12,2026,643,"PROJECAO_REP"
6501,12,2026,507,"PROJECAO_REP"
6502,12,2026,256,"PROJECAO_REP"
6708,12,2026,28,"PROJECAO_REP"
6709,12,2026,59,"PROJECAO_REP"
6710,12,2026,72,"PROJECAO_REP"
6711,12,2026,43,"PROJECAO_REP"
6712,12,2026,16,"PROJECAO_REP"
6713,12,2026,23,"PROJECAO_REP"
6714,12,2026,28,"PROJECAO_REP"
6715,12,2026,26,"PROJECAO_REP"
6734,12,2026,45,"PROJECAO_REP"
6735,12,2026,36,"PROJECAO_REP"
6736,12,2026,26,"PROJECAO_REP"
6743,12,2026,71,"PROJECAO_REP"
6744,12,2026,162,"PROJECAO_REP"
6745,12,2026,130,"PROJECAO_REP"
6746,12,2026,65,"PROJECAO_REP"
6747,12,2026,23,"PROJECAO_REP"
6762,12,2026,6,"PROJECAO_REP"
6763,12,2026,20,"PROJECAO_REP"
6764,12,2026,18,"PROJECAO_REP"
6765,12,2026,12,"PROJECAO_REP"
6766,12,2026,11,"PROJECAO_REP"
6767,12,2026,43,"PROJECAO_REP"
6768,12,2026,42,"PROJECAO_REP"
6769,12,2026,33,"PROJECAO_REP"
6823,12,2026,110,"PROJECAO_REP"
6824,12,2026,115,"PROJECAO_REP"
6825,12,2026,76,"PROJECAO_REP"
6827,12,2026,49,"PROJECAO_REP"
6828,12,2026,59,"PROJECAO_REP"
6829,12,2026,43,"PROJECAO_REP"
6869,12,2026,222,"PROJECAO_REP"
6870,12,2026,596,"PROJECAO_REP"
6871,12,2026,516,"PROJECAO_REP"
6872,12,2026,313,"PROJECAO_REP"
6873,12,2026,46,"PROJECAO_REP"
6874,12,2026,81,"PROJECAO_REP"
6875,12,2026,89,"PROJECAO_REP"
6876,12,2026,56,"PROJECAO_REP"
7024,12,2026,36,"PROJECAO_REP"
7025,12,2026,94,"PROJECAO_REP"
7026,12,2026,97,"PROJECAO_REP"
7027,12,2026,51,"PROJECAO_REP"
7032,12,2026,14,"PROJECAO_REP"
7033,12,2026,40,"PROJECAO_REP"
7034,12,2026,50,"PROJECAO_REP"
7035,12,2026,24,"PROJECAO_REP"
7108,12,2026,70,"PROJECAO_REP"
7109,12,2026,139,"PROJECAO_REP"
7110,12,2026,120,"PROJECAO_REP"
7111,12,2026,72,"PROJECAO_REP"
8053,12,2026,127,"PROJECAO_REP"
8054,12,2026,323,"PROJECAO_REP"
8055,12,2026,380,"PROJECAO_REP"
8056,12,2026,248,"PROJECAO_REP"
8057,12,2026,80,"PROJECAO_REP"
8058,12,2026,181,"PROJECAO_REP"
8059,12,2026,243,"PROJECAO_REP"
8060,12,2026,166,"PROJECAO_REP"
8064,12,2026,63,"PROJECAO_REP"
8065,12,2026,152,"PROJECAO_REP"
8066,12,2026,180,"PROJECAO_REP"
8067,12,2026,131,"PROJECAO_REP"
8947,12,2026,30,"PROJECAO_REP"
8948,12,2026,74,"PROJECAO_REP"
8949,12,2026,73,"PROJECAO_REP"
8950,12,2026,51,"PROJECAO_REP"
9066,12,2026,39,"PROJECAO_REP"
9067,12,2026,57,"PROJECAO_REP"
9068,12,2026,49,"PROJECAO_REP"
9069,12,2026,37,"PROJECAO_REP"
9070,12,2026,25,"PROJECAO_REP"
9071,12,2026,14,"PROJECAO_REP"
9072,12,2026,16,"PROJECAO_REP"
9073,12,2026,14,"PROJECAO_REP"
9074,12,2026,10,"PROJECAO_REP"
9075,12,2026,6,"PROJECAO_REP"
9144,12,2026,33,"PROJECAO_REP"
9145,12,2026,26,"PROJECAO_REP"
9161,12,2026,77,"PROJECAO_REP"
9162,12,2026,89,"PROJECAO_REP"
9163,12,2026,70,"PROJECAO_REP"
9164,12,2026,43,"PROJECAO_REP"
9165,12,2026,34,"PROJECAO_REP"
9166,12,2026,46,"PROJECAO_REP"
9187,12,2026,37,"PROJECAO_REP"
9188,12,2026,48,"PROJECAO_REP"
9189,12,2026,44,"PROJECAO_REP"
9190,12,2026,29,"PROJECAO_REP"
9195,12,2026,26,"PROJECAO_REP"
9196,12,2026,40,"PROJECAO_REP"
9197,12,2026,32,"PROJECAO_REP"
9198,12,2026,25,"PROJECAO_REP"
9203,12,2026,32,"PROJECAO_REP"
9204,12,2026,55,"PROJECAO_REP"
9205,12,2026,48,"PROJECAO_REP"
9206,12,2026,26,"PROJECAO_REP"
9207,12,2026,54,"PROJECAO_REP"
9208,12,2026,34,"PROJECAO_REP"
9209,12,2026,15,"PROJECAO_REP"
9210,12,2026,31,"PROJECAO_REP"
9211,12,2026,35,"PROJECAO_REP"
9212,12,2026,24,"PROJECAO_REP"
9221,12,2026,29,"PROJECAO_REP"
9222,12,2026,56,"PROJECAO_REP"
9316,12,2026,26,"PROJECAO_REP"
9317,12,2026,36,"PROJECAO_REP"
9318,12,2026,26,"PROJECAO_REP"
9619,12,2026,33,"PROJECAO_REP"
9620,12,2026,34,"PROJECAO_REP"
9621,12,2026,35,"PROJECAO_REP"
9652,12,2026,23,"PROJECAO_REP"
9666,12,2026,46,"PROJECAO_REP"
9667,12,2026,91,"PROJECAO_REP"
9668,12,2026,93,"PROJECAO_REP"
9669,12,2026,77,"PROJECAO_REP"
9674,12,2026,28,"PROJECAO_REP"
9675,12,2026,75,"PROJECAO_REP"
9676,12,2026,53,"PROJECAO_REP"
9677,12,2026,34,"PROJECAO_REP"
9812,12,2026,67,"PROJECAO_REP"
9813,12,2026,77,"PROJECAO_REP"
9814,12,2026,55,"PROJECAO_REP"
9815,12,2026,24,"PROJECAO_REP"
9816,12,2026,31,"PROJECAO_REP"
9817,12,2026,25,"PROJECAO_REP"
9868,12,2026,83,"PROJECAO_REP"
9869,12,2026,154,"PROJECAO_REP"
9870,12,2026,89,"PROJECAO_REP"
9892,12,2026,157,"PROJECAO_REP"
9893,12,2026,260,"PROJECAO_REP"
9894,12,2026,192,"PROJECAO_REP"
9898,12,2026,103,"PROJECAO_REP"
9899,12,2026,170,"PROJECAO_REP"
9900,12,2026,116,"PROJECAO_REP"
9953,12,2026,25,"PROJECAO_REP"
9954,12,2026,51,"PROJECAO_REP"
9955,12,2026,53,"PROJECAO_REP"
9956,12,2026,36,"PROJECAO_REP"
9957,12,2026,65,"PROJECAO_REP"
9958,12,2026,135,"PROJECAO_REP"
9959,12,2026,139,"PROJECAO_REP"
9960,12,2026,91,"PROJECAO_REP"
9981,12,2026,46,"PROJECAO_REP"
9982,12,2026,96,"PROJECAO_REP"
9983,12,2026,103,"PROJECAO_REP"
9984,12,2026,72,"PROJECAO_REP"